1597751857.3736324,-0.008792666666666667,0.028498000000000002,316.853,180.0,180.0,180.0,226.1,226.1,226.1
time,lat,lon,hdg,rsa_0,rsa_1,rsa_2,rpm_0,rpm_1,rpm_2
1597751857.5678241,-0.008785333333333334,0.028489666666666667,317.118,180.0,180.0,180.0,226.1,226.1,226.1
time,lat,lon,hdg,rsa_0,rsa_1,rsa_2,rpm_0,rpm_1,rpm_2
1597751857.771668,-0.008778333333333332,0.028482,317.399,180.0,180.0,180.0,226.1,226.1,226.1
time,lat,lon,hdg,rsa_0,rsa_1,rsa_2,rpm_0,rpm_1,rpm_2
1597751857.873459,-0.008770833333333334,0.028473666666666668,317.532,180.0,180.0,180.0,226.1,226.1,226.1
time,lat,lon,hdg,rsa_0,rsa_1,rsa_2,rpm_0,rpm_1,rpm_2
1597751858.0656073,-0.008767333333333332,0.028469833333333337,317.794,180.0,180.0,180.0,226.1,226.1,226.1
time,lat,lon,hdg,rsa_0,rsa_1,rsa_2,rpm_0,rpm_1,rpm_2
1597751858.2689483,-0.008760166666666668,0.028462166666666667,318.069,180.0,180.0,180.0,226.1,226.1,226.1
time,lat,lon,hdg,rsa_0,rsa_1,rsa_2,rpm_0,rpm_1,rpm_2
1597751858.369469,-0.008752666666666666,0.028454,318.199,180.0,180.0,180.0,226.1,226.1,226.1
time,lat,lon,hdg,rsa_0,rsa_1,rsa_2,rpm_0,rpm_1,rpm_2
1597751858.4778543,-0.008749333333333333,0.028450333333333334,318.322,180.0,180.0,180.0,226.1,226.1,226.1
time,lat,lon,hdg,rsa_0,rsa_1,rsa_2,rpm_0,rpm_1,rpm_2
1597751858.6760674,-0.008745333333333332,0.028446166666666665,318.588,180.0,180.0,180.0,226.1,226.1,226.1
time,lat,lon,hdg,rsa_0,rsa_1,rsa_2,rpm_0,rpm_1,rpm_2
1597751858.8678377,-0.008738,0.028438333333333333,318.852,180.0,180.0,180.0,226.1,226.1,226.1
time,lat,lon,hdg,rsa_0,rsa_1,rsa_2,rpm_0,rpm_1,rpm_2
1597751858.9726174,-0.008734333333333334,0.028434666666666667,318.983,180.0,180.0,180.0,226.1,226.1,226.1
time,lat,lon,hdg,rsa_0,rsa_1,rsa_2,rpm_0,rpm_1,rpm_2
1597751859.1682546,-0.008727,0.028426833333333335,319.239,180.0,180.0,180.0,226.1,226.1,226.1
time,lat,lon,hdg,rsa_0,rsa_1,rsa_2,rpm_0,rpm_1,rpm_2
1597751859.3676713,-0.008719833333333335,0.0284195,319.493,180.0,180.0,180.0,226.1,226.1,226.1
time,lat,lon,hdg,rsa_0,rsa_1,rsa_2,rpm_0,rpm_1,rpm_2
1597751859.5686553,-0.008712500000000001,0.028412,319.745,180.0,180.0,180.0,226.1,226.1,226.1
time,lat,lon,hdg,rsa_0,rsa_1,rsa_2,rpm_0,rpm_1,rpm_2
1597751859.7685957,-0.008705,0.028404333333333334,319.999,175.75,180.0,180.0,226.1,226.1,226.1
time,lat,lon,hdg,rsa_0,rsa_1,rsa_2,rpm_0,rpm_1,rpm_2
1597751859.967962,-0.0086975,0.028396833333333333,320.261,167.0,180.0,180.0,226.1,226.1,226.1
time,lat,lon,hdg,rsa_0,rsa_1,rsa_2,rpm_0,rpm_1,rpm_2
1597751860.072077,-0.0086935,0.028392833333333332,320.397,167.0,180.0,180.0,226.1,226.1,226.1
time,lat,lon,hdg,rsa_0,rsa_1,rsa_2,rpm_0,rpm_1,rpm_2
1597751860.271262,-0.008686,0.0283855,320.681,157.75,180.0,180.0,226.1,226.1,226.1
time,lat,lon,hdg,rsa_0,rsa_1,rsa_2,rpm_0,rpm_1,rpm_2
1597751860.4708145,-0.0086785,0.028378166666666666,320.981,157.75,180.0,180.0,226.1,226.1,226.1
time,lat,lon,hdg,rsa_0,rsa_1,rsa_2,rpm_0,rpm_1,rpm_2
1597751860.5723207,-0.0086745,0.0283745,321.133,148.75,180.0,180.0,226.1,226.1,226.1
time,lat,lon,hdg,rsa_0,rsa_1,rsa_2,rpm_0,rpm_1,rpm_2
1597751860.7717698,-0.008667000000000001,0.028367166666666666,321.467,148.75,180.0,180.0,226.1,226.1,226.1
time,lat,lon,hdg,rsa_0,rsa_1,rsa_2,rpm_0,rpm_1,rpm_2
1597751860.9683857,-0.008659333333333333,0.02836,321.813,145.0,180.0,180.0,226.1,226.1,226.1
time,lat,lon,hdg,rsa_0,rsa_1,rsa_2,rpm_0,rpm_1,rpm_2
1597751861.0733972,-0.008655333333333333,0.02835633333333333,321.992,145.0,180.0,180.0,226.1,226.1,226.1
time,lat,lon,hdg,rsa_0,rsa_1,rsa_2,rpm_0,rpm_1,rpm_2
1597751861.3495739,-0.008647666666666666,0.028349333333333334,322.364,145.0,180.0,180.0,226.1,226.1,226.1
time,lat,lon,hdg,rsa_0,rsa_1,rsa_2,rpm_0,rpm_1,rpm_2
1597751861.469911,-0.00864,0.028342333333333334,322.751,145.0,180.0,180.0,226.1,226.1,226.1
time,lat,lon,hdg,rsa_0,rsa_1,rsa_2,rpm_0,rpm_1,rpm_2
1597751861.6730685,-0.008632333333333332,0.028335333333333334,323.155,145.0,180.0,180.0,226.1,226.1,226.1
time,lat,lon,hdg,rsa_0,rsa_1,rsa_2,rpm_0,rpm_1,rpm_2
1597751861.7735775,-0.008628166666666666,0.0283315,323.345,145.0,180.0,180.0,226.1,226.1,226.1
time,lat,lon,hdg,rsa_0,rsa_1,rsa_2,rpm_0,rpm_1,rpm_2
1597751861.877146,-0.0086245,0.028328333333333334,323.573,145.0,180.0,180.0,226.1,226.1,226.1
time,lat,lon,hdg,rsa_0,rsa_1,rsa_2,rpm_0,rpm_1,rpm_2
1597751862.1973615,-0.0086165,0.028321166666666668,323.988,145.0,180.0,180.0,226.1,226.1,226.1
time,lat,lon,hdg,rsa_0,rsa_1,rsa_2,rpm_0,rpm_1,rpm_2
1597751862.3679214,-0.008604833333333334,0.028310500000000002,324.677,145.0,180.0,180.0,226.1,226.1,226.1
time,lat,lon,hdg,rsa_0,rsa_1,rsa_2,rpm_0,rpm_1,rpm_2
1597751862.469006,-0.008597166666666666,0.02830383333333333,324.902,145.0,180.0,180.0,226.1,226.1,226.1
time,lat,lon,hdg,rsa_0,rsa_1,rsa_2,rpm_0,rpm_1,rpm_2
1597751862.6676333,-0.008593333333333333,0.028300333333333334,325.379,145.0,180.0,180.0,226.1,226.1,226.1
time,lat,lon,hdg,rsa_0,rsa_1,rsa_2,rpm_0,rpm_1,rpm_2
1597751862.7740636,-0.008589333333333334,0.028296833333333334,325.619,145.0,180.0,180.0,226.1,226.1,226.1
time,lat,lon,hdg,rsa_0,rsa_1,rsa_2,rpm_0,rpm_1,rpm_2
1597751862.9712515,-0.008581666666666666,0.02829,326.138,145.0,180.0,180.0,226.1,226.1,226.1
time,lat,lon,hdg,rsa_0,rsa_1,rsa_2,rpm_0,rpm_1,rpm_2
1597751863.1697948,-0.008574,0.028283333333333334,326.65,145.0,180.0,180.0,226.1,226.1,226.1
time,lat,lon,hdg,rsa_0,rsa_1,rsa_2,rpm_0,rpm_1,rpm_2
1597751863.2699485,-0.008569666666666666,0.0282795,326.907,145.0,180.0,180.0,226.1,226.1,226.1
time,lat,lon,hdg,rsa_0,rsa_1,rsa_2,rpm_0,rpm_1,rpm_2
1597751863.5117683,-0.008562166666666668,0.028272833333333334,327.421,145.0,180.0,180.0,226.1,226.1,226.1
time,lat,lon,hdg,rsa_0,rsa_1,rsa_2,rpm_0,rpm_1,rpm_2
1597751863.6705232,-0.008554166666666667,0.028266,327.989,145.0,180.0,180.0,226.1,226.1,226.1
time,lat,lon,hdg,rsa_0,rsa_1,rsa_2,rpm_0,rpm_1,rpm_2
1597751863.865522,-0.0085465,0.028259333333333334,328.529,145.0,180.0,180.0,226.1,226.1,226.1
time,lat,lon,hdg,rsa_0,rsa_1,rsa_2,rpm_0,rpm_1,rpm_2
1597751863.971922,-0.008542833333333333,0.02825616666666667,328.832,145.0,180.0,180.0,226.1,226.1,226.1
time,lat,lon,hdg,rsa_0,rsa_1,rsa_2,rpm_0,rpm_1,rpm_2
1597751864.1702724,-0.008534666666666666,0.028249333333333335,329.41,145.0,180.0,180.0,226.1,226.1,226.1
time,lat,lon,hdg,rsa_0,rsa_1,rsa_2,rpm_0,rpm_1,rpm_2
1597751864.3651175,-0.008526833333333334,0.02824283333333333,329.981,145.0,180.0,180.0,226.1,226.1,226.1
time,lat,lon,hdg,rsa_0,rsa_1,rsa_2,rpm_0,rpm_1,rpm_2
1597751864.470217,-0.008523166666666667,0.028239833333333336,330.3,145.0,180.0,180.0,226.1,226.1,226.1
time,lat,lon,hdg,rsa_0,rsa_1,rsa_2,rpm_0,rpm_1,rpm_2
1597751864.6719818,-0.008515166666666666,0.028233166666666667,330.909,145.0,180.0,180.0,226.1,226.1,226.1
time,lat,lon,hdg,rsa_0,rsa_1,rsa_2,rpm_0,rpm_1,rpm_2
1597751864.866306,-0.008506999999999999,0.028226833333333333,331.515,145.0,180.0,180.0,226.1,226.1,226.1
time,lat,lon,hdg,rsa_0,rsa_1,rsa_2,rpm_0,rpm_1,rpm_2
1597751865.0698376,-0.008499333333333333,0.02822083333333333,332.142,145.0,180.0,180.0,226.1,226.1,226.1
time,lat,lon,hdg,rsa_0,rsa_1,rsa_2,rpm_0,rpm_1,rpm_2
1597751865.4453247,-0.008491166666666666,0.0282145,332.809,145.0,180.0,180.0,226.1,226.1,226.1
time,lat,lon,hdg,rsa_0,rsa_1,rsa_2,rpm_0,rpm_1,rpm_2
1597751865.5773149,-0.008478666666666666,0.028205333333333336,333.782,145.0,180.0,180.0,226.1,226.1,226.1
time,lat,lon,hdg,rsa_0,rsa_1,rsa_2,rpm_0,rpm_1,rpm_2
1597751865.7641265,-0.008470666666666666,0.028199666666666668,334.445,145.0,180.0,180.0,226.1,226.1,226.1
time,lat,lon,hdg,rsa_0,rsa_1,rsa_2,rpm_0,rpm_1,rpm_2
1597751865.8717353,-0.0084665,0.028196666666666665,334.815,145.0,180.0,180.0,226.1,226.1,226.1
time,lat,lon,hdg,rsa_0,rsa_1,rsa_2,rpm_0,rpm_1,rpm_2
1597751866.0672202,-0.008457833333333333,0.02819083333333333,335.485,145.0,180.0,180.0,226.1,226.1,226.1
time,lat,lon,hdg,rsa_0,rsa_1,rsa_2,rpm_0,rpm_1,rpm_2
1597751866.2666147,-0.008449666666666666,0.028185333333333333,336.212,145.0,180.0,180.0,226.1,226.1,226.1
time,lat,lon,hdg,rsa_0,rsa_1,rsa_2,rpm_0,rpm_1,rpm_2
1597751866.3673782,-0.008441166666666666,0.028179666666666665,336.544,145.0,180.0,180.0,226.1,226.1,226.1
time,lat,lon,hdg,rsa_0,rsa_1,rsa_2,rpm_0,rpm_1,rpm_2
1597751866.4700146,-0.008441166666666666,0.028179666666666665,336.927,145.0,180.0,180.0,226.1,226.1,226.1
time,lat,lon,hdg,rsa_0,rsa_1,rsa_2,rpm_0,rpm_1,rpm_2
1597751866.5724921,-0.008436666666666667,0.02817683333333333,337.283,145.0,180.0,180.0,226.1,226.1,226.1
time,lat,lon,hdg,rsa_0,rsa_1,rsa_2,rpm_0,rpm_1,rpm_2
1597751866.7637968,-0.008428333333333335,0.028171666666666664,337.991,145.0,180.0,180.0,226.1,226.1,226.1
time,lat,lon,hdg,rsa_0,rsa_1,rsa_2,rpm_0,rpm_1,rpm_2
1597751866.8703556,-0.008424166666666667,0.028169,338.393,145.0,180.0,180.0,226.1,226.1,226.1
time,lat,lon,hdg,rsa_0,rsa_1,rsa_2,rpm_0,rpm_1,rpm_2
1597751866.9703984,-0.008415333333333334,0.028163666666666667,338.754,145.0,180.0,180.0,226.1,226.1,226.1
time,lat,lon,hdg,rsa_0,rsa_1,rsa_2,rpm_0,rpm_1,rpm_2
1597751867.1653397,-0.008411,0.028161166666666668,339.496,145.0,180.0,180.0,226.1,226.1,226.1
time,lat,lon,hdg,rsa_0,rsa_1,rsa_2,rpm_0,rpm_1,rpm_2
1597751867.2657077,-0.0084025,0.028156166666666666,339.878,145.0,180.0,180.0,226.1,226.1,226.1
time,lat,lon,hdg,rsa_0,rsa_1,rsa_2,rpm_0,rpm_1,rpm_2
1597751867.3657324,-0.008398166666666667,0.028153833333333333,340.256,145.0,180.0,180.0,226.1,226.1,226.1
time,lat,lon,hdg,rsa_0,rsa_1,rsa_2,rpm_0,rpm_1,rpm_2
1597751867.5702522,-0.008393833333333333,0.02815133333333333,341.065,145.0,180.0,180.0,226.1,226.1,226.1
time,lat,lon,hdg,rsa_0,rsa_1,rsa_2,rpm_0,rpm_1,rpm_2
1597751867.6702785,-0.008384833333333334,0.028146333333333332,341.452,145.0,180.0,180.0,226.1,226.1,226.1
time,lat,lon,hdg,rsa_0,rsa_1,rsa_2,rpm_0,rpm_1,rpm_2
1597751867.8645668,-0.008380666666666666,0.028144,342.219,145.0,180.0,180.0,226.1,226.1,226.1
time,lat,lon,hdg,rsa_0,rsa_1,rsa_2,rpm_0,rpm_1,rpm_2
1597751867.9722116,-0.008376333333333335,0.02814183333333333,342.653,145.0,180.0,180.0,226.1,226.1,226.1
time,lat,lon,hdg,rsa_0,rsa_1,rsa_2,rpm_0,rpm_1,rpm_2
1597751868.0762343,-0.008371666666666666,0.028139333333333336,343.049,145.0,180.0,180.0,226.1,226.1,226.1
time,lat,lon,hdg,rsa_0,rsa_1,rsa_2,rpm_0,rpm_1,rpm_2
1597751868.2716932,-0.008363166666666666,0.028134833333333335,343.871,145.0,180.0,180.0,226.1,226.1,226.1
time,lat,lon,hdg,rsa_0,rsa_1,rsa_2,rpm_0,rpm_1,rpm_2
1597751868.472003,-0.008354166666666666,0.028130333333333334,344.696,145.0,180.0,180.0,226.1,226.1,226.1
time,lat,lon,hdg,rsa_0,rsa_1,rsa_2,rpm_0,rpm_1,rpm_2
1597751868.6632192,-0.008345333333333335,0.028125999999999998,345.496,145.0,180.0,180.0,226.1,226.1,226.1
time,lat,lon,hdg,rsa_0,rsa_1,rsa_2,rpm_0,rpm_1,rpm_2
1597751868.7688806,-0.008341166666666667,0.028124,345.953,145.0,180.0,180.0,226.1,226.1,226.1
time,lat,lon,hdg,rsa_0,rsa_1,rsa_2,rpm_0,rpm_1,rpm_2
1597751868.963999,-0.008332333333333334,0.028119833333333333,346.781,145.0,180.0,180.0,226.1,226.1,226.1
time,lat,lon,hdg,rsa_0,rsa_1,rsa_2,rpm_0,rpm_1,rpm_2
1597751869.067801,-0.008327833333333333,0.028117666666666666,347.231,145.0,180.0,180.0,226.1,226.1,226.1
time,lat,lon,hdg,rsa_0,rsa_1,rsa_2,rpm_0,rpm_1,rpm_2
1597751869.171576,-0.008323166666666666,0.0281155,347.662,145.0,180.0,180.0,226.1,226.1,226.1
time,lat,lon,hdg,rsa_0,rsa_1,rsa_2,rpm_0,rpm_1,rpm_2
1597751869.5439427,-0.008314333333333333,0.028111666666666667,348.531,145.0,180.0,180.0,226.1,226.1,226.1
time,lat,lon,hdg,rsa_0,rsa_1,rsa_2,rpm_0,rpm_1,rpm_2
1597751869.6685166,-0.008300833333333334,0.028105833333333333,349.851,145.0,180.0,180.0,226.1,226.1,226.1
time,lat,lon,hdg,rsa_0,rsa_1,rsa_2,rpm_0,rpm_1,rpm_2
1597751869.873279,-0.008292166666666666,0.028102333333333333,350.742,145.0,180.0,180.0,226.1,226.1,226.1
time,lat,lon,hdg,rsa_0,rsa_1,rsa_2,rpm_0,rpm_1,rpm_2
1597751870.0697358,-0.008283,0.028098666666666668,351.634,145.0,180.0,180.0,226.1,226.1,226.1
time,lat,lon,hdg,rsa_0,rsa_1,rsa_2,rpm_0,rpm_1,rpm_2
1597751870.2645571,-0.008274166666666668,0.028095333333333337,352.512,145.0,180.0,180.0,226.1,226.1,226.1
time,lat,lon,hdg,rsa_0,rsa_1,rsa_2,rpm_0,rpm_1,rpm_2
1597751870.465519,-0.008269666666666666,0.028093666666666666,353.007,145.0,180.0,180.0,226.1,226.1,226.1
time,lat,lon,hdg,rsa_0,rsa_1,rsa_2,rpm_0,rpm_1,rpm_2
1597751870.5656927,-0.008260333333333333,0.028090333333333332,353.896,145.0,180.0,180.0,226.1,226.1,226.1
time,lat,lon,hdg,rsa_0,rsa_1,rsa_2,rpm_0,rpm_1,rpm_2
1597751870.6715393,-0.008255833333333334,0.028088833333333334,354.39,145.0,180.0,180.0,226.1,226.1,226.1
time,lat,lon,hdg,rsa_0,rsa_1,rsa_2,rpm_0,rpm_1,rpm_2
1597751870.7717934,-0.0082465,0.02808583333333333,354.84,145.0,180.0,180.0,226.1,226.1,226.1
time,lat,lon,hdg,rsa_0,rsa_1,rsa_2,rpm_0,rpm_1,rpm_2
1597751870.965479,-0.008242000000000001,0.028084333333333333,355.761,145.0,180.0,180.0,226.1,226.1,226.1
time,lat,lon,hdg,rsa_0,rsa_1,rsa_2,rpm_0,rpm_1,rpm_2
1597751871.0727882,-0.0082375,0.028083,356.263,145.0,180.0,180.0,226.1,226.1,226.1
time,lat,lon,hdg,rsa_0,rsa_1,rsa_2,rpm_0,rpm_1,rpm_2
1597751871.1730084,-0.008228000000000001,0.028080166666666666,356.736,145.0,180.0,180.0,226.1,226.1,226.1
time,lat,lon,hdg,rsa_0,rsa_1,rsa_2,rpm_0,rpm_1,rpm_2
1597751871.2756016,-0.008228000000000001,0.028080166666666666,357.196,145.0,180.0,180.0,226.1,226.1,226.1
time,lat,lon,hdg,rsa_0,rsa_1,rsa_2,rpm_0,rpm_1,rpm_2
1597751871.4711514,-0.008219166666666666,0.028077666666666667,358.168,145.0,180.0,180.0,226.1,226.1,226.1
time,lat,lon,hdg,rsa_0,rsa_1,rsa_2,rpm_0,rpm_1,rpm_2
1597751871.6647415,-0.008209333333333334,0.028075166666666665,359.092,145.0,180.0,180.0,226.1,226.1,226.1
time,lat,lon,hdg,rsa_0,rsa_1,rsa_2,rpm_0,rpm_1,rpm_2
1597751871.770886,-0.008205,0.028074166666666667,359.617,145.0,180.0,180.0,226.1,226.1,226.1
time,lat,lon,hdg,rsa_0,rsa_1,rsa_2,rpm_0,rpm_1,rpm_2
1597751871.9645104,-0.0081955,0.028071833333333334,0.551763,145.0,180.0,180.0,226.1,226.1,226.1
time,lat,lon,hdg,rsa_0,rsa_1,rsa_2,rpm_0,rpm_1,rpm_2
1597751872.0694277,-0.008191,0.028071000000000002,1.08324,145.0,180.0,180.0,226.1,226.1,226.1
time,lat,lon,hdg,rsa_0,rsa_1,rsa_2,rpm_0,rpm_1,rpm_2
1597751872.2694433,-0.008181666666666667,0.028069,2.07022,145.0,180.0,180.0,226.1,226.1,226.1
time,lat,lon,hdg,rsa_0,rsa_1,rsa_2,rpm_0,rpm_1,rpm_2
1597751872.4717417,-0.008172166666666666,0.028067166666666664,3.06456,145.0,180.0,180.0,226.1,226.1,226.1
time,lat,lon,hdg,rsa_0,rsa_1,rsa_2,rpm_0,rpm_1,rpm_2
1597751872.667273,-0.008162833333333333,0.0280655,4.04094,145.0,180.0,180.0,226.1,226.1,226.1
time,lat,lon,hdg,rsa_0,rsa_1,rsa_2,rpm_0,rpm_1,rpm_2
1597751872.7674513,-0.008153833333333334,0.028064,4.52741,145.0,180.0,180.0,226.1,226.1,226.1
time,lat,lon,hdg,rsa_0,rsa_1,rsa_2,rpm_0,rpm_1,rpm_2
1597751872.8718476,-0.008153833333333334,0.028064,5.07451,145.0,180.0,180.0,226.1,226.1,226.1
time,lat,lon,hdg,rsa_0,rsa_1,rsa_2,rpm_0,rpm_1,rpm_2
1597751873.066798,-0.008144166666666666,0.028062666666666666,6.06424,145.0,180.0,180.0,226.1,226.1,226.1
time,lat,lon,hdg,rsa_0,rsa_1,rsa_2,rpm_0,rpm_1,rpm_2
1597751873.166804,-0.008135166666666667,0.0280615,6.55716,145.0,180.0,180.0,226.1,226.1,226.1
time,lat,lon,hdg,rsa_0,rsa_1,rsa_2,rpm_0,rpm_1,rpm_2
1597751873.2710052,-0.008135166666666667,0.0280615,7.11136,145.0,180.0,180.0,226.1,226.1,226.1
time,lat,lon,hdg,rsa_0,rsa_1,rsa_2,rpm_0,rpm_1,rpm_2
1597751873.470069,-0.008126,0.0280605,8.13932,145.0,180.0,180.0,226.1,226.1,226.1
time,lat,lon,hdg,rsa_0,rsa_1,rsa_2,rpm_0,rpm_1,rpm_2
1597751873.57094,-0.008121,0.028059999999999998,8.63835,145.0,180.0,180.0,226.1,226.1,226.1
time,lat,lon,hdg,rsa_0,rsa_1,rsa_2,rpm_0,rpm_1,rpm_2
1597751873.7725065,-0.008112,0.02805916666666667,9.6925,145.0,180.0,180.0,226.1,226.1,226.1
time,lat,lon,hdg,rsa_0,rsa_1,rsa_2,rpm_0,rpm_1,rpm_2
1597751873.96826,-0.0081025,0.0280585,10.7177,145.0,180.0,180.0,226.1,226.1,226.1
time,lat,lon,hdg,rsa_0,rsa_1,rsa_2,rpm_0,rpm_1,rpm_2
1597751874.1707108,-0.008093666666666667,0.028058000000000003,11.7832,145.0,180.0,180.0,226.1,226.1,226.1
time,lat,lon,hdg,rsa_0,rsa_1,rsa_2,rpm_0,rpm_1,rpm_2
1597751874.3646119,-0.008084166666666667,0.028057666666666665,12.8012,145.0,180.0,180.0,226.1,226.1,226.1
time,lat,lon,hdg,rsa_0,rsa_1,rsa_2,rpm_0,rpm_1,rpm_2
1597751874.4714153,-0.008079833333333333,0.0280575,13.365,145.0,180.0,180.0,226.1,226.1,226.1
time,lat,lon,hdg,rsa_0,rsa_1,rsa_2,rpm_0,rpm_1,rpm_2
1597751874.573694,-0.008074833333333333,0.0280575,13.8947,145.0,180.0,180.0,226.1,226.1,226.1
time,lat,lon,hdg,rsa_0,rsa_1,rsa_2,rpm_0,rpm_1,rpm_2
1597751874.764956,-0.008065833333333333,0.0280575,14.9135,145.0,180.0,180.0,226.1,226.1,226.1
time,lat,lon,hdg,rsa_0,rsa_1,rsa_2,rpm_0,rpm_1,rpm_2
1597751874.868728,-0.008061500000000001,0.0280575,15.4912,145.0,180.0,180.0,226.1,226.1,226.1
time,lat,lon,hdg,rsa_0,rsa_1,rsa_2,rpm_0,rpm_1,rpm_2
1597751874.9689074,-0.008052166666666668,0.028057666666666665,15.999,145.0,180.0,180.0,226.1,226.1,226.1
time,lat,lon,hdg,rsa_0,rsa_1,rsa_2,rpm_0,rpm_1,rpm_2
1597751875.0727804,-0.008052166666666668,0.028057666666666665,16.5614,145.0,180.0,180.0,226.1,226.1,226.1
time,lat,lon,hdg,rsa_0,rsa_1,rsa_2,rpm_0,rpm_1,rpm_2
1597751875.2648578,-0.008042666666666667,0.028058000000000003,17.6091,145.0,180.0,180.0,226.1,226.1,226.1
time,lat,lon,hdg,rsa_0,rsa_1,rsa_2,rpm_0,rpm_1,rpm_2
1597751875.3649309,-0.008034000000000001,0.0280585,18.1301,145.0,180.0,180.0,226.1,226.1,226.1
time,lat,lon,hdg,rsa_0,rsa_1,rsa_2,rpm_0,rpm_1,rpm_2
1597751875.4649804,-0.008029333333333335,0.02805883333333333,18.6701,145.0,180.0,180.0,226.1,226.1,226.1
time,lat,lon,hdg,rsa_0,rsa_1,rsa_2,rpm_0,rpm_1,rpm_2
1597751875.5710635,-0.008029333333333335,0.02805883333333333,19.2563,145.0,180.0,180.0,226.1,226.1,226.1
time,lat,lon,hdg,rsa_0,rsa_1,rsa_2,rpm_0,rpm_1,rpm_2
1597751875.6715062,-0.0080245,0.02805916666666667,19.7895,145.0,180.0,180.0,226.1,226.1,226.1
time,lat,lon,hdg,rsa_0,rsa_1,rsa_2,rpm_0,rpm_1,rpm_2
1597751875.771572,-0.0080155,0.028059999999999998,20.3328,145.0,180.0,180.0,226.1,226.1,226.1
time,lat,lon,hdg,rsa_0,rsa_1,rsa_2,rpm_0,rpm_1,rpm_2
1597751875.965814,-0.008010999999999999,0.0280605,21.3952,145.0,180.0,180.0,226.1,226.1,226.1
time,lat,lon,hdg,rsa_0,rsa_1,rsa_2,rpm_0,rpm_1,rpm_2
1597751876.073796,-0.0080065,0.028061,21.978,145.0,180.0,180.0,226.1,226.1,226.1
time,lat,lon,hdg,rsa_0,rsa_1,rsa_2,rpm_0,rpm_1,rpm_2
1597751876.1729188,-0.007997166666666666,0.028062166666666666,22.5255,145.0,180.0,180.0,226.1,226.1,226.1
time,lat,lon,hdg,rsa_0,rsa_1,rsa_2,rpm_0,rpm_1,rpm_2
1597751876.371817,-0.007993,0.028062833333333332,23.6234,145.0,180.0,180.0,226.1,226.1,226.1
time,lat,lon,hdg,rsa_0,rsa_1,rsa_2,rpm_0,rpm_1,rpm_2
1597751876.567882,-0.007983833333333334,0.028064166666666668,24.6978,145.0,180.0,180.0,226.1,226.1,226.1
time,lat,lon,hdg,rsa_0,rsa_1,rsa_2,rpm_0,rpm_1,rpm_2
1597751876.6679378,-0.007975166666666667,0.028065666666666666,25.241,145.0,180.0,180.0,226.1,226.1,226.1
time,lat,lon,hdg,rsa_0,rsa_1,rsa_2,rpm_0,rpm_1,rpm_2
1597751876.8716745,-0.007970666666666666,0.0280665,26.3857,145.0,180.0,180.0,226.1,226.1,226.1
time,lat,lon,hdg,rsa_0,rsa_1,rsa_2,rpm_0,rpm_1,rpm_2
1597751877.0681412,-0.0079615,0.02806833333333333,27.4695,145.0,180.0,180.0,226.1,226.1,226.1
time,lat,lon,hdg,rsa_0,rsa_1,rsa_2,rpm_0,rpm_1,rpm_2
1597751877.2679355,-0.007953166666666667,0.028070333333333333,28.6126,145.0,180.0,180.0,226.1,226.1,226.1
time,lat,lon,hdg,rsa_0,rsa_1,rsa_2,rpm_0,rpm_1,rpm_2
1597751877.368045,-0.007944166666666667,0.0280725,29.1529,145.0,180.0,180.0,226.1,226.1,226.1
time,lat,lon,hdg,rsa_0,rsa_1,rsa_2,rpm_0,rpm_1,rpm_2
1597751877.5791938,-0.00794,0.028073499999999998,30.2922,145.0,180.0,180.0,226.1,226.1,226.1
time,lat,lon,hdg,rsa_0,rsa_1,rsa_2,rpm_0,rpm_1,rpm_2
1597751877.7647533,-0.007931166666666666,0.028076,31.3787,145.0,180.0,180.0,226.1,226.1,226.1
time,lat,lon,hdg,rsa_0,rsa_1,rsa_2,rpm_0,rpm_1,rpm_2
1597751877.8717754,-0.007927166666666667,0.028077166666666667,31.9794,145.0,180.0,180.0,226.1,226.1,226.1
time,lat,lon,hdg,rsa_0,rsa_1,rsa_2,rpm_0,rpm_1,rpm_2
1597751877.9721706,-0.007918333333333335,0.028079833333333335,32.5434,145.0,180.0,180.0,226.1,226.1,226.1
time,lat,lon,hdg,rsa_0,rsa_1,rsa_2,rpm_0,rpm_1,rpm_2
1597751878.0722618,-0.007918333333333335,0.028079833333333335,33.0988,145.0,180.0,180.0,226.1,226.1,226.1
time,lat,lon,hdg,rsa_0,rsa_1,rsa_2,rpm_0,rpm_1,rpm_2
1597751878.1724863,-0.00791,0.0280825,33.6643,145.0,180.0,180.0,226.1,226.1,226.1
time,lat,lon,hdg,rsa_0,rsa_1,rsa_2,rpm_0,rpm_1,rpm_2
1597751878.3676732,-0.007906,0.028084,34.7788,145.0,180.0,180.0,226.1,226.1,226.1
time,lat,lon,hdg,rsa_0,rsa_1,rsa_2,rpm_0,rpm_1,rpm_2
1597751878.564214,-0.007897833333333333,0.028086833333333335,35.896,145.0,180.0,180.0,226.1,226.1,226.1
time,lat,lon,hdg,rsa_0,rsa_1,rsa_2,rpm_0,rpm_1,rpm_2
1597751878.672423,-0.007893666666666667,0.028088333333333333,36.5125,145.0,180.0,180.0,226.1,226.1,226.1
time,lat,lon,hdg,rsa_0,rsa_1,rsa_2,rpm_0,rpm_1,rpm_2
1597751878.869107,-0.007885333333333333,0.028091666666666668,37.6242,145.0,180.0,180.0,226.1,226.1,226.1
time,lat,lon,hdg,rsa_0,rsa_1,rsa_2,rpm_0,rpm_1,rpm_2
1597751878.9732788,-0.007881333333333334,0.028093333333333335,38.2238,145.0,180.0,180.0,226.1,226.1,226.1
time,lat,lon,hdg,rsa_0,rsa_1,rsa_2,rpm_0,rpm_1,rpm_2
1597751879.0738173,-0.007877166666666666,0.028095166666666668,38.7955,145.0,180.0,180.0,226.1,226.1,226.1
time,lat,lon,hdg,rsa_0,rsa_1,rsa_2,rpm_0,rpm_1,rpm_2
1597751879.173887,-0.007869166666666667,0.028098666666666668,39.3583,145.0,180.0,180.0,226.1,226.1,226.1
time,lat,lon,hdg,rsa_0,rsa_1,rsa_2,rpm_0,rpm_1,rpm_2
1597751879.3750412,-0.007865333333333334,0.028100333333333335,40.5142,145.0,180.0,180.0,226.1,226.1,226.1
time,lat,lon,hdg,rsa_0,rsa_1,rsa_2,rpm_0,rpm_1,rpm_2
1597751879.5677896,-0.007857333333333334,0.028104166666666666,41.6342,145.0,180.0,180.0,226.1,226.1,226.1
time,lat,lon,hdg,rsa_0,rsa_1,rsa_2,rpm_0,rpm_1,rpm_2
1597751879.7710352,-0.007849833333333334,0.028107833333333332,42.8138,145.0,180.0,180.0,226.1,226.1,226.1
time,lat,lon,hdg,rsa_0,rsa_1,rsa_2,rpm_0,rpm_1,rpm_2
1597751879.8716006,-0.007845666666666666,0.028110000000000003,43.3804,145.0,180.0,180.0,226.1,226.1,226.1
time,lat,lon,hdg,rsa_0,rsa_1,rsa_2,rpm_0,rpm_1,rpm_2
1597751880.0691464,-0.007838,0.028114166666666666,44.5248,145.0,180.0,180.0,226.1,226.1,226.1
time,lat,lon,hdg,rsa_0,rsa_1,rsa_2,rpm_0,rpm_1,rpm_2
1597751880.169372,-0.0078305,0.028118333333333335,45.093,145.0,180.0,180.0,226.1,226.1,226.1
time,lat,lon,hdg,rsa_0,rsa_1,rsa_2,rpm_0,rpm_1,rpm_2
1597751880.3648036,-0.007826833333333333,0.0281205,46.2307,145.0,180.0,180.0,226.1,226.1,226.1
time,lat,lon,hdg,rsa_0,rsa_1,rsa_2,rpm_0,rpm_1,rpm_2
1597751880.4687662,-0.007823166666666666,0.028122666666666667,46.8583,145.0,180.0,180.0,226.1,226.1,226.1
time,lat,lon,hdg,rsa_0,rsa_1,rsa_2,rpm_0,rpm_1,rpm_2
1597751880.568856,-0.007819166666666667,0.028125166666666666,47.4284,145.0,180.0,180.0,226.1,226.1,226.1
time,lat,lon,hdg,rsa_0,rsa_1,rsa_2,rpm_0,rpm_1,rpm_2
1597751880.7847943,-0.007812,0.028129499999999998,48.5991,145.0,180.0,180.0,226.1,226.1,226.1
time,lat,lon,hdg,rsa_0,rsa_1,rsa_2,rpm_0,rpm_1,rpm_2
1597751880.9658408,-0.007804500000000001,0.02813433333333333,49.7233,145.0,180.0,180.0,226.1,226.1,226.1
time,lat,lon,hdg,rsa_0,rsa_1,rsa_2,rpm_0,rpm_1,rpm_2
1597751881.0714695,-0.007801,0.028136666666666664,50.3443,145.0,180.0,180.0,226.1,226.1,226.1
time,lat,lon,hdg,rsa_0,rsa_1,rsa_2,rpm_0,rpm_1,rpm_2
1597751881.1714575,-0.007793666666666667,0.02814183333333333,50.927,145.0,180.0,180.0,226.1,226.1,226.1
time,lat,lon,hdg,rsa_0,rsa_1,rsa_2,rpm_0,rpm_1,rpm_2
1597751881.2743177,-0.007793666666666667,0.02814183333333333,51.5005,145.0,180.0,180.0,226.1,226.1,226.1
time,lat,lon,hdg,rsa_0,rsa_1,rsa_2,rpm_0,rpm_1,rpm_2
1597751881.378886,-0.0077866666666666666,0.028146833333333333,52.0841,145.0,180.0,180.0,226.1,226.1,226.1
time,lat,lon,hdg,rsa_0,rsa_1,rsa_2,rpm_0,rpm_1,rpm_2
1597751881.5685194,-0.0077831666666666665,0.028149333333333335,53.2431,145.0,180.0,180.0,226.1,226.1,226.1
time,lat,lon,hdg,rsa_0,rsa_1,rsa_2,rpm_0,rpm_1,rpm_2
1597751881.668586,-0.007779833333333333,0.028152,53.8281,145.0,180.0,180.0,226.1,226.1,226.1
time,lat,lon,hdg,rsa_0,rsa_1,rsa_2,rpm_0,rpm_1,rpm_2
1597751881.8658135,-0.007773,0.028157166666666667,54.9899,145.0,180.0,180.0,226.1,226.1,226.1
time,lat,lon,hdg,rsa_0,rsa_1,rsa_2,rpm_0,rpm_1,rpm_2
1597751881.9663515,-0.007769666666666666,0.028159833333333332,55.5666,145.0,180.0,180.0,226.1,226.1,226.1
time,lat,lon,hdg,rsa_0,rsa_1,rsa_2,rpm_0,rpm_1,rpm_2
1597751882.0670443,-0.007766333333333333,0.0281625,56.1535,145.0,180.0,180.0,226.1,226.1,226.1
time,lat,lon,hdg,rsa_0,rsa_1,rsa_2,rpm_0,rpm_1,rpm_2
1597751882.1670513,-0.007763000000000001,0.028165333333333334,56.7408,145.0,180.0,180.0,226.1,226.1,226.1
time,lat,lon,hdg,rsa_0,rsa_1,rsa_2,rpm_0,rpm_1,rpm_2
1597751882.2674208,-0.007759833333333333,0.028168166666666668,57.3286,145.0,180.0,180.0,226.1,226.1,226.1
time,lat,lon,hdg,rsa_0,rsa_1,rsa_2,rpm_0,rpm_1,rpm_2
1597751882.3712406,-0.0077565,0.028170833333333332,57.9168,145.0,180.0,180.0,226.1,226.1,226.1
time,lat,lon,hdg,rsa_0,rsa_1,rsa_2,rpm_0,rpm_1,rpm_2
1597751882.471282,-0.007750000000000001,0.02817666666666667,58.5349,145.0,180.0,180.0,226.1,226.1,226.1
time,lat,lon,hdg,rsa_0,rsa_1,rsa_2,rpm_0,rpm_1,rpm_2
1597751882.668571,-0.007746833333333333,0.028179500000000003,59.6937,145.0,180.0,180.0,226.1,226.1,226.1
time,lat,lon,hdg,rsa_0,rsa_1,rsa_2,rpm_0,rpm_1,rpm_2
1597751882.769204,-0.007743666666666666,0.0281825,60.2933,145.0,180.0,180.0,226.1,226.1,226.1
time,lat,lon,hdg,rsa_0,rsa_1,rsa_2,rpm_0,rpm_1,rpm_2
1597751882.8702745,-0.0077405,0.0281855,60.8834,145.0,180.0,180.0,226.1,226.1,226.1
time,lat,lon,hdg,rsa_0,rsa_1,rsa_2,rpm_0,rpm_1,rpm_2
1597751883.0687132,-0.007734666666666667,0.028191166666666666,62.0351,145.0,180.0,180.0,226.1,226.1,226.1
time,lat,lon,hdg,rsa_0,rsa_1,rsa_2,rpm_0,rpm_1,rpm_2
1597751883.1704156,-0.007731666666666666,0.02819433333333333,62.6459,145.0,180.0,180.0,226.1,226.1,226.1
time,lat,lon,hdg,rsa_0,rsa_1,rsa_2,rpm_0,rpm_1,rpm_2
1597751883.2725906,-0.0077285,0.0281975,63.257,145.0,180.0,180.0,226.1,226.1,226.1
time,lat,lon,hdg,rsa_0,rsa_1,rsa_2,rpm_0,rpm_1,rpm_2
1597751883.470435,-0.007722666666666667,0.0282035,64.4209,145.0,180.0,180.0,226.1,226.1,226.1
time,lat,lon,hdg,rsa_0,rsa_1,rsa_2,rpm_0,rpm_1,rpm_2
1597751883.669426,-0.007717,0.028209666666666668,65.5957,145.0,180.0,180.0,226.1,226.1,226.1
time,lat,lon,hdg,rsa_0,rsa_1,rsa_2,rpm_0,rpm_1,rpm_2
1597751883.7722836,-0.007714166666666666,0.028213,66.218,145.0,180.0,180.0,226.1,226.1,226.1
time,lat,lon,hdg,rsa_0,rsa_1,rsa_2,rpm_0,rpm_1,rpm_2
1597751883.970857,-0.007708666666666667,0.0282195,67.3844,145.0,180.0,180.0,226.1,226.1,226.1
time,lat,lon,hdg,rsa_0,rsa_1,rsa_2,rpm_0,rpm_1,rpm_2
1597751884.168155,-0.007703333333333334,0.028225999999999998,68.5616,145.0,180.0,180.0,226.1,226.1,226.1
time,lat,lon,hdg,rsa_0,rsa_1,rsa_2,rpm_0,rpm_1,rpm_2
1597751884.2711263,-0.0077005,0.0282295,69.1753,145.0,180.0,180.0,226.1,226.1,226.1
time,lat,lon,hdg,rsa_0,rsa_1,rsa_2,rpm_0,rpm_1,rpm_2
1597751884.4725194,-0.0076953333333333335,0.028236166666666666,70.3538,145.0,180.0,180.0,226.1,226.1,226.1
time,lat,lon,hdg,rsa_0,rsa_1,rsa_2,rpm_0,rpm_1,rpm_2
1597751884.673163,-0.007690333333333333,0.02824283333333333,71.5531,145.0,180.0,180.0,226.1,226.1,226.1
time,lat,lon,hdg,rsa_0,rsa_1,rsa_2,rpm_0,rpm_1,rpm_2
1597751884.868746,-0.007685333333333333,0.02825,72.7038,145.0,180.0,180.0,226.1,226.1,226.1
time,lat,lon,hdg,rsa_0,rsa_1,rsa_2,rpm_0,rpm_1,rpm_2
1597751885.0651114,-0.007680666666666667,0.028256999999999997,73.8752,145.0,180.0,180.0,226.1,226.1,226.1
time,lat,lon,hdg,rsa_0,rsa_1,rsa_2,rpm_0,rpm_1,rpm_2
1597751885.17347,-0.007678333333333333,0.0282605,74.5208,145.0,180.0,180.0,226.1,226.1,226.1
time,lat,lon,hdg,rsa_0,rsa_1,rsa_2,rpm_0,rpm_1,rpm_2
1597751885.3687513,-0.0076735,0.028267833333333332,75.6838,145.0,180.0,180.0,226.1,226.1,226.1
time,lat,lon,hdg,rsa_0,rsa_1,rsa_2,rpm_0,rpm_1,rpm_2
1597751885.4688816,-0.007669166666666667,0.028274999999999998,76.2805,145.0,180.0,180.0,226.1,226.1,226.1
time,lat,lon,hdg,rsa_0,rsa_1,rsa_2,rpm_0,rpm_1,rpm_2
1597751885.6744108,-0.007667166666666667,0.028278666666666667,77.5146,145.0,180.0,180.0,226.1,226.1,226.1
time,lat,lon,hdg,rsa_0,rsa_1,rsa_2,rpm_0,rpm_1,rpm_2
1597751885.871415,-0.007662833333333333,0.028286333333333333,78.6901,145.0,180.0,180.0,226.1,226.1,226.1
time,lat,lon,hdg,rsa_0,rsa_1,rsa_2,rpm_0,rpm_1,rpm_2
1597751885.9716995,-0.007660833333333334,0.02829,79.2882,145.0,180.0,180.0,226.1,226.1,226.1
time,lat,lon,hdg,rsa_0,rsa_1,rsa_2,rpm_0,rpm_1,rpm_2
1597751886.0760448,-0.0076588333333333335,0.028293833333333334,79.8865,145.0,180.0,180.0,226.1,226.1,226.1
time,lat,lon,hdg,rsa_0,rsa_1,rsa_2,rpm_0,rpm_1,rpm_2
1597751886.1744583,-0.0076549999999999995,0.028301333333333335,80.4851,145.0,180.0,180.0,226.1,226.1,226.1
time,lat,lon,hdg,rsa_0,rsa_1,rsa_2,rpm_0,rpm_1,rpm_2
1597751886.3662224,-0.007653166666666667,0.028304833333333335,81.6432,145.0,180.0,180.0,226.1,226.1,226.1
time,lat,lon,hdg,rsa_0,rsa_1,rsa_2,rpm_0,rpm_1,rpm_2
1597751886.4676192,-0.007651333333333333,0.028308666666666666,82.2425,145.0,180.0,180.0,226.1,226.1,226.1
time,lat,lon,hdg,rsa_0,rsa_1,rsa_2,rpm_0,rpm_1,rpm_2
1597751886.5687258,-0.0076495,0.0283125,82.8621,145.0,180.0,180.0,226.1,226.1,226.1
time,lat,lon,hdg,rsa_0,rsa_1,rsa_2,rpm_0,rpm_1,rpm_2
1597751886.6803389,-0.007647833333333334,0.0283165,83.472,145.0,180.0,180.0,226.1,226.1,226.1
time,lat,lon,hdg,rsa_0,rsa_1,rsa_2,rpm_0,rpm_1,rpm_2
1597751886.8691645,-0.0076445,0.028324000000000002,84.6423,145.0,180.0,180.0,226.1,226.1,226.1
time,lat,lon,hdg,rsa_0,rsa_1,rsa_2,rpm_0,rpm_1,rpm_2
1597751886.9706564,-0.007642833333333333,0.028328000000000002,85.2629,145.0,180.0,180.0,226.1,226.1,226.1
time,lat,lon,hdg,rsa_0,rsa_1,rsa_2,rpm_0,rpm_1,rpm_2
1597751887.0740678,-0.007641166666666667,0.028332000000000003,85.8836,145.0,180.0,180.0,226.1,226.1,226.1
time,lat,lon,hdg,rsa_0,rsa_1,rsa_2,rpm_0,rpm_1,rpm_2
1597751887.2680404,-0.007638333333333333,0.028339666666666666,87.0456,145.0,180.0,180.0,226.1,226.1,226.1
time,lat,lon,hdg,rsa_0,rsa_1,rsa_2,rpm_0,rpm_1,rpm_2
1597751887.3692942,-0.007636833333333333,0.028343666666666666,87.6569,145.0,180.0,180.0,226.1,226.1,226.1
time,lat,lon,hdg,rsa_0,rsa_1,rsa_2,rpm_0,rpm_1,rpm_2
1597751887.4723916,-0.0076355,0.028347666666666667,88.2684,145.0,180.0,180.0,226.1,226.1,226.1
time,lat,lon,hdg,rsa_0,rsa_1,rsa_2,rpm_0,rpm_1,rpm_2
1597751887.5724766,-0.0076328333333333335,0.028355666666666668,88.8801,145.0,180.0,180.0,226.1,226.1,226.1
time,lat,lon,hdg,rsa_0,rsa_1,rsa_2,rpm_0,rpm_1,rpm_2
1597751887.6736448,-0.0076328333333333335,0.028355666666666668,89.492,145.0,180.0,180.0,226.1,226.1,226.1
time,lat,lon,hdg,rsa_0,rsa_1,rsa_2,rpm_0,rpm_1,rpm_2
1597751887.8657393,-0.0076305,0.028363333333333334,90.656,145.0,180.0,180.0,226.1,226.1,226.1
time,lat,lon,hdg,rsa_0,rsa_1,rsa_2,rpm_0,rpm_1,rpm_2
1597751887.9671314,-0.0076293333333333335,0.0283675,91.2584,145.0,180.0,180.0,226.1,226.1,226.1
time,lat,lon,hdg,rsa_0,rsa_1,rsa_2,rpm_0,rpm_1,rpm_2
1597751888.0672781,-0.007628333333333333,0.0283715,91.8609,145.0,180.0,180.0,226.1,226.1,226.1
time,lat,lon,hdg,rsa_0,rsa_1,rsa_2,rpm_0,rpm_1,rpm_2
1597751888.1678872,-0.007627166666666667,0.0283755,92.4735,145.0,180.0,180.0,226.1,226.1,226.1
time,lat,lon,hdg,rsa_0,rsa_1,rsa_2,rpm_0,rpm_1,rpm_2
1597751888.268635,-0.0076261666666666665,0.0283795,93.0863,145.0,180.0,180.0,226.1,226.1,226.1
time,lat,lon,hdg,rsa_0,rsa_1,rsa_2,rpm_0,rpm_1,rpm_2
1597751888.3702185,-0.007625333333333333,0.028383666666666665,93.6892,145.0,180.0,180.0,226.1,226.1,226.1
time,lat,lon,hdg,rsa_0,rsa_1,rsa_2,rpm_0,rpm_1,rpm_2
1597751888.4717805,-0.007624333333333333,0.028387666666666665,94.2922,145.0,180.0,180.0,226.1,226.1,226.1
time,lat,lon,hdg,rsa_0,rsa_1,rsa_2,rpm_0,rpm_1,rpm_2
1597751888.6742213,-0.0076226666666666665,0.028395833333333335,95.5187,145.0,180.0,180.0,226.1,226.1,226.1
time,lat,lon,hdg,rsa_0,rsa_1,rsa_2,rpm_0,rpm_1,rpm_2
1597751888.869583,-0.007621333333333333,0.028403666666666667,96.6953,145.0,180.0,180.0,226.1,226.1,226.1
time,lat,lon,hdg,rsa_0,rsa_1,rsa_2,rpm_0,rpm_1,rpm_2
1597751888.9803739,-0.007620666666666666,0.028407833333333334,97.3189,145.0,180.0,180.0,226.1,226.1,226.1
time,lat,lon,hdg,rsa_0,rsa_1,rsa_2,rpm_0,rpm_1,rpm_2
1597751889.1713448,-0.0076195,0.02841583333333333,98.5163,145.0,180.0,180.0,226.1,226.1,226.1
time,lat,lon,hdg,rsa_0,rsa_1,rsa_2,rpm_0,rpm_1,rpm_2
1597751889.2745593,-0.007618833333333333,0.02842,99.1403,145.0,180.0,180.0,226.1,226.1,226.1
time,lat,lon,hdg,rsa_0,rsa_1,rsa_2,rpm_0,rpm_1,rpm_2
1597751889.4678972,-0.007618,0.028428000000000002,100.308,145.0,180.0,180.0,226.1,226.1,226.1
time,lat,lon,hdg,rsa_0,rsa_1,rsa_2,rpm_0,rpm_1,rpm_2
1597751889.568018,-0.0076175,0.028432166666666665,100.933,145.0,180.0,180.0,226.1,226.1,226.1
time,lat,lon,hdg,rsa_0,rsa_1,rsa_2,rpm_0,rpm_1,rpm_2
1597751889.6700196,-0.007617166666666666,0.0284365,101.537,145.0,180.0,180.0,226.1,226.1,226.1
time,lat,lon,hdg,rsa_0,rsa_1,rsa_2,rpm_0,rpm_1,rpm_2
1597751889.771392,-0.007616833333333334,0.028440499999999997,102.151,145.0,180.0,180.0,226.1,226.1,226.1
time,lat,lon,hdg,rsa_0,rsa_1,rsa_2,rpm_0,rpm_1,rpm_2
1597751889.8737378,-0.0076165,0.028444666666666667,102.766,145.0,180.0,180.0,226.1,226.1,226.1
time,lat,lon,hdg,rsa_0,rsa_1,rsa_2,rpm_0,rpm_1,rpm_2
1597751890.0651422,-0.007616166666666666,0.028453,103.915,145.0,180.0,180.0,226.1,226.1,226.1
time,lat,lon,hdg,rsa_0,rsa_1,rsa_2,rpm_0,rpm_1,rpm_2
1597751890.166017,-0.0076159999999999995,0.02845666666666667,104.54,145.0,180.0,180.0,226.1,226.1,226.1
time,lat,lon,hdg,rsa_0,rsa_1,rsa_2,rpm_0,rpm_1,rpm_2
1597751890.266989,-0.007615833333333334,0.028461,105.145,145.0,180.0,180.0,226.1,226.1,226.1
time,lat,lon,hdg,rsa_0,rsa_1,rsa_2,rpm_0,rpm_1,rpm_2
1597751890.367032,-0.007615833333333334,0.028469166666666667,105.75,145.0,180.0,180.0,226.1,226.1,226.1
time,lat,lon,hdg,rsa_0,rsa_1,rsa_2,rpm_0,rpm_1,rpm_2
1597751890.4671762,-0.007615833333333334,0.0284735,106.376,145.0,180.0,180.0,226.1,226.1,226.1
time,lat,lon,hdg,rsa_0,rsa_1,rsa_2,rpm_0,rpm_1,rpm_2
1597751890.568883,-0.007615833333333334,0.0284735,106.981,145.0,180.0,180.0,226.1,226.1,226.1
time,lat,lon,hdg,rsa_0,rsa_1,rsa_2,rpm_0,rpm_1,rpm_2
1597751890.6695035,-0.007615833333333334,0.02847766666666667,107.587,145.0,180.0,180.0,226.1,226.1,226.1
time,lat,lon,hdg,rsa_0,rsa_1,rsa_2,rpm_0,rpm_1,rpm_2
1597751890.7700036,-0.0076159999999999995,0.02848166666666667,108.193,145.0,180.0,180.0,226.1,226.1,226.1
time,lat,lon,hdg,rsa_0,rsa_1,rsa_2,rpm_0,rpm_1,rpm_2
1597751890.8706195,-0.007616166666666666,0.028485833333333332,108.798,145.0,180.0,180.0,226.1,226.1,226.1
time,lat,lon,hdg,rsa_0,rsa_1,rsa_2,rpm_0,rpm_1,rpm_2
1597751890.9707558,-0.0076163333333333335,0.02849,109.405,145.0,180.0,180.0,226.1,226.1,226.1
time,lat,lon,hdg,rsa_0,rsa_1,rsa_2,rpm_0,rpm_1,rpm_2
1597751891.0715942,-0.0076166666666666666,0.028498166666666665,110.011,145.0,180.0,180.0,226.1,226.1,226.1
time,lat,lon,hdg,rsa_0,rsa_1,rsa_2,rpm_0,rpm_1,rpm_2
1597751891.1729121,-0.0076166666666666666,0.028498166666666665,110.617,145.0,180.0,180.0,226.1,226.1,226.1
time,lat,lon,hdg,rsa_0,rsa_1,rsa_2,rpm_0,rpm_1,rpm_2
1597751891.2733572,-0.007617,0.028502333333333334,111.244,145.0,180.0,180.0,226.1,226.1,226.1
time,lat,lon,hdg,rsa_0,rsa_1,rsa_2,rpm_0,rpm_1,rpm_2
1597751891.4700103,-0.007617666666666667,0.0285105,112.448,145.0,180.0,180.0,226.1,226.1,226.1
time,lat,lon,hdg,rsa_0,rsa_1,rsa_2,rpm_0,rpm_1,rpm_2
1597751891.6664286,-0.0076185,0.028518666666666668,113.632,145.0,180.0,180.0,226.1,226.1,226.1
time,lat,lon,hdg,rsa_0,rsa_1,rsa_2,rpm_0,rpm_1,rpm_2
1597751891.7689135,-0.0076195,0.0285265,114.24,145.0,180.0,180.0,226.1,226.1,226.1
time,lat,lon,hdg,rsa_0,rsa_1,rsa_2,rpm_0,rpm_1,rpm_2
1597751891.8713353,-0.0076195,0.0285265,114.898,145.0,180.0,180.0,226.1,226.1,226.1
time,lat,lon,hdg,rsa_0,rsa_1,rsa_2,rpm_0,rpm_1,rpm_2
1597751891.973594,-0.007620666666666666,0.028534833333333332,115.486,145.0,180.0,180.0,226.1,226.1,226.1
time,lat,lon,hdg,rsa_0,rsa_1,rsa_2,rpm_0,rpm_1,rpm_2
1597751892.1701143,-0.007621333333333333,0.028538833333333333,116.712,145.0,180.0,180.0,226.1,226.1,226.1
time,lat,lon,hdg,rsa_0,rsa_1,rsa_2,rpm_0,rpm_1,rpm_2
1597751892.2736447,-0.007622,0.028543,117.3,145.0,180.0,180.0,226.1,226.1,226.1
time,lat,lon,hdg,rsa_0,rsa_1,rsa_2,rpm_0,rpm_1,rpm_2
1597751892.4700494,-0.0076235,0.028550833333333334,118.558,145.0,180.0,180.0,226.1,226.1,226.1
time,lat,lon,hdg,rsa_0,rsa_1,rsa_2,rpm_0,rpm_1,rpm_2
1597751892.670403,-0.007625166666666666,0.028558833333333332,119.765,145.0,180.0,180.0,226.1,226.1,226.1
time,lat,lon,hdg,rsa_0,rsa_1,rsa_2,rpm_0,rpm_1,rpm_2
1597751892.8882372,-0.007627,0.028566666666666667,120.982,145.0,180.0,180.0,226.1,226.1,226.1
time,lat,lon,hdg,rsa_0,rsa_1,rsa_2,rpm_0,rpm_1,rpm_2
1597751893.0652258,-0.0076289999999999995,0.028575,122.169,145.0,180.0,180.0,226.1,226.1,226.1
time,lat,lon,hdg,rsa_0,rsa_1,rsa_2,rpm_0,rpm_1,rpm_2
1597751893.1678813,-0.00763,0.028578666666666665,122.808,145.0,180.0,180.0,226.1,226.1,226.1
time,lat,lon,hdg,rsa_0,rsa_1,rsa_2,rpm_0,rpm_1,rpm_2
1597751893.2733648,-0.007631166666666666,0.028582666666666666,123.436,145.0,180.0,180.0,226.1,226.1,226.1
time,lat,lon,hdg,rsa_0,rsa_1,rsa_2,rpm_0,rpm_1,rpm_2
1597751893.4655285,-0.0076335,0.0285905,124.593,145.0,180.0,180.0,226.1,226.1,226.1
time,lat,lon,hdg,rsa_0,rsa_1,rsa_2,rpm_0,rpm_1,rpm_2
1597751893.5671496,-0.0076345,0.028594166666666664,125.222,145.0,180.0,180.0,226.1,226.1,226.1
time,lat,lon,hdg,rsa_0,rsa_1,rsa_2,rpm_0,rpm_1,rpm_2
1597751893.670109,-0.007635833333333333,0.028598166666666664,125.85,145.0,180.0,180.0,226.1,226.1,226.1
time,lat,lon,hdg,rsa_0,rsa_1,rsa_2,rpm_0,rpm_1,rpm_2
1597751893.8687527,-0.0076385,0.028605666666666665,127.067,145.0,180.0,180.0,226.1,226.1,226.1
time,lat,lon,hdg,rsa_0,rsa_1,rsa_2,rpm_0,rpm_1,rpm_2
1597751893.9702775,-0.007639999999999999,0.028609833333333334,127.686,145.0,180.0,180.0,226.1,226.1,226.1
time,lat,lon,hdg,rsa_0,rsa_1,rsa_2,rpm_0,rpm_1,rpm_2
1597751894.070871,-0.0076415,0.028613666666666666,128.305,145.0,180.0,180.0,226.1,226.1,226.1
time,lat,lon,hdg,rsa_0,rsa_1,rsa_2,rpm_0,rpm_1,rpm_2
1597751894.175656,-0.007643,0.028617666666666666,128.913,145.0,180.0,180.0,226.1,226.1,226.1
time,lat,lon,hdg,rsa_0,rsa_1,rsa_2,rpm_0,rpm_1,rpm_2
1597751894.366282,-0.007646,0.028624833333333332,130.079,145.0,180.0,180.0,226.1,226.1,226.1
time,lat,lon,hdg,rsa_0,rsa_1,rsa_2,rpm_0,rpm_1,rpm_2
1597751894.4705353,-0.007647666666666666,0.028628666666666667,130.718,145.0,180.0,180.0,226.1,226.1,226.1
time,lat,lon,hdg,rsa_0,rsa_1,rsa_2,rpm_0,rpm_1,rpm_2
1597751894.5709233,-0.007651166666666666,0.028636333333333333,131.337,145.0,180.0,180.0,226.1,226.1,226.1
time,lat,lon,hdg,rsa_0,rsa_1,rsa_2,rpm_0,rpm_1,rpm_2
1597751894.6709666,-0.007652999999999999,0.028640166666666668,131.956,145.0,180.0,180.0,226.1,226.1,226.1
time,lat,lon,hdg,rsa_0,rsa_1,rsa_2,rpm_0,rpm_1,rpm_2
1597751894.866229,-0.0076545,0.0286435,133.143,145.0,180.0,180.0,226.1,226.1,226.1
time,lat,lon,hdg,rsa_0,rsa_1,rsa_2,rpm_0,rpm_1,rpm_2
1597751894.9676824,-0.0076565,0.028647333333333334,133.751,145.0,180.0,180.0,226.1,226.1,226.1
time,lat,lon,hdg,rsa_0,rsa_1,rsa_2,rpm_0,rpm_1,rpm_2
1597751895.0683916,-0.007658333333333334,0.028651,134.37,145.0,180.0,180.0,226.1,226.1,226.1
time,lat,lon,hdg,rsa_0,rsa_1,rsa_2,rpm_0,rpm_1,rpm_2
1597751895.1697683,-0.007660333333333333,0.028654666666666665,134.99,145.0,180.0,180.0,226.1,226.1,226.1
time,lat,lon,hdg,rsa_0,rsa_1,rsa_2,rpm_0,rpm_1,rpm_2
1597751895.2702825,-0.007662333333333333,0.028658333333333334,135.598,145.0,180.0,180.0,226.1,226.1,226.1
time,lat,lon,hdg,rsa_0,rsa_1,rsa_2,rpm_0,rpm_1,rpm_2
1597751895.3730297,-0.007664333333333333,0.028661833333333334,136.218,145.0,180.0,180.0,226.1,226.1,226.1
time,lat,lon,hdg,rsa_0,rsa_1,rsa_2,rpm_0,rpm_1,rpm_2
1597751895.4787617,-0.007668333333333333,0.02866883333333333,136.776,145.0,180.0,180.0,226.1,226.1,226.1
time,lat,lon,hdg,rsa_0,rsa_1,rsa_2,rpm_0,rpm_1,rpm_2
1597751895.5796783,-0.007668333333333333,0.02866883333333333,137.416,145.0,180.0,180.0,226.1,226.1,226.1
time,lat,lon,hdg,rsa_0,rsa_1,rsa_2,rpm_0,rpm_1,rpm_2
1597751895.769173,-0.007672666666666666,0.028676,138.645,145.0,180.0,180.0,226.1,226.1,226.1
time,lat,lon,hdg,rsa_0,rsa_1,rsa_2,rpm_0,rpm_1,rpm_2
1597751895.8733203,-0.007674833333333334,0.0286795,139.265,145.0,180.0,180.0,226.1,226.1,226.1
time,lat,lon,hdg,rsa_0,rsa_1,rsa_2,rpm_0,rpm_1,rpm_2
1597751896.0746386,-0.007679166666666667,0.02868616666666667,140.495,145.0,180.0,180.0,226.1,226.1,226.1
time,lat,lon,hdg,rsa_0,rsa_1,rsa_2,rpm_0,rpm_1,rpm_2
1597751896.266225,-0.007683666666666667,0.028692833333333334,141.654,145.0,180.0,180.0,226.1,226.1,226.1
time,lat,lon,hdg,rsa_0,rsa_1,rsa_2,rpm_0,rpm_1,rpm_2
1597751896.366689,-0.0076885,0.02869966666666667,142.285,145.0,180.0,180.0,226.1,226.1,226.1
time,lat,lon,hdg,rsa_0,rsa_1,rsa_2,rpm_0,rpm_1,rpm_2
1597751896.4675756,-0.0076885,0.02869966666666667,142.895,145.0,180.0,180.0,226.1,226.1,226.1
time,lat,lon,hdg,rsa_0,rsa_1,rsa_2,rpm_0,rpm_1,rpm_2
1597751896.569982,-0.007690833333333333,0.028702833333333334,143.506,145.0,180.0,180.0,226.1,226.1,226.1
time,lat,lon,hdg,rsa_0,rsa_1,rsa_2,rpm_0,rpm_1,rpm_2
1597751896.6713042,-0.007693333333333333,0.028706166666666665,144.137,145.0,180.0,180.0,226.1,226.1,226.1
time,lat,lon,hdg,rsa_0,rsa_1,rsa_2,rpm_0,rpm_1,rpm_2
1597751896.8649404,-0.007698166666666667,0.0287125,145.318,145.0,180.0,180.0,226.1,226.1,226.1
time,lat,lon,hdg,rsa_0,rsa_1,rsa_2,rpm_0,rpm_1,rpm_2
1597751896.9649396,-0.007700666666666666,0.028715666666666664,145.939,145.0,180.0,180.0,226.1,226.1,226.1
time,lat,lon,hdg,rsa_0,rsa_1,rsa_2,rpm_0,rpm_1,rpm_2
1597751897.0661736,-0.007703166666666666,0.028718833333333336,146.55,145.0,180.0,180.0,226.1,226.1,226.1
time,lat,lon,hdg,rsa_0,rsa_1,rsa_2,rpm_0,rpm_1,rpm_2
1597751897.17018,-0.007705833333333333,0.028722,147.181,145.0,180.0,180.0,226.1,226.1,226.1
time,lat,lon,hdg,rsa_0,rsa_1,rsa_2,rpm_0,rpm_1,rpm_2
1597751897.2736654,-0.007708499999999999,0.02872516666666667,147.813,145.0,180.0,180.0,226.1,226.1,226.1
time,lat,lon,hdg,rsa_0,rsa_1,rsa_2,rpm_0,rpm_1,rpm_2
1597751897.4685152,-0.007713666666666666,0.028731166666666665,149.004,145.0,180.0,180.0,226.1,226.1,226.1
time,lat,lon,hdg,rsa_0,rsa_1,rsa_2,rpm_0,rpm_1,rpm_2
1597751897.5710971,-0.0077165,0.02873416666666667,149.635,145.0,180.0,180.0,226.1,226.1,226.1
time,lat,lon,hdg,rsa_0,rsa_1,rsa_2,rpm_0,rpm_1,rpm_2
1597751897.673649,-0.007719333333333333,0.028737333333333333,150.256,145.0,180.0,180.0,226.1,226.1,226.1
time,lat,lon,hdg,rsa_0,rsa_1,rsa_2,rpm_0,rpm_1,rpm_2
1597751897.7749338,-0.0077220000000000006,0.028740333333333333,150.827,145.0,180.0,180.0,226.1,226.1,226.1
time,lat,lon,hdg,rsa_0,rsa_1,rsa_2,rpm_0,rpm_1,rpm_2
1597751897.9728036,-0.0077276666666666665,0.028746,152.089,145.0,180.0,180.0,226.1,226.1,226.1
time,lat,lon,hdg,rsa_0,rsa_1,rsa_2,rpm_0,rpm_1,rpm_2
1597751898.1650145,-0.007733166666666667,0.0287515,153.28,145.0,180.0,180.0,226.1,226.1,226.1
time,lat,lon,hdg,rsa_0,rsa_1,rsa_2,rpm_0,rpm_1,rpm_2
1597751898.2673597,-0.007736166666666667,0.028754333333333333,153.891,145.0,180.0,180.0,226.1,226.1,226.1
time,lat,lon,hdg,rsa_0,rsa_1,rsa_2,rpm_0,rpm_1,rpm_2
1597751898.3697371,-0.007739166666666667,0.028757166666666667,154.522,145.0,180.0,180.0,226.1,226.1,226.1
time,lat,lon,hdg,rsa_0,rsa_1,rsa_2,rpm_0,rpm_1,rpm_2
1597751898.4708807,-0.007742166666666666,0.02876,155.143,145.0,180.0,180.0,226.1,226.1,226.1
time,lat,lon,hdg,rsa_0,rsa_1,rsa_2,rpm_0,rpm_1,rpm_2
1597751898.572424,-0.007745333333333334,0.028762833333333335,155.763,145.0,180.0,180.0,226.1,226.1,226.1
time,lat,lon,hdg,rsa_0,rsa_1,rsa_2,rpm_0,rpm_1,rpm_2
1597751898.767481,-0.007751166666666667,0.028767833333333333,156.944,145.0,180.0,180.0,226.1,226.1,226.1
time,lat,lon,hdg,rsa_0,rsa_1,rsa_2,rpm_0,rpm_1,rpm_2
1597751898.8697598,-0.0077545,0.028770499999999997,157.574,145.0,180.0,180.0,226.1,226.1,226.1
time,lat,lon,hdg,rsa_0,rsa_1,rsa_2,rpm_0,rpm_1,rpm_2
1597751898.9697323,-0.007757666666666666,0.02877316666666667,158.195,145.0,180.0,180.0,226.1,226.1,226.1
time,lat,lon,hdg,rsa_0,rsa_1,rsa_2,rpm_0,rpm_1,rpm_2
1597751899.0719974,-0.007760833333333333,0.028775833333333334,158.805,145.0,180.0,180.0,226.1,226.1,226.1
time,lat,lon,hdg,rsa_0,rsa_1,rsa_2,rpm_0,rpm_1,rpm_2
1597751899.1908443,-0.007764166666666667,0.028778333333333333,159.416,145.0,180.0,180.0,226.1,226.1,226.1
time,lat,lon,hdg,rsa_0,rsa_1,rsa_2,rpm_0,rpm_1,rpm_2
1597751899.366921,-0.007770333333333334,0.028783,160.606,145.0,180.0,180.0,226.1,226.1,226.1
time,lat,lon,hdg,rsa_0,rsa_1,rsa_2,rpm_0,rpm_1,rpm_2
1597751899.4694967,-0.007773833333333333,0.028785500000000002,161.226,145.0,180.0,180.0,226.1,226.1,226.1
time,lat,lon,hdg,rsa_0,rsa_1,rsa_2,rpm_0,rpm_1,rpm_2
1597751899.571842,-0.007777166666666667,0.028787999999999998,161.847,145.0,180.0,180.0,226.1,226.1,226.1
time,lat,lon,hdg,rsa_0,rsa_1,rsa_2,rpm_0,rpm_1,rpm_2
1597751899.673044,-0.0077805,0.02879033333333333,162.467,145.0,180.0,180.0,226.1,226.1,226.1
time,lat,lon,hdg,rsa_0,rsa_1,rsa_2,rpm_0,rpm_1,rpm_2
1597751899.864769,-0.007787166666666666,0.02879466666666667,163.617,145.0,180.0,180.0,226.1,226.1,226.1
time,lat,lon,hdg,rsa_0,rsa_1,rsa_2,rpm_0,rpm_1,rpm_2
1597751899.9673188,-0.0077905000000000005,0.028796833333333334,164.268,145.0,180.0,180.0,226.1,226.1,226.1
time,lat,lon,hdg,rsa_0,rsa_1,rsa_2,rpm_0,rpm_1,rpm_2
1597751900.0678802,-0.007794166666666667,0.028799166666666667,164.888,145.0,180.0,180.0,226.1,226.1,226.1
time,lat,lon,hdg,rsa_0,rsa_1,rsa_2,rpm_0,rpm_1,rpm_2
1597751900.168367,-0.007797666666666666,0.028801499999999997,165.519,145.0,180.0,180.0,226.1,226.1,226.1
time,lat,lon,hdg,rsa_0,rsa_1,rsa_2,rpm_0,rpm_1,rpm_2
1597751900.2695785,-0.007801333333333333,0.02880366666666667,166.119,145.0,180.0,180.0,226.1,226.1,226.1
time,lat,lon,hdg,rsa_0,rsa_1,rsa_2,rpm_0,rpm_1,rpm_2
1597751900.464009,-0.007808,0.0288075,167.31,145.0,180.0,180.0,226.1,226.1,226.1
time,lat,lon,hdg,rsa_0,rsa_1,rsa_2,rpm_0,rpm_1,rpm_2
1597751900.56616,-0.007811666666666666,0.028809666666666667,167.941,145.0,180.0,180.0,226.1,226.1,226.1
time,lat,lon,hdg,rsa_0,rsa_1,rsa_2,rpm_0,rpm_1,rpm_2
1597751900.6695871,-0.007815333333333334,0.028811666666666666,168.562,145.0,180.0,180.0,226.1,226.1,226.1
time,lat,lon,hdg,rsa_0,rsa_1,rsa_2,rpm_0,rpm_1,rpm_2
1597751900.7705994,-0.007819,0.028813666666666668,169.183,145.0,180.0,180.0,226.1,226.1,226.1
time,lat,lon,hdg,rsa_0,rsa_1,rsa_2,rpm_0,rpm_1,rpm_2
1597751900.967952,-0.007826,0.028817166666666668,170.385,145.0,180.0,180.0,226.1,226.1,226.1
time,lat,lon,hdg,rsa_0,rsa_1,rsa_2,rpm_0,rpm_1,rpm_2
1597751901.0694163,-0.007829833333333333,0.028819166666666667,171.006,145.0,180.0,180.0,226.1,226.1,226.1
time,lat,lon,hdg,rsa_0,rsa_1,rsa_2,rpm_0,rpm_1,rpm_2
1597751901.1693773,-0.0078335,0.028820833333333334,171.618,145.0,180.0,180.0,226.1,226.1,226.1
time,lat,lon,hdg,rsa_0,rsa_1,rsa_2,rpm_0,rpm_1,rpm_2
1597751901.270646,-0.007837166666666666,0.028822666666666667,172.229,145.0,180.0,180.0,226.1,226.1,226.1
time,lat,lon,hdg,rsa_0,rsa_1,rsa_2,rpm_0,rpm_1,rpm_2
1597751901.371167,-0.007840999999999999,0.028824333333333334,172.851,145.0,180.0,180.0,226.1,226.1,226.1
time,lat,lon,hdg,rsa_0,rsa_1,rsa_2,rpm_0,rpm_1,rpm_2
1597751901.4727278,-0.007844666666666666,0.028826,173.462,145.0,180.0,180.0,226.1,226.1,226.1
time,lat,lon,hdg,rsa_0,rsa_1,rsa_2,rpm_0,rpm_1,rpm_2
1597751901.5727265,-0.007848333333333334,0.028827666666666665,174.084,145.0,180.0,180.0,226.1,226.1,226.1
time,lat,lon,hdg,rsa_0,rsa_1,rsa_2,rpm_0,rpm_1,rpm_2
1597751901.6727757,-0.007852166666666667,0.028829166666666666,174.696,145.0,180.0,180.0,226.1,226.1,226.1
time,lat,lon,hdg,rsa_0,rsa_1,rsa_2,rpm_0,rpm_1,rpm_2
1597751901.8653755,-0.007859666666666666,0.028832166666666666,175.868,145.0,180.0,180.0,226.1,226.1,226.1
time,lat,lon,hdg,rsa_0,rsa_1,rsa_2,rpm_0,rpm_1,rpm_2
1597751901.965444,-0.007863166666666666,0.0288335,176.48,145.0,180.0,180.0,226.1,226.1,226.1
time,lat,lon,hdg,rsa_0,rsa_1,rsa_2,rpm_0,rpm_1,rpm_2
1597751902.0709553,-0.007866833333333333,0.028835,177.112,145.0,180.0,180.0,226.1,226.1,226.1
time,lat,lon,hdg,rsa_0,rsa_1,rsa_2,rpm_0,rpm_1,rpm_2
1597751902.1725192,-0.007870833333333334,0.028836333333333335,177.745,145.0,180.0,180.0,226.1,226.1,226.1
time,lat,lon,hdg,rsa_0,rsa_1,rsa_2,rpm_0,rpm_1,rpm_2
1597751902.272922,-0.007874833333333334,0.028837666666666664,178.367,145.0,180.0,180.0,226.1,226.1,226.1
time,lat,lon,hdg,rsa_0,rsa_1,rsa_2,rpm_0,rpm_1,rpm_2
1597751902.4695053,-0.007882499999999999,0.028840333333333336,179.58,145.0,180.0,180.0,226.1,226.1,226.1
time,lat,lon,hdg,rsa_0,rsa_1,rsa_2,rpm_0,rpm_1,rpm_2
1597751902.5698466,-0.007890166666666667,0.02884266666666667,180.192,145.0,180.0,180.0,226.1,226.1,226.1
time,lat,lon,hdg,rsa_0,rsa_1,rsa_2,rpm_0,rpm_1,rpm_2
1597751902.7640972,-0.007893833333333333,0.028843666666666667,181.385,145.0,180.0,180.0,226.1,226.1,226.1
time,lat,lon,hdg,rsa_0,rsa_1,rsa_2,rpm_0,rpm_1,rpm_2
1597751902.8659854,-0.007897666666666667,0.028844833333333333,181.997,145.0,180.0,180.0,226.1,226.1,226.1
time,lat,lon,hdg,rsa_0,rsa_1,rsa_2,rpm_0,rpm_1,rpm_2
1597751902.9659436,-0.0079015,0.028845833333333334,182.609,145.0,180.0,180.0,226.1,226.1,226.1
time,lat,lon,hdg,rsa_0,rsa_1,rsa_2,rpm_0,rpm_1,rpm_2
1597751903.0663133,-0.0079055,0.028846833333333332,183.21,145.0,180.0,180.0,226.1,226.1,226.1
time,lat,lon,hdg,rsa_0,rsa_1,rsa_2,rpm_0,rpm_1,rpm_2
1597751903.1673276,-0.007909333333333332,0.028847833333333333,183.842,145.0,180.0,180.0,226.1,226.1,226.1
time,lat,lon,hdg,rsa_0,rsa_1,rsa_2,rpm_0,rpm_1,rpm_2
1597751903.2691858,-0.007913333333333333,0.02884866666666667,184.454,145.0,180.0,180.0,226.1,226.1,226.1
time,lat,lon,hdg,rsa_0,rsa_1,rsa_2,rpm_0,rpm_1,rpm_2
1597751903.369461,-0.007921333333333332,0.0288505,185.075,145.0,180.0,180.0,226.1,226.1,226.1
time,lat,lon,hdg,rsa_0,rsa_1,rsa_2,rpm_0,rpm_1,rpm_2
1597751903.5688686,-0.007925333333333333,0.028851333333333333,186.288,145.0,180.0,180.0,226.1,226.1,226.1
time,lat,lon,hdg,rsa_0,rsa_1,rsa_2,rpm_0,rpm_1,rpm_2
1597751903.6693041,-0.007933333333333332,0.02885266666666667,186.91,145.0,180.0,180.0,226.1,226.1,226.1
time,lat,lon,hdg,rsa_0,rsa_1,rsa_2,rpm_0,rpm_1,rpm_2
1597751903.8726573,-0.007937333333333333,0.028853333333333335,188.143,145.0,180.0,180.0,226.1,226.1,226.1
time,lat,lon,hdg,rsa_0,rsa_1,rsa_2,rpm_0,rpm_1,rpm_2
1597751904.065848,-0.007945,0.0288545,189.314,145.0,180.0,180.0,226.1,226.1,226.1
time,lat,lon,hdg,rsa_0,rsa_1,rsa_2,rpm_0,rpm_1,rpm_2
1597751904.169187,-0.007949,0.028855166666666664,189.946,145.0,180.0,180.0,226.1,226.1,226.1
time,lat,lon,hdg,rsa_0,rsa_1,rsa_2,rpm_0,rpm_1,rpm_2
1597751904.4013715,-0.007957,0.028856,191.158,145.0,180.0,180.0,226.1,226.1,226.1
time,lat,lon,hdg,rsa_0,rsa_1,rsa_2,rpm_0,rpm_1,rpm_2
1597751904.5774095,-0.007965333333333333,0.02885683333333333,192.401,145.0,180.0,180.0,226.1,226.1,226.1
time,lat,lon,hdg,rsa_0,rsa_1,rsa_2,rpm_0,rpm_1,rpm_2
1597751904.767445,-0.007973666666666667,0.028857499999999998,193.603,145.0,180.0,180.0,226.1,226.1,226.1
time,lat,lon,hdg,rsa_0,rsa_1,rsa_2,rpm_0,rpm_1,rpm_2
1597751904.8715522,-0.0079775,0.028857666666666667,194.245,145.0,180.0,180.0,226.1,226.1,226.1
time,lat,lon,hdg,rsa_0,rsa_1,rsa_2,rpm_0,rpm_1,rpm_2
1597751905.076184,-0.0079855,0.028858166666666667,195.447,145.0,180.0,180.0,226.1,226.1,226.1
time,lat,lon,hdg,rsa_0,rsa_1,rsa_2,rpm_0,rpm_1,rpm_2
1597751905.2734222,-0.007994,0.028858333333333333,196.7,145.0,180.0,180.0,226.1,226.1,226.1
time,lat,lon,hdg,rsa_0,rsa_1,rsa_2,rpm_0,rpm_1,rpm_2
1597751905.3743038,-0.007998166666666666,0.028858333333333333,197.281,145.0,180.0,180.0,226.1,226.1,226.1
time,lat,lon,hdg,rsa_0,rsa_1,rsa_2,rpm_0,rpm_1,rpm_2
1597751905.5664265,-0.008006166666666667,0.028858166666666667,198.514,145.0,180.0,180.0,226.1,226.1,226.1
time,lat,lon,hdg,rsa_0,rsa_1,rsa_2,rpm_0,rpm_1,rpm_2
1597751905.6667151,-0.008010333333333333,0.028858166666666667,199.125,145.0,180.0,180.0,226.1,226.1,226.1
time,lat,lon,hdg,rsa_0,rsa_1,rsa_2,rpm_0,rpm_1,rpm_2
1597751905.7671616,-0.008014333333333333,0.028857999999999998,199.737,145.0,180.0,180.0,226.1,226.1,226.1
time,lat,lon,hdg,rsa_0,rsa_1,rsa_2,rpm_0,rpm_1,rpm_2
1597751905.867453,-0.008018333333333334,0.028857833333333336,200.349,145.0,180.0,180.0,226.1,226.1,226.1
time,lat,lon,hdg,rsa_0,rsa_1,rsa_2,rpm_0,rpm_1,rpm_2
1597751905.9724302,-0.0080225,0.028857666666666667,200.971,145.0,180.0,180.0,226.1,226.1,226.1
time,lat,lon,hdg,rsa_0,rsa_1,rsa_2,rpm_0,rpm_1,rpm_2
1597751906.1639006,-0.008030666666666667,0.028857,202.153,145.0,180.0,180.0,226.1,226.1,226.1
time,lat,lon,hdg,rsa_0,rsa_1,rsa_2,rpm_0,rpm_1,rpm_2
1597751906.2677777,-0.008034333333333333,0.028856666666666666,202.775,145.0,180.0,180.0,226.1,226.1,226.1
time,lat,lon,hdg,rsa_0,rsa_1,rsa_2,rpm_0,rpm_1,rpm_2
1597751906.3701801,-0.0080385,0.02885633333333333,203.418,145.0,180.0,180.0,226.1,226.1,226.1
time,lat,lon,hdg,rsa_0,rsa_1,rsa_2,rpm_0,rpm_1,rpm_2
1597751906.4736123,-0.008042666666666667,0.028855833333333334,204.04,145.0,180.0,180.0,226.1,226.1,226.1
time,lat,lon,hdg,rsa_0,rsa_1,rsa_2,rpm_0,rpm_1,rpm_2
1597751906.5743232,-0.008046833333333333,0.028855333333333334,204.662,145.0,180.0,180.0,226.1,226.1,226.1
time,lat,lon,hdg,rsa_0,rsa_1,rsa_2,rpm_0,rpm_1,rpm_2
1597751906.6747837,-0.008050833333333333,0.028854833333333333,205.274,145.0,180.0,180.0,226.1,226.1,226.1
time,lat,lon,hdg,rsa_0,rsa_1,rsa_2,rpm_0,rpm_1,rpm_2
1597751906.8654099,-0.0080585,0.028853666666666666,206.437,145.0,180.0,180.0,226.1,226.1,226.1
time,lat,lon,hdg,rsa_0,rsa_1,rsa_2,rpm_0,rpm_1,rpm_2
1597751906.9664338,-0.0080625,0.028853,207.06,145.0,180.0,180.0,226.1,226.1,226.1
time,lat,lon,hdg,rsa_0,rsa_1,rsa_2,rpm_0,rpm_1,rpm_2
1597751907.0669312,-0.0080705,0.028851666666666668,207.682,145.0,180.0,180.0,226.1,226.1,226.1
time,lat,lon,hdg,rsa_0,rsa_1,rsa_2,rpm_0,rpm_1,rpm_2
1597751907.167546,-0.0080705,0.028851666666666668,208.304,145.0,180.0,180.0,226.1,226.1,226.1
time,lat,lon,hdg,rsa_0,rsa_1,rsa_2,rpm_0,rpm_1,rpm_2
1597751907.2689383,-0.0080745,0.028850833333333332,208.917,145.0,180.0,180.0,226.1,226.1,226.1
time,lat,lon,hdg,rsa_0,rsa_1,rsa_2,rpm_0,rpm_1,rpm_2
1597751907.3708756,-0.008078333333333333,0.02885,209.539,145.0,180.0,180.0,226.1,226.1,226.1
time,lat,lon,hdg,rsa_0,rsa_1,rsa_2,rpm_0,rpm_1,rpm_2
1597751907.471699,-0.008082333333333334,0.028849166666666665,210.161,145.0,180.0,180.0,226.1,226.1,226.1
time,lat,lon,hdg,rsa_0,rsa_1,rsa_2,rpm_0,rpm_1,rpm_2
1597751907.5727983,-0.008086333333333333,0.028848166666666668,210.783,145.0,180.0,180.0,226.1,226.1,226.1
time,lat,lon,hdg,rsa_0,rsa_1,rsa_2,rpm_0,rpm_1,rpm_2
1597751907.7645495,-0.008093833333333333,0.02884633333333333,211.946,145.0,180.0,180.0,226.1,226.1,226.1
time,lat,lon,hdg,rsa_0,rsa_1,rsa_2,rpm_0,rpm_1,rpm_2
1597751907.9641485,-0.008101666666666667,0.028844333333333336,213.17,145.0,180.0,180.0,226.1,226.1,226.1
time,lat,lon,hdg,rsa_0,rsa_1,rsa_2,rpm_0,rpm_1,rpm_2
1597751908.0651317,-0.0081055,0.028843166666666666,213.782,145.0,180.0,180.0,226.1,226.1,226.1
time,lat,lon,hdg,rsa_0,rsa_1,rsa_2,rpm_0,rpm_1,rpm_2
1597751908.1654592,-0.008109333333333333,0.028842,214.404,145.0,180.0,180.0,226.1,226.1,226.1
time,lat,lon,hdg,rsa_0,rsa_1,rsa_2,rpm_0,rpm_1,rpm_2
1597751908.266085,-0.008113333333333334,0.028840833333333333,215.016,145.0,180.0,180.0,226.1,226.1,226.1
time,lat,lon,hdg,rsa_0,rsa_1,rsa_2,rpm_0,rpm_1,rpm_2
1597751908.3718307,-0.008117166666666667,0.0288395,215.648,145.0,180.0,180.0,226.1,226.1,226.1
time,lat,lon,hdg,rsa_0,rsa_1,rsa_2,rpm_0,rpm_1,rpm_2
1597751908.5669262,-0.008124666666666667,0.028837,216.851,145.0,180.0,180.0,226.1,226.1,226.1
time,lat,lon,hdg,rsa_0,rsa_1,rsa_2,rpm_0,rpm_1,rpm_2
1597751908.668651,-0.0081285,0.0288355,217.472,145.0,180.0,180.0,226.1,226.1,226.1
time,lat,lon,hdg,rsa_0,rsa_1,rsa_2,rpm_0,rpm_1,rpm_2
1597751908.7700124,-0.008132333333333333,0.028834166666666668,218.094,145.0,180.0,180.0,226.1,226.1,226.1
time,lat,lon,hdg,rsa_0,rsa_1,rsa_2,rpm_0,rpm_1,rpm_2
1597751908.968979,-0.00814,0.028831166666666668,219.327,145.0,180.0,180.0,226.1,226.1,226.1
time,lat,lon,hdg,rsa_0,rsa_1,rsa_2,rpm_0,rpm_1,rpm_2
1597751909.1726284,-0.008147333333333333,0.028828166666666665,220.57,145.0,180.0,180.0,226.1,226.1,226.1
time,lat,lon,hdg,rsa_0,rsa_1,rsa_2,rpm_0,rpm_1,rpm_2
1597751909.3654742,-0.008154833333333333,0.028824833333333334,221.742,145.0,180.0,180.0,226.1,226.1,226.1
time,lat,lon,hdg,rsa_0,rsa_1,rsa_2,rpm_0,rpm_1,rpm_2
1597751909.4655426,-0.008162166666666667,0.0288215,222.353,145.0,180.0,180.0,226.1,226.1,226.1
time,lat,lon,hdg,rsa_0,rsa_1,rsa_2,rpm_0,rpm_1,rpm_2
1597751909.56556,-0.008165833333333334,0.028819666666666667,222.964,145.0,180.0,180.0,226.1,226.1,226.1
time,lat,lon,hdg,rsa_0,rsa_1,rsa_2,rpm_0,rpm_1,rpm_2
1597751909.6670868,-0.008165833333333334,0.028819666666666667,223.596,145.0,180.0,180.0,226.1,226.1,226.1
time,lat,lon,hdg,rsa_0,rsa_1,rsa_2,rpm_0,rpm_1,rpm_2
1597751909.7687488,-0.008169666666666667,0.028817833333333334,224.207,145.0,180.0,180.0,226.1,226.1,226.1
time,lat,lon,hdg,rsa_0,rsa_1,rsa_2,rpm_0,rpm_1,rpm_2
1597751909.970091,-0.008177,0.028814166666666665,225.44,145.0,180.0,180.0,226.1,226.1,226.1
time,lat,lon,hdg,rsa_0,rsa_1,rsa_2,rpm_0,rpm_1,rpm_2
1597751910.0709028,-0.0081805,0.02881216666666667,226.062,145.0,180.0,180.0,226.1,226.1,226.1
time,lat,lon,hdg,rsa_0,rsa_1,rsa_2,rpm_0,rpm_1,rpm_2
1597751910.1713915,-0.008184166666666666,0.028810333333333334,226.673,145.0,180.0,180.0,226.1,226.1,226.1
time,lat,lon,hdg,rsa_0,rsa_1,rsa_2,rpm_0,rpm_1,rpm_2
1597751910.2721865,-0.008191333333333333,0.028806333333333333,227.284,145.0,180.0,180.0,226.1,226.1,226.1
time,lat,lon,hdg,rsa_0,rsa_1,rsa_2,rpm_0,rpm_1,rpm_2
1597751910.3724873,-0.008191333333333333,0.028806333333333333,227.896,145.0,180.0,180.0,226.1,226.1,226.1
time,lat,lon,hdg,rsa_0,rsa_1,rsa_2,rpm_0,rpm_1,rpm_2
1597751910.472811,-0.008194833333333333,0.02880416666666667,228.507,145.0,180.0,180.0,226.1,226.1,226.1
time,lat,lon,hdg,rsa_0,rsa_1,rsa_2,rpm_0,rpm_1,rpm_2
1597751910.6708736,-0.008201833333333334,0.0288,229.741,145.0,180.0,180.0,226.1,226.1,226.1
time,lat,lon,hdg,rsa_0,rsa_1,rsa_2,rpm_0,rpm_1,rpm_2
1597751910.872217,-0.008208166666666666,0.028795833333333333,230.964,145.0,180.0,180.0,226.1,226.1,226.1
time,lat,lon,hdg,rsa_0,rsa_1,rsa_2,rpm_0,rpm_1,rpm_2
1597751911.0695286,-0.008215333333333333,0.028791166666666666,232.187,145.0,180.0,180.0,226.1,226.1,226.1
time,lat,lon,hdg,rsa_0,rsa_1,rsa_2,rpm_0,rpm_1,rpm_2
1597751911.16965,-0.008218666666666668,0.028788833333333333,232.789,145.0,180.0,180.0,226.1,226.1,226.1
time,lat,lon,hdg,rsa_0,rsa_1,rsa_2,rpm_0,rpm_1,rpm_2
1597751911.270087,-0.008221833333333334,0.0287865,233.411,145.0,180.0,180.0,226.1,226.1,226.1
time,lat,lon,hdg,rsa_0,rsa_1,rsa_2,rpm_0,rpm_1,rpm_2
1597751911.370338,-0.008225166666666667,0.028784166666666666,234.012,145.0,180.0,180.0,226.1,226.1,226.1
time,lat,lon,hdg,rsa_0,rsa_1,rsa_2,rpm_0,rpm_1,rpm_2
1597751911.4703314,-0.008231666666666667,0.028779333333333334,234.624,145.0,180.0,180.0,226.1,226.1,226.1
time,lat,lon,hdg,rsa_0,rsa_1,rsa_2,rpm_0,rpm_1,rpm_2
1597751911.571136,-0.008231666666666667,0.028779333333333334,235.225,145.0,180.0,180.0,226.1,226.1,226.1
time,lat,lon,hdg,rsa_0,rsa_1,rsa_2,rpm_0,rpm_1,rpm_2
1597751911.6711922,-0.008238,0.028774333333333336,235.847,145.0,180.0,180.0,226.1,226.1,226.1
time,lat,lon,hdg,rsa_0,rsa_1,rsa_2,rpm_0,rpm_1,rpm_2
1597751911.7715628,-0.008238,0.028774333333333336,236.459,145.0,180.0,180.0,226.1,226.1,226.1
time,lat,lon,hdg,rsa_0,rsa_1,rsa_2,rpm_0,rpm_1,rpm_2
1597751911.9643598,-0.008244,0.0287695,237.641,145.0,180.0,180.0,226.1,226.1,226.1
time,lat,lon,hdg,rsa_0,rsa_1,rsa_2,rpm_0,rpm_1,rpm_2
1597751912.0678272,-0.008246999999999999,0.028766833333333335,238.263,145.0,180.0,180.0,226.1,226.1,226.1
time,lat,lon,hdg,rsa_0,rsa_1,rsa_2,rpm_0,rpm_1,rpm_2
1597751912.1691666,-0.00825,0.028764166666666667,238.895,145.0,180.0,180.0,226.1,226.1,226.1
time,lat,lon,hdg,rsa_0,rsa_1,rsa_2,rpm_0,rpm_1,rpm_2
1597751912.26919,-0.008256166666666667,0.028758666666666665,239.506,145.0,180.0,180.0,226.1,226.1,226.1
time,lat,lon,hdg,rsa_0,rsa_1,rsa_2,rpm_0,rpm_1,rpm_2
1597751912.369594,-0.008256166666666667,0.028758666666666665,240.118,145.0,180.0,180.0,226.1,226.1,226.1
time,lat,lon,hdg,rsa_0,rsa_1,rsa_2,rpm_0,rpm_1,rpm_2
1597751912.4730058,-0.008259166666666666,0.028756,240.729,145.0,180.0,180.0,226.1,226.1,226.1
time,lat,lon,hdg,rsa_0,rsa_1,rsa_2,rpm_0,rpm_1,rpm_2
1597751912.664283,-0.008265,0.028750333333333333,241.911,145.0,180.0,180.0,226.1,226.1,226.1
time,lat,lon,hdg,rsa_0,rsa_1,rsa_2,rpm_0,rpm_1,rpm_2
1597751912.765174,-0.0082675,0.02874783333333333,242.522,145.0,180.0,180.0,226.1,226.1,226.1
time,lat,lon,hdg,rsa_0,rsa_1,rsa_2,rpm_0,rpm_1,rpm_2
1597751912.865258,-0.008270333333333333,0.028744833333333334,243.154,145.0,180.0,180.0,226.1,226.1,226.1
time,lat,lon,hdg,rsa_0,rsa_1,rsa_2,rpm_0,rpm_1,rpm_2
1597751913.0625834,-0.008273333333333334,0.028741833333333335,243.775,145.0,180.0,180.0,226.1,226.1,226.1
time,lat,lon,hdg,rsa_0,rsa_1,rsa_2,rpm_0,rpm_1,rpm_2
1597751913.1712928,-0.008278833333333334,0.028735833333333335,245.028,145.0,180.0,180.0,226.1,226.1,226.1
time,lat,lon,hdg,rsa_0,rsa_1,rsa_2,rpm_0,rpm_1,rpm_2
1597751913.3650591,-0.008284,0.02873,246.189,145.0,180.0,180.0,226.1,226.1,226.1
time,lat,lon,hdg,rsa_0,rsa_1,rsa_2,rpm_0,rpm_1,rpm_2
1597751913.465374,-0.008289333333333334,0.028723833333333334,246.81,145.0,180.0,180.0,226.1,226.1,226.1
time,lat,lon,hdg,rsa_0,rsa_1,rsa_2,rpm_0,rpm_1,rpm_2
1597751913.5740929,-0.008289333333333334,0.028723833333333334,247.472,145.0,180.0,180.0,226.1,226.1,226.1
time,lat,lon,hdg,rsa_0,rsa_1,rsa_2,rpm_0,rpm_1,rpm_2
1597751913.7650259,-0.008294333333333332,0.028717666666666666,248.642,145.0,180.0,180.0,226.1,226.1,226.1
time,lat,lon,hdg,rsa_0,rsa_1,rsa_2,rpm_0,rpm_1,rpm_2
1597751913.8652716,-0.008299333333333334,0.028711333333333332,249.253,145.0,180.0,180.0,226.1,226.1,226.1
time,lat,lon,hdg,rsa_0,rsa_1,rsa_2,rpm_0,rpm_1,rpm_2
1597751913.9660506,-0.008299333333333334,0.028711333333333332,249.874,145.0,180.0,180.0,226.1,226.1,226.1
time,lat,lon,hdg,rsa_0,rsa_1,rsa_2,rpm_0,rpm_1,rpm_2
1597751914.067282,-0.008301833333333333,0.028708,250.496,145.0,180.0,180.0,226.1,226.1,226.1
time,lat,lon,hdg,rsa_0,rsa_1,rsa_2,rpm_0,rpm_1,rpm_2
1597751914.1674278,-0.008306666666666667,0.028701333333333336,251.107,145.0,180.0,180.0,226.1,226.1,226.1
time,lat,lon,hdg,rsa_0,rsa_1,rsa_2,rpm_0,rpm_1,rpm_2
1597751914.3654857,-0.008309,0.028698166666666667,252.308,145.0,180.0,180.0,226.1,226.1,226.1
time,lat,lon,hdg,rsa_0,rsa_1,rsa_2,rpm_0,rpm_1,rpm_2
1597751914.4655757,-0.008311166666666666,0.028694833333333333,252.919,145.0,180.0,180.0,226.1,226.1,226.1
time,lat,lon,hdg,rsa_0,rsa_1,rsa_2,rpm_0,rpm_1,rpm_2
1597751914.567375,-0.0083135,0.028691499999999998,253.54,145.0,180.0,180.0,226.1,226.1,226.1
time,lat,lon,hdg,rsa_0,rsa_1,rsa_2,rpm_0,rpm_1,rpm_2
1597751914.667675,-0.008315833333333333,0.028688166666666667,254.162,145.0,180.0,180.0,226.1,226.1,226.1
time,lat,lon,hdg,rsa_0,rsa_1,rsa_2,rpm_0,rpm_1,rpm_2
1597751914.7679427,-0.008318,0.028684666666666667,254.773,145.0,180.0,180.0,226.1,226.1,226.1
time,lat,lon,hdg,rsa_0,rsa_1,rsa_2,rpm_0,rpm_1,rpm_2
1597751914.868945,-0.008320166666666667,0.028681333333333333,255.384,145.0,180.0,180.0,226.1,226.1,226.1
time,lat,lon,hdg,rsa_0,rsa_1,rsa_2,rpm_0,rpm_1,rpm_2
1597751914.97047,-0.008322333333333333,0.028677833333333333,256.006,145.0,180.0,180.0,226.1,226.1,226.1
time,lat,lon,hdg,rsa_0,rsa_1,rsa_2,rpm_0,rpm_1,rpm_2
1597751915.070979,-0.0083245,0.028674333333333336,256.627,145.0,180.0,180.0,226.1,226.1,226.1
time,lat,lon,hdg,rsa_0,rsa_1,rsa_2,rpm_0,rpm_1,rpm_2
1597751915.178551,-0.008326499999999999,0.028670833333333333,257.249,145.0,180.0,180.0,226.1,226.1,226.1
time,lat,lon,hdg,rsa_0,rsa_1,rsa_2,rpm_0,rpm_1,rpm_2
1597751915.2786229,-0.008328666666666667,0.028667166666666667,257.86,145.0,180.0,180.0,226.1,226.1,226.1
time,lat,lon,hdg,rsa_0,rsa_1,rsa_2,rpm_0,rpm_1,rpm_2
1597751915.4648497,-0.008332333333333334,0.0286605,259.022,145.0,180.0,180.0,226.1,226.1,226.1
time,lat,lon,hdg,rsa_0,rsa_1,rsa_2,rpm_0,rpm_1,rpm_2
1597751915.6648781,-0.008336166666666667,0.028653333333333333,260.266,145.0,180.0,180.0,226.1,226.1,226.1
time,lat,lon,hdg,rsa_0,rsa_1,rsa_2,rpm_0,rpm_1,rpm_2
1597751915.765812,-0.008338,0.028649833333333333,260.877,145.0,180.0,180.0,226.1,226.1,226.1
time,lat,lon,hdg,rsa_0,rsa_1,rsa_2,rpm_0,rpm_1,rpm_2
1597751915.8666446,-0.008339833333333333,0.028646166666666664,261.499,145.0,180.0,180.0,226.1,226.1,226.1
time,lat,lon,hdg,rsa_0,rsa_1,rsa_2,rpm_0,rpm_1,rpm_2
1597751916.0665748,-0.008343333333333335,0.028639,262.712,145.0,180.0,180.0,226.1,226.1,226.1
time,lat,lon,hdg,rsa_0,rsa_1,rsa_2,rpm_0,rpm_1,rpm_2
1597751916.1676707,-0.008345,0.028635333333333336,263.334,145.0,180.0,180.0,226.1,226.1,226.1
time,lat,lon,hdg,rsa_0,rsa_1,rsa_2,rpm_0,rpm_1,rpm_2
1597751916.2684402,-0.008346666666666667,0.028631499999999997,263.946,145.0,180.0,180.0,226.1,226.1,226.1
time,lat,lon,hdg,rsa_0,rsa_1,rsa_2,rpm_0,rpm_1,rpm_2
1597751916.3697917,-0.008348333333333334,0.028627833333333335,264.568,145.0,180.0,180.0,226.1,226.1,226.1
time,lat,lon,hdg,rsa_0,rsa_1,rsa_2,rpm_0,rpm_1,rpm_2
1597751916.4722626,-0.008349833333333334,0.028624166666666666,265.19,145.0,180.0,180.0,226.1,226.1,226.1
time,lat,lon,hdg,rsa_0,rsa_1,rsa_2,rpm_0,rpm_1,rpm_2
1597751916.5737677,-0.008351500000000001,0.028620333333333334,265.812,145.0,180.0,180.0,226.1,226.1,226.1
time,lat,lon,hdg,rsa_0,rsa_1,rsa_2,rpm_0,rpm_1,rpm_2
1597751916.764933,-0.008354333333333333,0.02861316666666667,266.984,145.0,180.0,180.0,226.1,226.1,226.1
time,lat,lon,hdg,rsa_0,rsa_1,rsa_2,rpm_0,rpm_1,rpm_2
1597751916.8716793,-0.008355833333333333,0.028609333333333334,267.636,145.0,180.0,180.0,226.1,226.1,226.1
time,lat,lon,hdg,rsa_0,rsa_1,rsa_2,rpm_0,rpm_1,rpm_2
1597751917.0678713,-0.008358666666666665,0.0286015,268.859,145.0,180.0,180.0,226.1,226.1,226.1
time,lat,lon,hdg,rsa_0,rsa_1,rsa_2,rpm_0,rpm_1,rpm_2
1597751917.1680696,-0.008359833333333334,0.028597666666666667,269.461,145.0,180.0,180.0,226.1,226.1,226.1
time,lat,lon,hdg,rsa_0,rsa_1,rsa_2,rpm_0,rpm_1,rpm_2
1597751917.2892976,-0.008361166666666666,0.028594,270.072,145.0,180.0,180.0,226.1,226.1,226.1
time,lat,lon,hdg,rsa_0,rsa_1,rsa_2,rpm_0,rpm_1,rpm_2
1597751917.467522,-0.0083635,0.02858616666666667,271.305,145.0,180.0,180.0,226.1,226.1,226.1
time,lat,lon,hdg,rsa_0,rsa_1,rsa_2,rpm_0,rpm_1,rpm_2
1597751917.664845,-0.008365666666666667,0.028578666666666665,272.486,145.0,180.0,180.0,226.1,226.1,226.1
time,lat,lon,hdg,rsa_0,rsa_1,rsa_2,rpm_0,rpm_1,rpm_2
1597751917.7662966,-0.008367666666666666,0.028571,273.097,145.0,180.0,180.0,226.1,226.1,226.1
time,lat,lon,hdg,rsa_0,rsa_1,rsa_2,rpm_0,rpm_1,rpm_2
1597751917.9625268,-0.008368666666666667,0.028567000000000002,274.309,145.0,180.0,180.0,226.1,226.1,226.1
time,lat,lon,hdg,rsa_0,rsa_1,rsa_2,rpm_0,rpm_1,rpm_2
1597751918.0735273,-0.0083695,0.028563166666666664,274.982,145.0,180.0,180.0,226.1,226.1,226.1
time,lat,lon,hdg,rsa_0,rsa_1,rsa_2,rpm_0,rpm_1,rpm_2
1597751918.2645662,-0.008371166666666667,0.028555333333333332,276.143,145.0,180.0,180.0,226.1,226.1,226.1
time,lat,lon,hdg,rsa_0,rsa_1,rsa_2,rpm_0,rpm_1,rpm_2
1597751918.3685272,-0.008372,0.02855133333333333,276.784,145.0,180.0,180.0,226.1,226.1,226.1
time,lat,lon,hdg,rsa_0,rsa_1,rsa_2,rpm_0,rpm_1,rpm_2
1597751918.468665,-0.008372833333333333,0.02854716666666667,277.405,145.0,180.0,180.0,226.1,226.1,226.1
time,lat,lon,hdg,rsa_0,rsa_1,rsa_2,rpm_0,rpm_1,rpm_2
1597751918.667082,-0.008374,0.028539166666666668,278.607,145.0,180.0,180.0,226.1,226.1,226.1
time,lat,lon,hdg,rsa_0,rsa_1,rsa_2,rpm_0,rpm_1,rpm_2
1597751918.7688708,-0.008374666666666667,0.028535166666666667,279.228,145.0,180.0,180.0,226.1,226.1,226.1
time,lat,lon,hdg,rsa_0,rsa_1,rsa_2,rpm_0,rpm_1,rpm_2
1597751918.9615474,-0.008375666666666667,0.028527499999999997,280.43,145.0,180.0,180.0,226.1,226.1,226.1
time,lat,lon,hdg,rsa_0,rsa_1,rsa_2,rpm_0,rpm_1,rpm_2
1597751919.0639327,-0.008376166666666665,0.028523333333333335,281.04,145.0,180.0,180.0,226.1,226.1,226.1
time,lat,lon,hdg,rsa_0,rsa_1,rsa_2,rpm_0,rpm_1,rpm_2
1597751919.1725173,-0.0083765,0.028519333333333334,281.702,145.0,180.0,180.0,226.1,226.1,226.1
time,lat,lon,hdg,rsa_0,rsa_1,rsa_2,rpm_0,rpm_1,rpm_2
1597751919.2725933,-0.008376833333333333,0.028515000000000002,282.313,145.0,180.0,180.0,226.1,226.1,226.1
time,lat,lon,hdg,rsa_0,rsa_1,rsa_2,rpm_0,rpm_1,rpm_2
1597751919.3729851,-0.008377333333333332,0.028507,282.924,145.0,180.0,180.0,226.1,226.1,226.1
time,lat,lon,hdg,rsa_0,rsa_1,rsa_2,rpm_0,rpm_1,rpm_2
1597751919.4734557,-0.008377333333333332,0.028507,283.495,145.0,180.0,180.0,226.1,226.1,226.1
time,lat,lon,hdg,rsa_0,rsa_1,rsa_2,rpm_0,rpm_1,rpm_2
1597751919.6660235,-0.008377833333333333,0.02849916666666667,284.717,145.0,180.0,180.0,226.1,226.1,226.1
time,lat,lon,hdg,rsa_0,rsa_1,rsa_2,rpm_0,rpm_1,rpm_2
1597751919.766261,-0.008377833333333333,0.02849516666666667,285.328,145.0,180.0,180.0,226.1,226.1,226.1
time,lat,lon,hdg,rsa_0,rsa_1,rsa_2,rpm_0,rpm_1,rpm_2
1597751919.8672783,-0.008378,0.028491166666666668,285.95,145.0,180.0,180.0,226.1,226.1,226.1
time,lat,lon,hdg,rsa_0,rsa_1,rsa_2,rpm_0,rpm_1,rpm_2
1597751919.9681787,-0.008378,0.028483166666666667,286.551,145.0,180.0,180.0,226.1,226.1,226.1
time,lat,lon,hdg,rsa_0,rsa_1,rsa_2,rpm_0,rpm_1,rpm_2
1597751920.1650755,-0.008378,0.028479166666666667,287.764,145.0,180.0,180.0,226.1,226.1,226.1
time,lat,lon,hdg,rsa_0,rsa_1,rsa_2,rpm_0,rpm_1,rpm_2
1597751920.2677531,-0.008377833333333333,0.028475166666666666,288.386,145.0,180.0,180.0,226.1,226.1,226.1
time,lat,lon,hdg,rsa_0,rsa_1,rsa_2,rpm_0,rpm_1,rpm_2
1597751920.3703105,-0.008377666666666667,0.028471166666666665,289.018,145.0,180.0,180.0,226.1,226.1,226.1
time,lat,lon,hdg,rsa_0,rsa_1,rsa_2,rpm_0,rpm_1,rpm_2
1597751920.4703646,-0.008377500000000001,0.028467000000000003,289.65,145.0,180.0,180.0,226.1,226.1,226.1
time,lat,lon,hdg,rsa_0,rsa_1,rsa_2,rpm_0,rpm_1,rpm_2
1597751920.5706317,-0.008377333333333332,0.028463000000000002,290.251,145.0,180.0,180.0,226.1,226.1,226.1
time,lat,lon,hdg,rsa_0,rsa_1,rsa_2,rpm_0,rpm_1,rpm_2
1597751920.6725059,-0.008376999999999999,0.028459,290.874,145.0,180.0,180.0,226.1,226.1,226.1
time,lat,lon,hdg,rsa_0,rsa_1,rsa_2,rpm_0,rpm_1,rpm_2
1597751920.8663063,-0.008376333333333335,0.028451333333333332,292.057,145.0,180.0,180.0,226.1,226.1,226.1
time,lat,lon,hdg,rsa_0,rsa_1,rsa_2,rpm_0,rpm_1,rpm_2
1597751920.9678297,-0.008376,0.02844733333333333,292.669,145.0,180.0,180.0,226.1,226.1,226.1
time,lat,lon,hdg,rsa_0,rsa_1,rsa_2,rpm_0,rpm_1,rpm_2
1597751921.0697362,-0.008375500000000001,0.02844333333333333,293.301,145.0,180.0,180.0,226.1,226.1,226.1
time,lat,lon,hdg,rsa_0,rsa_1,rsa_2,rpm_0,rpm_1,rpm_2
1597751921.172712,-0.008375166666666666,0.028439333333333334,293.924,145.0,180.0,180.0,226.1,226.1,226.1
time,lat,lon,hdg,rsa_0,rsa_1,rsa_2,rpm_0,rpm_1,rpm_2
1597751921.3688471,-0.008374,0.028431666666666668,295.118,145.0,180.0,180.0,226.1,226.1,226.1
time,lat,lon,hdg,rsa_0,rsa_1,rsa_2,rpm_0,rpm_1,rpm_2
1597751921.4707317,-0.0083735,0.028427666666666667,295.73,145.0,180.0,180.0,226.1,226.1,226.1
time,lat,lon,hdg,rsa_0,rsa_1,rsa_2,rpm_0,rpm_1,rpm_2
1597751921.6713386,-0.008372166666666668,0.028419666666666666,296.965,145.0,180.0,180.0,226.1,226.1,226.1
time,lat,lon,hdg,rsa_0,rsa_1,rsa_2,rpm_0,rpm_1,rpm_2
1597751921.777193,-0.0083715,0.028415666666666665,297.567,145.0,180.0,180.0,226.1,226.1,226.1
time,lat,lon,hdg,rsa_0,rsa_1,rsa_2,rpm_0,rpm_1,rpm_2
1597751921.9705188,-0.008369999999999999,0.028408,298.781,145.0,180.0,180.0,226.1,226.1,226.1
time,lat,lon,hdg,rsa_0,rsa_1,rsa_2,rpm_0,rpm_1,rpm_2
1597751922.0721052,-0.008369166666666667,0.028404166666666668,299.444,145.0,180.0,180.0,226.1,226.1,226.1
time,lat,lon,hdg,rsa_0,rsa_1,rsa_2,rpm_0,rpm_1,rpm_2
1597751922.1916392,-0.008368333333333334,0.028399833333333332,300.046,145.0,180.0,180.0,226.1,226.1,226.1
time,lat,lon,hdg,rsa_0,rsa_1,rsa_2,rpm_0,rpm_1,rpm_2
1597751922.3705215,-0.0083665,0.028392666666666667,301.28,145.0,180.0,180.0,226.1,226.1,226.1
time,lat,lon,hdg,rsa_0,rsa_1,rsa_2,rpm_0,rpm_1,rpm_2
1597751922.4717028,-0.0083655,0.028388166666666666,301.882,145.0,180.0,180.0,226.1,226.1,226.1
time,lat,lon,hdg,rsa_0,rsa_1,rsa_2,rpm_0,rpm_1,rpm_2
1597751922.573324,-0.0083645,0.0283845,302.494,145.0,180.0,180.0,226.1,226.1,226.1
time,lat,lon,hdg,rsa_0,rsa_1,rsa_2,rpm_0,rpm_1,rpm_2
1597751922.7776542,-0.008362333333333333,0.028376666666666665,303.717,145.0,180.0,180.0,226.1,226.1,226.1
time,lat,lon,hdg,rsa_0,rsa_1,rsa_2,rpm_0,rpm_1,rpm_2
1597751922.8784492,-0.008361166666666666,0.028372833333333333,304.319,145.0,180.0,180.0,226.1,226.1,226.1
time,lat,lon,hdg,rsa_0,rsa_1,rsa_2,rpm_0,rpm_1,rpm_2
1597751923.0678012,-0.008358833333333334,0.028365166666666667,305.542,145.0,180.0,180.0,226.1,226.1,226.1
time,lat,lon,hdg,rsa_0,rsa_1,rsa_2,rpm_0,rpm_1,rpm_2
1597751923.1723235,-0.008357499999999999,0.028361333333333336,306.133,145.0,180.0,180.0,226.1,226.1,226.1
time,lat,lon,hdg,rsa_0,rsa_1,rsa_2,rpm_0,rpm_1,rpm_2
1597751923.370797,-0.008355,0.028353833333333335,307.346,145.0,180.0,180.0,226.1,226.1,226.1
time,lat,lon,hdg,rsa_0,rsa_1,rsa_2,rpm_0,rpm_1,rpm_2
1597751923.4794126,-0.008353500000000002,0.028350166666666666,308.009,145.0,180.0,180.0,226.1,226.1,226.1
time,lat,lon,hdg,rsa_0,rsa_1,rsa_2,rpm_0,rpm_1,rpm_2
1597751923.66878,-0.0083505,0.028342333333333334,309.211,145.8,180.0,180.0,226.1,226.1,226.1
time,lat,lon,hdg,rsa_0,rsa_1,rsa_2,rpm_0,rpm_1,rpm_2
1597751923.7825878,-0.008349166666666666,0.028338666666666668,309.81,145.8,180.0,180.0,226.1,226.1,226.1
time,lat,lon,hdg,rsa_0,rsa_1,rsa_2,rpm_0,rpm_1,rpm_2
1597751923.9713626,-0.008346,0.028331166666666668,311.032,154.6,180.0,180.0,226.1,226.1,226.1
time,lat,lon,hdg,rsa_0,rsa_1,rsa_2,rpm_0,rpm_1,rpm_2
1597751924.1705256,-0.008342666666666667,0.028323833333333333,312.213,163.65,180.0,180.0,226.1,226.1,226.1
time,lat,lon,hdg,rsa_0,rsa_1,rsa_2,rpm_0,rpm_1,rpm_2
1597751924.3718703,-0.008339333333333334,0.028316666666666667,313.44,163.65,180.0,180.0,226.1,226.1,226.1
time,lat,lon,hdg,rsa_0,rsa_1,rsa_2,rpm_0,rpm_1,rpm_2
1597751924.5666683,-0.0083355,0.028308999999999997,314.593,172.75,180.0,180.0,226.1,226.1,226.1
time,lat,lon,hdg,rsa_0,rsa_1,rsa_2,rpm_0,rpm_1,rpm_2
1597751924.7734108,-0.008331999999999999,0.028302166666666666,315.768,180.0,180.0,180.0,226.1,226.1,226.1
time,lat,lon,hdg,rsa_0,rsa_1,rsa_2,rpm_0,rpm_1,rpm_2
1597751924.9723842,-0.008328166666666668,0.028295,316.906,180.0,180.0,180.0,226.1,226.1,226.1
time,lat,lon,hdg,rsa_0,rsa_1,rsa_2,rpm_0,rpm_1,rpm_2
1597751925.168211,-0.008324,0.0282875,318.028,180.0,180.0,180.0,226.1,226.1,226.1
time,lat,lon,hdg,rsa_0,rsa_1,rsa_2,rpm_0,rpm_1,rpm_2
1597751925.2685487,-0.008321833333333332,0.028284,318.555,180.0,180.0,180.0,226.1,226.1,226.1
time,lat,lon,hdg,rsa_0,rsa_1,rsa_2,rpm_0,rpm_1,rpm_2
1597751925.4672194,-0.008317833333333333,0.02827716666666667,319.647,180.0,180.0,180.0,226.1,226.1,226.1
time,lat,lon,hdg,rsa_0,rsa_1,rsa_2,rpm_0,rpm_1,rpm_2
1597751925.5676842,-0.0083135,0.028270333333333335,320.183,180.0,180.0,180.0,226.1,226.1,226.1
time,lat,lon,hdg,rsa_0,rsa_1,rsa_2,rpm_0,rpm_1,rpm_2
1597751925.6693223,-0.0083135,0.028270333333333335,320.733,180.0,180.0,180.0,226.1,226.1,226.1
time,lat,lon,hdg,rsa_0,rsa_1,rsa_2,rpm_0,rpm_1,rpm_2
1597751925.8657053,-0.008308833333333333,0.0282635,321.807,180.0,180.0,180.0,226.1,226.1,226.1
time,lat,lon,hdg,rsa_0,rsa_1,rsa_2,rpm_0,rpm_1,rpm_2
1597751925.9671886,-0.0083065,0.028260166666666666,322.338,180.0,180.0,180.0,226.1,226.1,226.1
time,lat,lon,hdg,rsa_0,rsa_1,rsa_2,rpm_0,rpm_1,rpm_2
1597751926.1654189,-0.008302,0.028253666666666667,323.392,180.0,180.0,180.0,226.1,226.1,226.1
time,lat,lon,hdg,rsa_0,rsa_1,rsa_2,rpm_0,rpm_1,rpm_2
1597751926.2656577,-0.008296833333333333,0.028247,323.906,180.0,180.0,180.0,226.1,226.1,226.1
time,lat,lon,hdg,rsa_0,rsa_1,rsa_2,rpm_0,rpm_1,rpm_2
1597751926.376845,-0.008296833333333333,0.028247,324.425,180.0,180.0,180.0,226.1,226.1,226.1
time,lat,lon,hdg,rsa_0,rsa_1,rsa_2,rpm_0,rpm_1,rpm_2
1597751926.5693214,-0.0082915,0.028240333333333333,325.488,180.0,180.0,180.0,226.1,226.1,226.1
time,lat,lon,hdg,rsa_0,rsa_1,rsa_2,rpm_0,rpm_1,rpm_2
1597751926.7681258,-0.008286166666666667,0.028234,326.489,180.0,180.0,180.0,226.1,226.1,226.1
time,lat,lon,hdg,rsa_0,rsa_1,rsa_2,rpm_0,rpm_1,rpm_2
1597751926.965617,-0.008280833333333333,0.028228,327.486,180.0,180.0,180.0,226.1,226.1,226.1
time,lat,lon,hdg,rsa_0,rsa_1,rsa_2,rpm_0,rpm_1,rpm_2
1597751927.0686727,-0.008278166666666666,0.028225,327.993,180.0,180.0,180.0,226.1,226.1,226.1
time,lat,lon,hdg,rsa_0,rsa_1,rsa_2,rpm_0,rpm_1,rpm_2
1597751927.1690762,-0.008275166666666667,0.028221833333333335,328.498,180.0,180.0,180.0,226.1,226.1,226.1
time,lat,lon,hdg,rsa_0,rsa_1,rsa_2,rpm_0,rpm_1,rpm_2
1597751927.2701235,-0.008272333333333333,0.028218833333333335,328.991,180.0,180.0,180.0,226.1,226.1,226.1
time,lat,lon,hdg,rsa_0,rsa_1,rsa_2,rpm_0,rpm_1,rpm_2
1597751927.3721004,-0.008269333333333333,0.028215833333333332,329.49,180.0,180.0,180.0,226.1,226.1,226.1
time,lat,lon,hdg,rsa_0,rsa_1,rsa_2,rpm_0,rpm_1,rpm_2
1597751927.5639634,-0.008263666666666666,0.028210333333333334,330.422,180.0,180.0,180.0,226.1,226.1,226.1
time,lat,lon,hdg,rsa_0,rsa_1,rsa_2,rpm_0,rpm_1,rpm_2
1597751927.6641324,-0.008260666666666668,0.0282075,330.913,180.0,180.0,180.0,226.1,226.1,226.1
time,lat,lon,hdg,rsa_0,rsa_1,rsa_2,rpm_0,rpm_1,rpm_2
1597751927.7646797,-0.0082575,0.0282045,331.394,180.0,180.0,180.0,226.1,226.1,226.1
time,lat,lon,hdg,rsa_0,rsa_1,rsa_2,rpm_0,rpm_1,rpm_2
1597751927.8648443,-0.0082545,0.028201833333333332,331.871,180.0,180.0,180.0,226.1,226.1,226.1
time,lat,lon,hdg,rsa_0,rsa_1,rsa_2,rpm_0,rpm_1,rpm_2
1597751927.9709318,-0.008251333333333334,0.028199,332.386,180.0,180.0,180.0,226.1,226.1,226.1
time,lat,lon,hdg,rsa_0,rsa_1,rsa_2,rpm_0,rpm_1,rpm_2
1597751928.0714273,-0.008248,0.028196,332.859,180.0,180.0,180.0,226.1,226.1,226.1
time,lat,lon,hdg,rsa_0,rsa_1,rsa_2,rpm_0,rpm_1,rpm_2
1597751928.271124,-0.0082415,0.028190666666666666,333.797,180.0,180.0,180.0,226.1,226.1,226.1
time,lat,lon,hdg,rsa_0,rsa_1,rsa_2,rpm_0,rpm_1,rpm_2
1597751928.3713157,-0.008235,0.028185333333333333,334.262,180.0,180.0,180.0,226.1,226.1,226.1
time,lat,lon,hdg,rsa_0,rsa_1,rsa_2,rpm_0,rpm_1,rpm_2
1597751928.56732,-0.008231833333333334,0.028182833333333334,335.117,180.0,180.0,180.0,226.1,226.1,226.1
time,lat,lon,hdg,rsa_0,rsa_1,rsa_2,rpm_0,rpm_1,rpm_2
1597751928.7637537,-0.008225333333333333,0.028177833333333333,336.063,180.0,180.0,180.0,226.1,226.1,226.1
time,lat,lon,hdg,rsa_0,rsa_1,rsa_2,rpm_0,rpm_1,rpm_2
1597751928.8641126,-0.008218666666666668,0.028173,336.518,180.0,180.0,180.0,226.1,226.1,226.1
time,lat,lon,hdg,rsa_0,rsa_1,rsa_2,rpm_0,rpm_1,rpm_2
1597751928.9642246,-0.008218666666666668,0.028173,336.962,180.0,180.0,180.0,226.1,226.1,226.1
time,lat,lon,hdg,rsa_0,rsa_1,rsa_2,rpm_0,rpm_1,rpm_2
1597751929.069748,-0.008215333333333333,0.028170499999999998,337.419,180.0,180.0,180.0,226.1,226.1,226.1
time,lat,lon,hdg,rsa_0,rsa_1,rsa_2,rpm_0,rpm_1,rpm_2
1597751929.2645533,-0.0082085,0.028165666666666665,338.32,180.0,180.0,180.0,226.1,226.1,226.1
time,lat,lon,hdg,rsa_0,rsa_1,rsa_2,rpm_0,rpm_1,rpm_2
1597751929.3652823,-0.008205,0.028163166666666666,338.763,180.0,180.0,180.0,226.1,226.1,226.1
time,lat,lon,hdg,rsa_0,rsa_1,rsa_2,rpm_0,rpm_1,rpm_2
1597751929.4721985,-0.0082015,0.028160833333333336,339.197,180.0,180.0,180.0,226.1,226.1,226.1
time,lat,lon,hdg,rsa_0,rsa_1,rsa_2,rpm_0,rpm_1,rpm_2
1597751929.5743785,-0.008194666666666666,0.028156166666666666,339.636,180.0,180.0,180.0,226.1,226.1,226.1
time,lat,lon,hdg,rsa_0,rsa_1,rsa_2,rpm_0,rpm_1,rpm_2
1597751929.7701678,-0.008190833333333333,0.028153666666666667,340.537,180.0,180.0,180.0,226.1,226.1,226.1
time,lat,lon,hdg,rsa_0,rsa_1,rsa_2,rpm_0,rpm_1,rpm_2
1597751929.9653008,-0.008183833333333333,0.028149166666666666,341.372,180.0,180.0,180.0,226.1,226.1,226.1
time,lat,lon,hdg,rsa_0,rsa_1,rsa_2,rpm_0,rpm_1,rpm_2
1597751930.0722384,-0.0081805,0.028147,341.836,180.0,180.0,180.0,226.1,226.1,226.1
time,lat,lon,hdg,rsa_0,rsa_1,rsa_2,rpm_0,rpm_1,rpm_2
1597751930.2720315,-0.008173,0.02814233333333333,342.672,180.0,180.0,180.0,226.1,226.1,226.1
time,lat,lon,hdg,rsa_0,rsa_1,rsa_2,rpm_0,rpm_1,rpm_2
1597751930.467054,-0.008165833333333334,0.028138,343.501,180.0,180.0,180.0,226.1,226.1,226.1
time,lat,lon,hdg,rsa_0,rsa_1,rsa_2,rpm_0,rpm_1,rpm_2
1597751930.662271,-0.008158666666666666,0.028133833333333334,344.328,180.0,180.0,180.0,226.1,226.1,226.1
time,lat,lon,hdg,rsa_0,rsa_1,rsa_2,rpm_0,rpm_1,rpm_2
1597751930.772062,-0.008155,0.028131833333333335,344.777,180.0,180.0,180.0,226.1,226.1,226.1
time,lat,lon,hdg,rsa_0,rsa_1,rsa_2,rpm_0,rpm_1,rpm_2
1597751930.872193,-0.008147166666666667,0.028127500000000003,345.189,180.0,180.0,180.0,226.1,226.1,226.1
time,lat,lon,hdg,rsa_0,rsa_1,rsa_2,rpm_0,rpm_1,rpm_2
1597751931.0688531,-0.0081435,0.0281255,345.993,180.0,180.0,180.0,226.1,226.1,226.1
time,lat,lon,hdg,rsa_0,rsa_1,rsa_2,rpm_0,rpm_1,rpm_2
1597751931.2660835,-0.008136,0.028121666666666666,346.796,180.0,180.0,180.0,226.1,226.1,226.1
time,lat,lon,hdg,rsa_0,rsa_1,rsa_2,rpm_0,rpm_1,rpm_2
1597751931.3681421,-0.008132166666666666,0.028119666666666664,347.198,180.0,180.0,180.0,226.1,226.1,226.1
time,lat,lon,hdg,rsa_0,rsa_1,rsa_2,rpm_0,rpm_1,rpm_2
1597751931.4681923,-0.008128333333333333,0.028117833333333335,347.605,180.0,180.0,180.0,226.1,226.1,226.1
time,lat,lon,hdg,rsa_0,rsa_1,rsa_2,rpm_0,rpm_1,rpm_2
1597751931.5683684,-0.008120666666666667,0.028113999999999997,347.996,180.0,180.0,180.0,226.1,226.1,226.1
time,lat,lon,hdg,rsa_0,rsa_1,rsa_2,rpm_0,rpm_1,rpm_2
1597751931.7652445,-0.008116833333333334,0.028112166666666667,348.78,180.0,180.0,180.0,226.1,226.1,226.1
time,lat,lon,hdg,rsa_0,rsa_1,rsa_2,rpm_0,rpm_1,rpm_2
1597751931.865597,-0.008109,0.028108666666666667,349.166,180.0,180.0,180.0,226.1,226.1,226.1
time,lat,lon,hdg,rsa_0,rsa_1,rsa_2,rpm_0,rpm_1,rpm_2
1597751931.9692822,-0.008109,0.028108666666666667,349.588,180.0,180.0,180.0,226.1,226.1,226.1
time,lat,lon,hdg,rsa_0,rsa_1,rsa_2,rpm_0,rpm_1,rpm_2
1597751932.1688821,-0.008100666666666667,0.028104999999999998,350.357,180.0,180.0,180.0,226.1,226.1,226.1
time,lat,lon,hdg,rsa_0,rsa_1,rsa_2,rpm_0,rpm_1,rpm_2
1597751932.2691357,-0.008096666666666667,0.0281035,350.729,180.0,180.0,180.0,226.1,226.1,226.1
time,lat,lon,hdg,rsa_0,rsa_1,rsa_2,rpm_0,rpm_1,rpm_2
1597751932.4746473,-0.008088666666666666,0.028100333333333335,351.48,180.0,180.0,180.0,226.1,226.1,226.1
time,lat,lon,hdg,rsa_0,rsa_1,rsa_2,rpm_0,rpm_1,rpm_2
1597751932.667846,-0.008080333333333333,0.028097,352.268,180.0,180.0,180.0,226.1,226.1,226.1
time,lat,lon,hdg,rsa_0,rsa_1,rsa_2,rpm_0,rpm_1,rpm_2
1597751932.7687669,-0.008076166666666667,0.0280955,352.638,180.0,180.0,180.0,226.1,226.1,226.1
time,lat,lon,hdg,rsa_0,rsa_1,rsa_2,rpm_0,rpm_1,rpm_2
1597751932.8688369,-0.008068,0.028092666666666665,353.006,180.0,180.0,180.0,226.1,226.1,226.1
time,lat,lon,hdg,rsa_0,rsa_1,rsa_2,rpm_0,rpm_1,rpm_2
1597751933.1325364,-0.008063833333333333,0.028091166666666667,353.743,180.0,180.0,180.0,226.1,226.1,226.1
time,lat,lon,hdg,rsa_0,rsa_1,rsa_2,rpm_0,rpm_1,rpm_2
1597751933.2685153,-0.0080555,0.028088500000000002,354.486,180.0,180.0,180.0,226.1,226.1,226.1
time,lat,lon,hdg,rsa_0,rsa_1,rsa_2,rpm_0,rpm_1,rpm_2
