1597752421.2660756,0.006602166666666667,0.025876999999999997,260.081,180.0,180.0,180.0,226.1,226.1,226.1
time,lat,lon,hdg,rsa_0,rsa_1,rsa_2,rpm_0,rpm_1,rpm_2
1597752421.4658432,0.006600666666666667,0.0258665,260.039,180.0,180.0,180.0,226.1,226.1,226.1
time,lat,lon,hdg,rsa_0,rsa_1,rsa_2,rpm_0,rpm_1,rpm_2
1597752421.6645098,0.006599333333333333,0.025856166666666666,259.996,180.0,180.0,180.0,226.1,226.1,226.1
time,lat,lon,hdg,rsa_0,rsa_1,rsa_2,rpm_0,rpm_1,rpm_2
1597752421.862971,0.006597833333333333,0.025846333333333336,259.954,180.0,180.0,180.0,226.1,226.1,226.1
time,lat,lon,hdg,rsa_0,rsa_1,rsa_2,rpm_0,rpm_1,rpm_2
1597752421.9662833,0.006597,0.025840666666666668,259.933,180.0,180.0,180.0,226.1,226.1,226.1
time,lat,lon,hdg,rsa_0,rsa_1,rsa_2,rpm_0,rpm_1,rpm_2
1597752422.1630886,0.006595500000000001,0.02583066666666667,259.892,180.0,180.0,180.0,226.1,226.1,226.1
time,lat,lon,hdg,rsa_0,rsa_1,rsa_2,rpm_0,rpm_1,rpm_2
1597752422.2650456,0.006594833333333333,0.025825166666666666,259.871,180.0,180.0,180.0,226.1,226.1,226.1
time,lat,lon,hdg,rsa_0,rsa_1,rsa_2,rpm_0,rpm_1,rpm_2
1597752422.462891,0.006593333333333334,0.025814999999999998,259.83,180.0,180.0,180.0,226.1,226.1,226.1
time,lat,lon,hdg,rsa_0,rsa_1,rsa_2,rpm_0,rpm_1,rpm_2
1597752422.663433,0.006591833333333333,0.025804833333333332,259.789,180.0,180.0,180.0,226.1,226.1,226.1
time,lat,lon,hdg,rsa_0,rsa_1,rsa_2,rpm_0,rpm_1,rpm_2
1597752422.7650793,0.006591,0.025799333333333334,259.769,180.0,180.0,180.0,226.1,226.1,226.1
time,lat,lon,hdg,rsa_0,rsa_1,rsa_2,rpm_0,rpm_1,rpm_2
1597752422.9609303,0.0065895,0.025789166666666665,259.73,180.0,180.0,180.0,226.1,226.1,226.1
time,lat,lon,hdg,rsa_0,rsa_1,rsa_2,rpm_0,rpm_1,rpm_2
1597752423.063956,0.006588666666666667,0.025784333333333336,259.708,180.0,180.0,180.0,226.1,226.1,226.1
time,lat,lon,hdg,rsa_0,rsa_1,rsa_2,rpm_0,rpm_1,rpm_2
1597752423.2733138,0.006587166666666667,0.025773833333333333,259.668,180.0,180.0,180.0,226.1,226.1,226.1
time,lat,lon,hdg,rsa_0,rsa_1,rsa_2,rpm_0,rpm_1,rpm_2
1597752423.4954636,0.006585666666666667,0.025763333333333336,259.63,180.0,180.0,180.0,226.1,226.1,226.1
time,lat,lon,hdg,rsa_0,rsa_1,rsa_2,rpm_0,rpm_1,rpm_2
1597752423.6007662,0.006584833333333333,0.0257585,259.63,180.0,180.0,180.0,226.1,226.1,226.1
time,lat,lon,hdg,rsa_0,rsa_1,rsa_2,rpm_0,rpm_1,rpm_2
1597752423.801251,0.006583333333333333,0.025748,259.58,173.75,180.0,180.0,226.1,226.1,226.1
time,lat,lon,hdg,rsa_0,rsa_1,rsa_2,rpm_0,rpm_1,rpm_2
1597752423.9845142,0.006581666666666666,0.025737333333333334,259.559,164.75,180.0,180.0,226.1,226.1,226.1
time,lat,lon,hdg,rsa_0,rsa_1,rsa_2,rpm_0,rpm_1,rpm_2
1597752424.0964172,0.006581,0.025732166666666667,259.553,164.75,180.0,180.0,226.1,226.1,226.1
time,lat,lon,hdg,rsa_0,rsa_1,rsa_2,rpm_0,rpm_1,rpm_2
1597752424.2715242,0.0065795,0.025722166666666667,259.552,160.0,180.0,180.0,226.1,226.1,226.1
time,lat,lon,hdg,rsa_0,rsa_1,rsa_2,rpm_0,rpm_1,rpm_2
1597752424.4672792,0.006578,0.025711833333333333,259.562,160.0,180.0,180.0,226.1,226.1,226.1
time,lat,lon,hdg,rsa_0,rsa_1,rsa_2,rpm_0,rpm_1,rpm_2
1597752424.6655765,0.006576333333333333,0.0257015,259.585,160.0,180.0,180.0,226.1,226.1,226.1
time,lat,lon,hdg,rsa_0,rsa_1,rsa_2,rpm_0,rpm_1,rpm_2
1597752424.7658744,0.006575666666666666,0.02569616666666667,259.601,160.0,180.0,180.0,226.1,226.1,226.1
time,lat,lon,hdg,rsa_0,rsa_1,rsa_2,rpm_0,rpm_1,rpm_2
1597752424.9681644,0.006574166666666667,0.025685833333333335,259.641,160.0,180.0,180.0,226.1,226.1,226.1
time,lat,lon,hdg,rsa_0,rsa_1,rsa_2,rpm_0,rpm_1,rpm_2
1597752425.1673996,0.006572499999999999,0.0256755,259.691,160.0,180.0,180.0,226.1,226.1,226.1
time,lat,lon,hdg,rsa_0,rsa_1,rsa_2,rpm_0,rpm_1,rpm_2
1597752425.3015692,0.006571833333333333,0.025670333333333333,259.72,160.0,180.0,180.0,226.1,226.1,226.1
time,lat,lon,hdg,rsa_0,rsa_1,rsa_2,rpm_0,rpm_1,rpm_2
1597752425.4651725,0.006570166666666667,0.025660166666666664,259.786,160.0,180.0,180.0,226.1,226.1,226.1
time,lat,lon,hdg,rsa_0,rsa_1,rsa_2,rpm_0,rpm_1,rpm_2
1597752425.5687728,0.006569333333333333,0.025654999999999997,259.826,160.0,180.0,180.0,226.1,226.1,226.1
time,lat,lon,hdg,rsa_0,rsa_1,rsa_2,rpm_0,rpm_1,rpm_2
1597752425.7614777,0.006567833333333333,0.0256445,259.908,160.0,180.0,180.0,226.1,226.1,226.1
time,lat,lon,hdg,rsa_0,rsa_1,rsa_2,rpm_0,rpm_1,rpm_2
1597752425.9664435,0.006566166666666666,0.025634333333333332,259.999,160.0,180.0,180.0,226.1,226.1,226.1
time,lat,lon,hdg,rsa_0,rsa_1,rsa_2,rpm_0,rpm_1,rpm_2
1597752426.157627,0.0065645,0.025623999999999997,260.102,160.0,180.0,180.0,226.1,226.1,226.1
time,lat,lon,hdg,rsa_0,rsa_1,rsa_2,rpm_0,rpm_1,rpm_2
1597752426.2661886,0.0065636666666666664,0.025619,260.162,160.0,180.0,180.0,226.1,226.1,226.1
time,lat,lon,hdg,rsa_0,rsa_1,rsa_2,rpm_0,rpm_1,rpm_2
1597752426.4625247,0.006561833333333334,0.0256085,260.278,160.0,180.0,180.0,226.1,226.1,226.1
time,lat,lon,hdg,rsa_0,rsa_1,rsa_2,rpm_0,rpm_1,rpm_2
1597752426.6607838,0.006560166666666667,0.025598500000000003,260.406,160.0,180.0,180.0,226.1,226.1,226.1
time,lat,lon,hdg,rsa_0,rsa_1,rsa_2,rpm_0,rpm_1,rpm_2
1597752426.7610734,0.0065583333333333335,0.02558816666666667,260.474,160.0,180.0,180.0,226.1,226.1,226.1
time,lat,lon,hdg,rsa_0,rsa_1,rsa_2,rpm_0,rpm_1,rpm_2
1597752426.8611617,0.006557333333333333,0.025583,260.545,160.0,180.0,180.0,226.1,226.1,226.1
time,lat,lon,hdg,rsa_0,rsa_1,rsa_2,rpm_0,rpm_1,rpm_2
1597752426.9617407,0.006557333333333333,0.025583,260.618,160.0,180.0,180.0,226.1,226.1,226.1
time,lat,lon,hdg,rsa_0,rsa_1,rsa_2,rpm_0,rpm_1,rpm_2
1597752427.0619805,0.006555666666666667,0.025572833333333333,260.694,160.0,180.0,180.0,226.1,226.1,226.1
time,lat,lon,hdg,rsa_0,rsa_1,rsa_2,rpm_0,rpm_1,rpm_2
1597752427.2666142,0.006554666666666667,0.025567833333333335,260.858,160.0,180.0,180.0,226.1,226.1,226.1
time,lat,lon,hdg,rsa_0,rsa_1,rsa_2,rpm_0,rpm_1,rpm_2
1597752427.4657223,0.006552833333333333,0.02555716666666667,261.027,160.0,180.0,180.0,226.1,226.1,226.1
time,lat,lon,hdg,rsa_0,rsa_1,rsa_2,rpm_0,rpm_1,rpm_2
1597752427.6591678,0.006551,0.025547,261.199,160.0,180.0,180.0,226.1,226.1,226.1
time,lat,lon,hdg,rsa_0,rsa_1,rsa_2,rpm_0,rpm_1,rpm_2
1597752427.7657535,0.00655,0.025542000000000002,261.298,160.0,180.0,180.0,226.1,226.1,226.1
time,lat,lon,hdg,rsa_0,rsa_1,rsa_2,rpm_0,rpm_1,rpm_2
1597752427.9603434,0.0065481666666666665,0.0255315,261.487,160.0,180.0,180.0,226.1,226.1,226.1
time,lat,lon,hdg,rsa_0,rsa_1,rsa_2,rpm_0,rpm_1,rpm_2
1597752428.0655699,0.006547333333333334,0.025526666666666666,261.592,160.0,180.0,180.0,226.1,226.1,226.1
time,lat,lon,hdg,rsa_0,rsa_1,rsa_2,rpm_0,rpm_1,rpm_2
1597752428.2615607,0.0065453333333333336,0.025516,261.794,160.0,180.0,180.0,226.1,226.1,226.1
time,lat,lon,hdg,rsa_0,rsa_1,rsa_2,rpm_0,rpm_1,rpm_2
1597752428.4626293,0.006543666666666667,0.025506166666666667,262.01,160.0,180.0,180.0,226.1,226.1,226.1
time,lat,lon,hdg,rsa_0,rsa_1,rsa_2,rpm_0,rpm_1,rpm_2
1597752428.6705923,0.0065418333333333335,0.025496,262.245,160.0,180.0,180.0,226.1,226.1,226.1
time,lat,lon,hdg,rsa_0,rsa_1,rsa_2,rpm_0,rpm_1,rpm_2
1597752428.861707,0.006540000000000001,0.025485166666666666,262.478,160.0,180.0,180.0,226.1,226.1,226.1
time,lat,lon,hdg,rsa_0,rsa_1,rsa_2,rpm_0,rpm_1,rpm_2
1597752429.0658455,0.006538333333333333,0.025475333333333336,262.729,160.0,180.0,180.0,226.1,226.1,226.1
time,lat,lon,hdg,rsa_0,rsa_1,rsa_2,rpm_0,rpm_1,rpm_2
1597752429.2598827,0.0065365,0.025464666666666667,262.978,160.0,180.0,180.0,226.1,226.1,226.1
time,lat,lon,hdg,rsa_0,rsa_1,rsa_2,rpm_0,rpm_1,rpm_2
1597752429.3626168,0.006535666666666666,0.025459833333333334,263.118,160.0,180.0,180.0,226.1,226.1,226.1
time,lat,lon,hdg,rsa_0,rsa_1,rsa_2,rpm_0,rpm_1,rpm_2
1597752429.4635065,0.0065348333333333335,0.025454166666666667,263.251,160.0,180.0,180.0,226.1,226.1,226.1
time,lat,lon,hdg,rsa_0,rsa_1,rsa_2,rpm_0,rpm_1,rpm_2
1597752429.662231,0.006533166666666667,0.025444333333333333,263.53,160.0,180.0,180.0,226.1,226.1,226.1
time,lat,lon,hdg,rsa_0,rsa_1,rsa_2,rpm_0,rpm_1,rpm_2
1597752429.766097,0.006532333333333334,0.025438833333333334,263.672,160.0,180.0,180.0,226.1,226.1,226.1
time,lat,lon,hdg,rsa_0,rsa_1,rsa_2,rpm_0,rpm_1,rpm_2
1597752429.9585633,0.006530833333333333,0.025428833333333335,263.954,160.0,180.0,180.0,226.1,226.1,226.1
time,lat,lon,hdg,rsa_0,rsa_1,rsa_2,rpm_0,rpm_1,rpm_2
1597752430.0637915,0.006529999999999999,0.025423666666666667,264.113,160.0,180.0,180.0,226.1,226.1,226.1
time,lat,lon,hdg,rsa_0,rsa_1,rsa_2,rpm_0,rpm_1,rpm_2
1597752430.2665286,0.0065285000000000004,0.025413333333333333,264.419,160.0,180.0,180.0,226.1,226.1,226.1
time,lat,lon,hdg,rsa_0,rsa_1,rsa_2,rpm_0,rpm_1,rpm_2
1597752430.4587748,0.006526833333333333,0.025402666666666667,264.722,160.0,180.0,180.0,226.1,226.1,226.1
time,lat,lon,hdg,rsa_0,rsa_1,rsa_2,rpm_0,rpm_1,rpm_2
1597752430.565482,0.006526166666666666,0.025397999999999997,264.898,160.0,180.0,180.0,226.1,226.1,226.1
time,lat,lon,hdg,rsa_0,rsa_1,rsa_2,rpm_0,rpm_1,rpm_2
1597752430.7605066,0.0065246666666666665,0.02538733333333333,265.22,160.0,180.0,180.0,226.1,226.1,226.1
time,lat,lon,hdg,rsa_0,rsa_1,rsa_2,rpm_0,rpm_1,rpm_2
1597752430.86059,0.006523166666666667,0.025377166666666666,265.387,160.0,180.0,180.0,226.1,226.1,226.1
time,lat,lon,hdg,rsa_0,rsa_1,rsa_2,rpm_0,rpm_1,rpm_2
1597752430.9670713,0.006523166666666667,0.025377166666666666,265.57,160.0,180.0,180.0,226.1,226.1,226.1
time,lat,lon,hdg,rsa_0,rsa_1,rsa_2,rpm_0,rpm_1,rpm_2
1597752431.1671214,0.006521666666666666,0.025366666666666666,265.918,160.0,180.0,180.0,226.1,226.1,226.1
time,lat,lon,hdg,rsa_0,rsa_1,rsa_2,rpm_0,rpm_1,rpm_2
1597752431.3652391,0.006520333333333334,0.02535666666666667,266.282,160.0,180.0,180.0,226.1,226.1,226.1
time,lat,lon,hdg,rsa_0,rsa_1,rsa_2,rpm_0,rpm_1,rpm_2
1597752431.4653995,0.006519,0.025345999999999997,266.466,160.0,180.0,180.0,226.1,226.1,226.1
time,lat,lon,hdg,rsa_0,rsa_1,rsa_2,rpm_0,rpm_1,rpm_2
1597752431.6612234,0.0065183333333333334,0.025341,266.832,160.0,180.0,180.0,226.1,226.1,226.1
time,lat,lon,hdg,rsa_0,rsa_1,rsa_2,rpm_0,rpm_1,rpm_2
1597752431.761451,0.006516999999999999,0.025331,267.017,160.0,180.0,180.0,226.1,226.1,226.1
time,lat,lon,hdg,rsa_0,rsa_1,rsa_2,rpm_0,rpm_1,rpm_2
1597752431.8648088,0.006516999999999999,0.025331,267.227,160.0,180.0,180.0,226.1,226.1,226.1
time,lat,lon,hdg,rsa_0,rsa_1,rsa_2,rpm_0,rpm_1,rpm_2
1597752431.9648254,0.006516333333333333,0.0253255,267.423,160.0,180.0,180.0,226.1,226.1,226.1
time,lat,lon,hdg,rsa_0,rsa_1,rsa_2,rpm_0,rpm_1,rpm_2
1597752432.1675436,0.006515000000000001,0.025315499999999998,267.823,160.0,180.0,180.0,226.1,226.1,226.1
time,lat,lon,hdg,rsa_0,rsa_1,rsa_2,rpm_0,rpm_1,rpm_2
1597752432.3600636,0.006513833333333333,0.025305,268.219,160.0,180.0,180.0,226.1,226.1,226.1
time,lat,lon,hdg,rsa_0,rsa_1,rsa_2,rpm_0,rpm_1,rpm_2
1597752432.4644864,0.006513166666666667,0.02530016666666667,268.441,160.0,180.0,180.0,226.1,226.1,226.1
time,lat,lon,hdg,rsa_0,rsa_1,rsa_2,rpm_0,rpm_1,rpm_2
1597752432.5644712,0.0065125,0.025294666666666667,268.641,160.0,180.0,180.0,226.1,226.1,226.1
time,lat,lon,hdg,rsa_0,rsa_1,rsa_2,rpm_0,rpm_1,rpm_2
1597752432.673538,0.006512,0.025289833333333334,268.864,160.0,180.0,180.0,226.1,226.1,226.1
time,lat,lon,hdg,rsa_0,rsa_1,rsa_2,rpm_0,rpm_1,rpm_2
1597752432.8586793,0.006510666666666666,0.025279333333333334,269.282,160.0,180.0,180.0,226.1,226.1,226.1
time,lat,lon,hdg,rsa_0,rsa_1,rsa_2,rpm_0,rpm_1,rpm_2
1597752432.9647856,0.006510166666666667,0.0252745,269.517,160.0,180.0,180.0,226.1,226.1,226.1
time,lat,lon,hdg,rsa_0,rsa_1,rsa_2,rpm_0,rpm_1,rpm_2
1597752433.0680742,0.0065095,0.025269,269.728,160.0,180.0,180.0,226.1,226.1,226.1
time,lat,lon,hdg,rsa_0,rsa_1,rsa_2,rpm_0,rpm_1,rpm_2
1597752433.2600749,0.0065085,0.025258666666666665,270.182,160.0,180.0,180.0,226.1,226.1,226.1
time,lat,lon,hdg,rsa_0,rsa_1,rsa_2,rpm_0,rpm_1,rpm_2
1597752433.359927,0.0065075,0.025248833333333335,270.399,160.0,180.0,180.0,226.1,226.1,226.1
time,lat,lon,hdg,rsa_0,rsa_1,rsa_2,rpm_0,rpm_1,rpm_2
1597752433.4631708,0.0065075,0.025248833333333335,270.649,160.0,180.0,180.0,226.1,226.1,226.1
time,lat,lon,hdg,rsa_0,rsa_1,rsa_2,rpm_0,rpm_1,rpm_2
1597752433.5662756,0.0065065,0.02523833333333333,270.874,160.0,180.0,180.0,226.1,226.1,226.1
time,lat,lon,hdg,rsa_0,rsa_1,rsa_2,rpm_0,rpm_1,rpm_2
1597752433.7574751,0.006506,0.025233500000000002,271.334,160.0,180.0,180.0,226.1,226.1,226.1
time,lat,lon,hdg,rsa_0,rsa_1,rsa_2,rpm_0,rpm_1,rpm_2
1597752433.8655903,0.0065055,0.025228333333333335,271.592,160.0,180.0,180.0,226.1,226.1,226.1
time,lat,lon,hdg,rsa_0,rsa_1,rsa_2,rpm_0,rpm_1,rpm_2
1597752434.0606368,0.0065045,0.02521766666666667,272.065,160.0,180.0,180.0,226.1,226.1,226.1
time,lat,lon,hdg,rsa_0,rsa_1,rsa_2,rpm_0,rpm_1,rpm_2
1597752434.2656314,0.006503833333333334,0.025207666666666666,272.569,160.0,180.0,180.0,226.1,226.1,226.1
time,lat,lon,hdg,rsa_0,rsa_1,rsa_2,rpm_0,rpm_1,rpm_2
1597752434.4574687,0.006503,0.025197166666666666,273.053,160.0,180.0,180.0,226.1,226.1,226.1
time,lat,lon,hdg,rsa_0,rsa_1,rsa_2,rpm_0,rpm_1,rpm_2
1597752434.5645878,0.006502666666666667,0.025192166666666668,273.323,160.0,180.0,180.0,226.1,226.1,226.1
time,lat,lon,hdg,rsa_0,rsa_1,rsa_2,rpm_0,rpm_1,rpm_2
1597752434.76673,0.006502,0.025181666666666665,273.835,160.0,180.0,180.0,226.1,226.1,226.1
time,lat,lon,hdg,rsa_0,rsa_1,rsa_2,rpm_0,rpm_1,rpm_2
1597752434.9597042,0.006501333333333333,0.025171333333333334,274.337,160.0,180.0,180.0,226.1,226.1,226.1
time,lat,lon,hdg,rsa_0,rsa_1,rsa_2,rpm_0,rpm_1,rpm_2
1597752435.065732,0.006501166666666666,0.025166499999999998,274.617,160.0,180.0,180.0,226.1,226.1,226.1
time,lat,lon,hdg,rsa_0,rsa_1,rsa_2,rpm_0,rpm_1,rpm_2
1597752435.2617953,0.006500666666666667,0.025156,275.135,160.0,180.0,180.0,226.1,226.1,226.1
time,lat,lon,hdg,rsa_0,rsa_1,rsa_2,rpm_0,rpm_1,rpm_2
1597752435.3618548,0.006500333333333333,0.025146,275.399,160.0,180.0,180.0,226.1,226.1,226.1
time,lat,lon,hdg,rsa_0,rsa_1,rsa_2,rpm_0,rpm_1,rpm_2
1597752435.4641893,0.006500333333333333,0.025146,275.687,160.0,180.0,180.0,226.1,226.1,226.1
time,lat,lon,hdg,rsa_0,rsa_1,rsa_2,rpm_0,rpm_1,rpm_2
1597752435.5642757,0.006500000000000001,0.025135333333333332,275.959,160.0,180.0,180.0,226.1,226.1,226.1
time,lat,lon,hdg,rsa_0,rsa_1,rsa_2,rpm_0,rpm_1,rpm_2
1597752435.7601664,0.006499833333333333,0.0251305,276.49,160.0,180.0,180.0,226.1,226.1,226.1
time,lat,lon,hdg,rsa_0,rsa_1,rsa_2,rpm_0,rpm_1,rpm_2
1597752435.9643657,0.006499666666666667,0.0251205,277.064,160.0,180.0,180.0,226.1,226.1,226.1
time,lat,lon,hdg,rsa_0,rsa_1,rsa_2,rpm_0,rpm_1,rpm_2
1597752436.1604853,0.0064995,0.02511,277.613,160.0,180.0,180.0,226.1,226.1,226.1
time,lat,lon,hdg,rsa_0,rsa_1,rsa_2,rpm_0,rpm_1,rpm_2
1597752436.2632499,0.0064995,0.025105,277.897,160.0,180.0,180.0,226.1,226.1,226.1
time,lat,lon,hdg,rsa_0,rsa_1,rsa_2,rpm_0,rpm_1,rpm_2
1597752436.4626765,0.006499666666666667,0.025094833333333334,278.485,160.0,180.0,180.0,226.1,226.1,226.1
time,lat,lon,hdg,rsa_0,rsa_1,rsa_2,rpm_0,rpm_1,rpm_2
1597752436.5628703,0.006499666666666667,0.0250845,278.769,160.0,180.0,180.0,226.1,226.1,226.1
time,lat,lon,hdg,rsa_0,rsa_1,rsa_2,rpm_0,rpm_1,rpm_2
1597752436.765173,0.006499833333333333,0.025079666666666667,279.357,160.0,180.0,180.0,226.1,226.1,226.1
time,lat,lon,hdg,rsa_0,rsa_1,rsa_2,rpm_0,rpm_1,rpm_2
1597752436.958111,0.006500000000000001,0.025069333333333332,279.922,160.0,180.0,180.0,226.1,226.1,226.1
time,lat,lon,hdg,rsa_0,rsa_1,rsa_2,rpm_0,rpm_1,rpm_2
1597752437.0650263,0.006500166666666667,0.0250645,280.244,160.0,180.0,180.0,226.1,226.1,226.1
time,lat,lon,hdg,rsa_0,rsa_1,rsa_2,rpm_0,rpm_1,rpm_2
1597752437.165006,0.006500333333333333,0.025059166666666667,280.538,160.0,180.0,180.0,226.1,226.1,226.1
time,lat,lon,hdg,rsa_0,rsa_1,rsa_2,rpm_0,rpm_1,rpm_2
1597752437.3636491,0.006500666666666667,0.025049333333333333,281.124,160.0,180.0,180.0,226.1,226.1,226.1
time,lat,lon,hdg,rsa_0,rsa_1,rsa_2,rpm_0,rpm_1,rpm_2
1597752437.566303,0.006501166666666666,0.025039333333333334,281.748,163.55,180.0,180.0,226.1,226.1,226.1
time,lat,lon,hdg,rsa_0,rsa_1,rsa_2,rpm_0,rpm_1,rpm_2
1597752437.6673017,0.0065014999999999995,0.02503383333333333,282.049,163.55,180.0,180.0,226.1,226.1,226.1
time,lat,lon,hdg,rsa_0,rsa_1,rsa_2,rpm_0,rpm_1,rpm_2
1597752437.8654878,0.0065021666666666665,0.025023833333333335,282.646,172.75,180.0,180.0,226.1,226.1,226.1
time,lat,lon,hdg,rsa_0,rsa_1,rsa_2,rpm_0,rpm_1,rpm_2
1597752437.9652958,0.0065025,0.025018666666666668,282.935,172.75,180.0,180.0,226.1,226.1,226.1
time,lat,lon,hdg,rsa_0,rsa_1,rsa_2,rpm_0,rpm_1,rpm_2
1597752438.1623244,0.006503166666666667,0.02500866666666667,283.512,181.7,180.0,180.0,226.1,226.1,226.1
time,lat,lon,hdg,rsa_0,rsa_1,rsa_2,rpm_0,rpm_1,rpm_2
1597752438.358745,0.006503833333333334,0.024998833333333335,284.068,190.6,180.0,180.0,226.1,226.1,226.1
time,lat,lon,hdg,rsa_0,rsa_1,rsa_2,rpm_0,rpm_1,rpm_2
1597752438.4657593,0.006504333333333333,0.024993833333333333,284.371,190.6,180.0,180.0,226.1,226.1,226.1
time,lat,lon,hdg,rsa_0,rsa_1,rsa_2,rpm_0,rpm_1,rpm_2
1597752438.6606324,0.006505166666666667,0.0249835,284.904,199.5,180.0,180.0,226.1,226.1,226.1
time,lat,lon,hdg,rsa_0,rsa_1,rsa_2,rpm_0,rpm_1,rpm_2
1597752438.8631823,0.006506,0.02497383333333333,285.449,199.5,180.0,180.0,226.1,226.1,226.1
time,lat,lon,hdg,rsa_0,rsa_1,rsa_2,rpm_0,rpm_1,rpm_2
1597752439.057644,0.006507,0.024963500000000003,285.944,200.0,180.0,180.0,226.1,226.1,226.1
time,lat,lon,hdg,rsa_0,rsa_1,rsa_2,rpm_0,rpm_1,rpm_2
1597752439.1654432,0.0065075,0.024958666666666667,286.218,200.0,180.0,180.0,226.1,226.1,226.1
time,lat,lon,hdg,rsa_0,rsa_1,rsa_2,rpm_0,rpm_1,rpm_2
1597752439.3609192,0.006508666666666666,0.024948333333333333,286.702,200.0,180.0,180.0,226.1,226.1,226.1
time,lat,lon,hdg,rsa_0,rsa_1,rsa_2,rpm_0,rpm_1,rpm_2
1597752439.5579903,0.00651,0.0249385,287.176,200.0,180.0,180.0,226.1,226.1,226.1
time,lat,lon,hdg,rsa_0,rsa_1,rsa_2,rpm_0,rpm_1,rpm_2
1597752439.6582813,0.006510666666666666,0.024933666666666666,287.413,200.0,180.0,180.0,226.1,226.1,226.1
time,lat,lon,hdg,rsa_0,rsa_1,rsa_2,rpm_0,rpm_1,rpm_2
1597752439.759003,0.006511333333333333,0.024928666666666665,287.646,200.0,180.0,180.0,226.1,226.1,226.1
time,lat,lon,hdg,rsa_0,rsa_1,rsa_2,rpm_0,rpm_1,rpm_2
1597752439.8602574,0.006512,0.024923666666666667,287.877,200.0,180.0,180.0,226.1,226.1,226.1
time,lat,lon,hdg,rsa_0,rsa_1,rsa_2,rpm_0,rpm_1,rpm_2
1597752439.9605906,0.006513666666666667,0.024913666666666667,288.104,200.0,180.0,180.0,226.1,226.1,226.1
time,lat,lon,hdg,rsa_0,rsa_1,rsa_2,rpm_0,rpm_1,rpm_2
1597752440.060707,0.006514333333333333,0.02490866666666667,288.328,200.0,180.0,180.0,226.1,226.1,226.1
time,lat,lon,hdg,rsa_0,rsa_1,rsa_2,rpm_0,rpm_1,rpm_2
1597752440.2650256,0.006515333333333333,0.024903666666666668,288.786,200.0,180.0,180.0,226.1,226.1,226.1
time,lat,lon,hdg,rsa_0,rsa_1,rsa_2,rpm_0,rpm_1,rpm_2
1597752440.3656898,0.006516166666666667,0.024898333333333335,289.002,200.0,180.0,180.0,226.1,226.1,226.1
time,lat,lon,hdg,rsa_0,rsa_1,rsa_2,rpm_0,rpm_1,rpm_2
1597752440.559984,0.006518166666666667,0.024888499999999997,289.417,200.0,180.0,180.0,226.1,226.1,226.1
time,lat,lon,hdg,rsa_0,rsa_1,rsa_2,rpm_0,rpm_1,rpm_2
1597752440.6601493,0.00652,0.024879,289.617,200.0,180.0,180.0,226.1,226.1,226.1
time,lat,lon,hdg,rsa_0,rsa_1,rsa_2,rpm_0,rpm_1,rpm_2
1597752440.7673662,0.00652,0.024879,289.834,200.0,180.0,180.0,226.1,226.1,226.1
time,lat,lon,hdg,rsa_0,rsa_1,rsa_2,rpm_0,rpm_1,rpm_2
1597752440.9633446,0.006522333333333334,0.024868833333333333,290.234,200.0,180.0,180.0,226.1,226.1,226.1
time,lat,lon,hdg,rsa_0,rsa_1,rsa_2,rpm_0,rpm_1,rpm_2
1597752441.063543,0.0065245,0.024859333333333334,290.424,200.0,180.0,180.0,226.1,226.1,226.1
time,lat,lon,hdg,rsa_0,rsa_1,rsa_2,rpm_0,rpm_1,rpm_2
1597752441.2605639,0.006525666666666667,0.0248545,290.804,200.0,180.0,180.0,226.1,226.1,226.1
time,lat,lon,hdg,rsa_0,rsa_1,rsa_2,rpm_0,rpm_1,rpm_2
1597752441.3614748,0.006526833333333333,0.024849666666666666,290.992,200.0,180.0,180.0,226.1,226.1,226.1
time,lat,lon,hdg,rsa_0,rsa_1,rsa_2,rpm_0,rpm_1,rpm_2
1597752441.4623432,0.006528,0.024844833333333333,291.178,200.0,180.0,180.0,226.1,226.1,226.1
time,lat,lon,hdg,rsa_0,rsa_1,rsa_2,rpm_0,rpm_1,rpm_2
1597752441.6607053,0.006530666666666667,0.02483516666666667,291.54,200.0,180.0,180.0,226.1,226.1,226.1
time,lat,lon,hdg,rsa_0,rsa_1,rsa_2,rpm_0,rpm_1,rpm_2
1597752441.7607849,0.006531833333333333,0.024830333333333333,291.715,200.0,180.0,180.0,226.1,226.1,226.1
time,lat,lon,hdg,rsa_0,rsa_1,rsa_2,rpm_0,rpm_1,rpm_2
1597752441.9605386,0.0065344999999999995,0.024820833333333334,292.063,200.0,180.0,180.0,226.1,226.1,226.1
time,lat,lon,hdg,rsa_0,rsa_1,rsa_2,rpm_0,rpm_1,rpm_2
1597752442.067359,0.006536,0.024816166666666663,292.244,200.0,180.0,180.0,226.1,226.1,226.1
time,lat,lon,hdg,rsa_0,rsa_1,rsa_2,rpm_0,rpm_1,rpm_2
1597752442.2622766,0.006538833333333333,0.024806166666666667,292.573,200.0,180.0,180.0,226.1,226.1,226.1
time,lat,lon,hdg,rsa_0,rsa_1,rsa_2,rpm_0,rpm_1,rpm_2
1597752442.3624866,0.006541666666666667,0.024797,292.73,200.0,180.0,180.0,226.1,226.1,226.1
time,lat,lon,hdg,rsa_0,rsa_1,rsa_2,rpm_0,rpm_1,rpm_2
1597752442.558576,0.006542999999999999,0.024792333333333336,293.043,200.0,180.0,180.0,226.1,226.1,226.1
time,lat,lon,hdg,rsa_0,rsa_1,rsa_2,rpm_0,rpm_1,rpm_2
1597752442.6647375,0.0065445,0.024787666666666666,293.21,200.0,180.0,180.0,226.1,226.1,226.1
time,lat,lon,hdg,rsa_0,rsa_1,rsa_2,rpm_0,rpm_1,rpm_2
1597752442.7649775,0.0065474999999999995,0.024777833333333332,293.36,200.0,180.0,180.0,226.1,226.1,226.1
time,lat,lon,hdg,rsa_0,rsa_1,rsa_2,rpm_0,rpm_1,rpm_2
1597752442.960337,0.006549,0.024773,293.653,200.0,180.0,180.0,226.1,226.1,226.1
time,lat,lon,hdg,rsa_0,rsa_1,rsa_2,rpm_0,rpm_1,rpm_2
1597752443.0602708,0.0065505,0.024768500000000002,293.796,200.0,180.0,180.0,226.1,226.1,226.1
time,lat,lon,hdg,rsa_0,rsa_1,rsa_2,rpm_0,rpm_1,rpm_2
1597752443.1607018,0.0065535,0.024759,293.939,200.0,180.0,180.0,226.1,226.1,226.1
time,lat,lon,hdg,rsa_0,rsa_1,rsa_2,rpm_0,rpm_1,rpm_2
1597752443.4091663,0.006555,0.024754333333333333,294.226,200.0,180.0,180.0,226.1,226.1,226.1
time,lat,lon,hdg,rsa_0,rsa_1,rsa_2,rpm_0,rpm_1,rpm_2
1597752443.5612955,0.006558166666666667,0.02474466666666667,294.488,200.0,180.0,180.0,226.1,226.1,226.1
time,lat,lon,hdg,rsa_0,rsa_1,rsa_2,rpm_0,rpm_1,rpm_2
1597752443.7639747,0.006561166666666667,0.0247355,294.754,200.0,180.0,180.0,226.1,226.1,226.1
time,lat,lon,hdg,rsa_0,rsa_1,rsa_2,rpm_0,rpm_1,rpm_2
1597752443.8640919,0.0065643333333333335,0.024725666666666667,294.878,200.0,180.0,180.0,226.1,226.1,226.1
time,lat,lon,hdg,rsa_0,rsa_1,rsa_2,rpm_0,rpm_1,rpm_2
1597752444.0658154,0.006565833333333334,0.02472133333333333,295.124,200.0,180.0,180.0,226.1,226.1,226.1
time,lat,lon,hdg,rsa_0,rsa_1,rsa_2,rpm_0,rpm_1,rpm_2
1597752444.2573376,0.006569166666666667,0.024711666666666667,295.35,200.0,180.0,180.0,226.1,226.1,226.1
time,lat,lon,hdg,rsa_0,rsa_1,rsa_2,rpm_0,rpm_1,rpm_2
1597752444.3637998,0.0065706666666666665,0.024707166666666665,295.473,200.0,180.0,180.0,226.1,226.1,226.1
time,lat,lon,hdg,rsa_0,rsa_1,rsa_2,rpm_0,rpm_1,rpm_2
1597752444.464283,0.006574,0.024697666666666666,295.579,200.0,180.0,180.0,226.1,226.1,226.1
time,lat,lon,hdg,rsa_0,rsa_1,rsa_2,rpm_0,rpm_1,rpm_2
1597752444.740912,0.0065755,0.024693,295.801,200.0,180.0,180.0,226.1,226.1,226.1
time,lat,lon,hdg,rsa_0,rsa_1,rsa_2,rpm_0,rpm_1,rpm_2
1597752444.8601933,0.006579,0.0246835,296.001,200.0,180.0,180.0,226.1,226.1,226.1
time,lat,lon,hdg,rsa_0,rsa_1,rsa_2,rpm_0,rpm_1,rpm_2
1597752444.9660397,0.0065805,0.024678833333333334,296.107,200.0,180.0,180.0,226.1,226.1,226.1
time,lat,lon,hdg,rsa_0,rsa_1,rsa_2,rpm_0,rpm_1,rpm_2
1597752445.0661726,0.0065840000000000004,0.02466916666666667,296.203,200.0,180.0,180.0,226.1,226.1,226.1
time,lat,lon,hdg,rsa_0,rsa_1,rsa_2,rpm_0,rpm_1,rpm_2
1597752445.263679,0.006585666666666667,0.024664666666666668,296.393,200.0,180.0,180.0,226.1,226.1,226.1
time,lat,lon,hdg,rsa_0,rsa_1,rsa_2,rpm_0,rpm_1,rpm_2
1597752445.3637292,0.0065875,0.024659833333333332,296.483,200.0,180.0,180.0,226.1,226.1,226.1
time,lat,lon,hdg,rsa_0,rsa_1,rsa_2,rpm_0,rpm_1,rpm_2
1597752445.559269,0.006590833333333334,0.024650666666666664,296.65,200.0,180.0,180.0,226.1,226.1,226.1
time,lat,lon,hdg,rsa_0,rsa_1,rsa_2,rpm_0,rpm_1,rpm_2
1597752445.6626499,0.0065925,0.024646166666666667,296.741,200.0,180.0,180.0,226.1,226.1,226.1
time,lat,lon,hdg,rsa_0,rsa_1,rsa_2,rpm_0,rpm_1,rpm_2
1597752445.7637753,0.0065945000000000005,0.024641000000000003,296.819,200.0,180.0,180.0,226.1,226.1,226.1
time,lat,lon,hdg,rsa_0,rsa_1,rsa_2,rpm_0,rpm_1,rpm_2
1597752445.960454,0.0065980000000000006,0.024631999999999998,296.973,200.0,180.0,180.0,226.1,226.1,226.1
time,lat,lon,hdg,rsa_0,rsa_1,rsa_2,rpm_0,rpm_1,rpm_2
1597752446.1582549,0.0066015,0.024622833333333333,297.118,200.0,180.0,180.0,226.1,226.1,226.1
time,lat,lon,hdg,rsa_0,rsa_1,rsa_2,rpm_0,rpm_1,rpm_2
1597752446.2638915,0.0066033333333333335,0.024618166666666667,297.194,200.0,180.0,180.0,226.1,226.1,226.1
time,lat,lon,hdg,rsa_0,rsa_1,rsa_2,rpm_0,rpm_1,rpm_2
1597752446.364575,0.006605333333333334,0.02461316666666667,297.261,200.0,180.0,180.0,226.1,226.1,226.1
time,lat,lon,hdg,rsa_0,rsa_1,rsa_2,rpm_0,rpm_1,rpm_2
1597752446.4649098,0.006607333333333334,0.0246085,297.327,200.0,180.0,180.0,226.1,226.1,226.1
time,lat,lon,hdg,rsa_0,rsa_1,rsa_2,rpm_0,rpm_1,rpm_2
1597752446.5649438,0.006609166666666667,0.02460383333333333,297.389,200.0,180.0,180.0,226.1,226.1,226.1
time,lat,lon,hdg,rsa_0,rsa_1,rsa_2,rpm_0,rpm_1,rpm_2
1597752446.7611008,0.006613,0.024594666666666667,297.506,200.0,180.0,180.0,226.1,226.1,226.1
time,lat,lon,hdg,rsa_0,rsa_1,rsa_2,rpm_0,rpm_1,rpm_2
1597752446.9889696,0.006616666666666667,0.024586,297.619,200.0,180.0,180.0,226.1,226.1,226.1
time,lat,lon,hdg,rsa_0,rsa_1,rsa_2,rpm_0,rpm_1,rpm_2
1597752447.1589003,0.006620833333333334,0.024576333333333332,297.716,200.0,180.0,180.0,226.1,226.1,226.1
time,lat,lon,hdg,rsa_0,rsa_1,rsa_2,rpm_0,rpm_1,rpm_2
1597752447.263228,0.0066226666666666665,0.024572,297.767,200.0,180.0,180.0,226.1,226.1,226.1
time,lat,lon,hdg,rsa_0,rsa_1,rsa_2,rpm_0,rpm_1,rpm_2
1597752447.459452,0.006626666666666667,0.024562666666666667,297.852,200.0,180.0,180.0,226.1,226.1,226.1
time,lat,lon,hdg,rsa_0,rsa_1,rsa_2,rpm_0,rpm_1,rpm_2
1597752447.5664294,0.006628666666666667,0.024558166666666666,297.896,200.0,180.0,180.0,226.1,226.1,226.1
time,lat,lon,hdg,rsa_0,rsa_1,rsa_2,rpm_0,rpm_1,rpm_2
1597752447.7611997,0.006633,0.024548666666666667,297.969,200.0,180.0,180.0,226.1,226.1,226.1
time,lat,lon,hdg,rsa_0,rsa_1,rsa_2,rpm_0,rpm_1,rpm_2
1597752447.863096,0.006635,0.024544333333333335,298.002,200.0,180.0,180.0,226.1,226.1,226.1
time,lat,lon,hdg,rsa_0,rsa_1,rsa_2,rpm_0,rpm_1,rpm_2
1597752448.0658414,0.006639000000000001,0.024535333333333336,298.066,200.0,180.0,180.0,226.1,226.1,226.1
time,lat,lon,hdg,rsa_0,rsa_1,rsa_2,rpm_0,rpm_1,rpm_2
1597752448.165913,0.0066433333333333336,0.024525833333333334,298.093,200.0,180.0,180.0,226.1,226.1,226.1
time,lat,lon,hdg,rsa_0,rsa_1,rsa_2,rpm_0,rpm_1,rpm_2
1597752448.360737,0.0066454999999999995,0.024521333333333332,298.14,200.0,180.0,180.0,226.1,226.1,226.1
time,lat,lon,hdg,rsa_0,rsa_1,rsa_2,rpm_0,rpm_1,rpm_2
1597752448.4610944,0.0066495,0.0245125,298.161,200.0,180.0,180.0,226.1,226.1,226.1
time,lat,lon,hdg,rsa_0,rsa_1,rsa_2,rpm_0,rpm_1,rpm_2
1597752448.7340984,0.006651666666666667,0.024508,298.197,200.0,180.0,180.0,226.1,226.1,226.1
time,lat,lon,hdg,rsa_0,rsa_1,rsa_2,rpm_0,rpm_1,rpm_2
1597752448.861319,0.006656,0.024498666666666665,298.223,200.0,180.0,180.0,226.1,226.1,226.1
time,lat,lon,hdg,rsa_0,rsa_1,rsa_2,rpm_0,rpm_1,rpm_2
1597752449.066247,0.006660166666666667,0.024489833333333332,298.241,200.0,180.0,180.0,226.1,226.1,226.1
time,lat,lon,hdg,rsa_0,rsa_1,rsa_2,rpm_0,rpm_1,rpm_2
1597752449.2627013,0.006664666666666667,0.024480333333333333,298.249,200.0,180.0,180.0,226.1,226.1,226.1
time,lat,lon,hdg,rsa_0,rsa_1,rsa_2,rpm_0,rpm_1,rpm_2
1597752449.3640027,0.006666666666666667,0.024476,298.25,200.0,180.0,180.0,226.1,226.1,226.1
time,lat,lon,hdg,rsa_0,rsa_1,rsa_2,rpm_0,rpm_1,rpm_2
1597752449.5600405,0.006671,0.024467000000000003,298.246,200.0,180.0,180.0,226.1,226.1,226.1
time,lat,lon,hdg,rsa_0,rsa_1,rsa_2,rpm_0,rpm_1,rpm_2
1597752449.660126,0.006675166666666666,0.024457999999999997,298.24,200.0,180.0,180.0,226.1,226.1,226.1
time,lat,lon,hdg,rsa_0,rsa_1,rsa_2,rpm_0,rpm_1,rpm_2
1597752449.7639086,0.006675166666666666,0.024457999999999997,298.232,200.0,180.0,180.0,226.1,226.1,226.1
time,lat,lon,hdg,rsa_0,rsa_1,rsa_2,rpm_0,rpm_1,rpm_2
1597752449.8640096,0.0066775,0.024453,298.221,200.0,180.0,180.0,226.1,226.1,226.1
time,lat,lon,hdg,rsa_0,rsa_1,rsa_2,rpm_0,rpm_1,rpm_2
1597752450.058084,0.006681833333333333,0.024444166666666666,298.195,200.0,180.0,180.0,226.1,226.1,226.1
time,lat,lon,hdg,rsa_0,rsa_1,rsa_2,rpm_0,rpm_1,rpm_2
1597752450.1642737,0.006683833333333333,0.024439833333333334,298.177,200.0,180.0,180.0,226.1,226.1,226.1
time,lat,lon,hdg,rsa_0,rsa_1,rsa_2,rpm_0,rpm_1,rpm_2
1597752450.3590577,0.0066883333333333335,0.0244305,298.138,200.0,180.0,180.0,226.1,226.1,226.1
time,lat,lon,hdg,rsa_0,rsa_1,rsa_2,rpm_0,rpm_1,rpm_2
1597752450.4644444,0.006690333333333334,0.02442616666666667,298.112,200.0,180.0,180.0,226.1,226.1,226.1
time,lat,lon,hdg,rsa_0,rsa_1,rsa_2,rpm_0,rpm_1,rpm_2
1597752450.6612463,0.006694833333333333,0.024416666666666666,298.059,200.0,180.0,180.0,226.1,226.1,226.1
time,lat,lon,hdg,rsa_0,rsa_1,rsa_2,rpm_0,rpm_1,rpm_2
1597752450.8582962,0.006699,0.024408,297.997,200.0,180.0,180.0,226.1,226.1,226.1
time,lat,lon,hdg,rsa_0,rsa_1,rsa_2,rpm_0,rpm_1,rpm_2
1597752450.9653752,0.006701166666666666,0.024403333333333332,297.959,200.0,180.0,180.0,226.1,226.1,226.1
time,lat,lon,hdg,rsa_0,rsa_1,rsa_2,rpm_0,rpm_1,rpm_2
1597752451.1610696,0.006705833333333333,0.024394000000000002,297.884,200.0,180.0,180.0,226.1,226.1,226.1
time,lat,lon,hdg,rsa_0,rsa_1,rsa_2,rpm_0,rpm_1,rpm_2
1597752451.261362,0.00671,0.024385,297.842,200.0,180.0,180.0,226.1,226.1,226.1
time,lat,lon,hdg,rsa_0,rsa_1,rsa_2,rpm_0,rpm_1,rpm_2
1597752451.3659046,0.00671,0.024385,297.795,200.0,180.0,180.0,226.1,226.1,226.1
time,lat,lon,hdg,rsa_0,rsa_1,rsa_2,rpm_0,rpm_1,rpm_2
1597752451.5596821,0.0067146666666666665,0.024375666666666667,297.702,200.0,180.0,180.0,226.1,226.1,226.1
time,lat,lon,hdg,rsa_0,rsa_1,rsa_2,rpm_0,rpm_1,rpm_2
1597752451.6651454,0.006716666666666667,0.024371333333333335,297.649,200.0,180.0,180.0,226.1,226.1,226.1
time,lat,lon,hdg,rsa_0,rsa_1,rsa_2,rpm_0,rpm_1,rpm_2
1597752451.8588595,0.006721166666666667,0.024361999999999998,297.543,200.0,180.0,180.0,226.1,226.1,226.1
time,lat,lon,hdg,rsa_0,rsa_1,rsa_2,rpm_0,rpm_1,rpm_2
1597752451.958914,0.006723333333333333,0.024357666666666666,297.486,200.0,180.0,180.0,226.1,226.1,226.1
time,lat,lon,hdg,rsa_0,rsa_1,rsa_2,rpm_0,rpm_1,rpm_2
1597752452.0657578,0.0067255,0.024353166666666665,297.421,200.0,180.0,180.0,226.1,226.1,226.1
time,lat,lon,hdg,rsa_0,rsa_1,rsa_2,rpm_0,rpm_1,rpm_2
1597752452.2659397,0.006730166666666666,0.024343666666666666,297.295,200.0,180.0,180.0,226.1,226.1,226.1
time,lat,lon,hdg,rsa_0,rsa_1,rsa_2,rpm_0,rpm_1,rpm_2
1597752452.366247,0.006732333333333334,0.02433916666666667,297.226,200.0,180.0,180.0,226.1,226.1,226.1
time,lat,lon,hdg,rsa_0,rsa_1,rsa_2,rpm_0,rpm_1,rpm_2
1597752452.559333,0.006737000000000001,0.02433,297.09,200.0,180.0,180.0,226.1,226.1,226.1
time,lat,lon,hdg,rsa_0,rsa_1,rsa_2,rpm_0,rpm_1,rpm_2
1597752452.6658766,0.006738999999999999,0.02432566666666667,297.011,200.0,180.0,180.0,226.1,226.1,226.1
time,lat,lon,hdg,rsa_0,rsa_1,rsa_2,rpm_0,rpm_1,rpm_2
1597752452.858828,0.006743666666666666,0.024316333333333332,296.862,200.0,180.0,180.0,226.1,226.1,226.1
time,lat,lon,hdg,rsa_0,rsa_1,rsa_2,rpm_0,rpm_1,rpm_2
1597752452.9684768,0.006745833333333334,0.024312,296.776,200.0,180.0,180.0,226.1,226.1,226.1
time,lat,lon,hdg,rsa_0,rsa_1,rsa_2,rpm_0,rpm_1,rpm_2
1597752453.162578,0.0067505,0.024302666666666663,296.61,200.0,180.0,180.0,226.1,226.1,226.1
time,lat,lon,hdg,rsa_0,rsa_1,rsa_2,rpm_0,rpm_1,rpm_2
1597752453.2633486,0.006755,0.024293833333333334,296.524,200.0,180.0,180.0,226.1,226.1,226.1
time,lat,lon,hdg,rsa_0,rsa_1,rsa_2,rpm_0,rpm_1,rpm_2
1597752453.4582903,0.0067571666666666665,0.024289333333333333,296.346,200.0,180.0,180.0,226.1,226.1,226.1
time,lat,lon,hdg,rsa_0,rsa_1,rsa_2,rpm_0,rpm_1,rpm_2
1597752453.5633972,0.006759333333333333,0.024284833333333332,296.243,200.0,180.0,180.0,226.1,226.1,226.1
time,lat,lon,hdg,rsa_0,rsa_1,rsa_2,rpm_0,rpm_1,rpm_2
1597752453.7656353,0.006764,0.024275500000000002,296.048,200.0,180.0,180.0,226.1,226.1,226.1
time,lat,lon,hdg,rsa_0,rsa_1,rsa_2,rpm_0,rpm_1,rpm_2
1597752453.9597723,0.006768666666666667,0.024266333333333334,295.852,200.0,180.0,180.0,226.1,226.1,226.1
time,lat,lon,hdg,rsa_0,rsa_1,rsa_2,rpm_0,rpm_1,rpm_2
1597752454.0639348,0.0067708333333333336,0.024262,295.737,200.0,180.0,180.0,226.1,226.1,226.1
time,lat,lon,hdg,rsa_0,rsa_1,rsa_2,rpm_0,rpm_1,rpm_2
1597752454.2608223,0.0067755,0.024252833333333335,295.525,200.0,180.0,180.0,226.1,226.1,226.1
time,lat,lon,hdg,rsa_0,rsa_1,rsa_2,rpm_0,rpm_1,rpm_2
1597752454.3666325,0.006777833333333333,0.024248166666666668,295.407,200.0,180.0,180.0,226.1,226.1,226.1
time,lat,lon,hdg,rsa_0,rsa_1,rsa_2,rpm_0,rpm_1,rpm_2
1597752454.560476,0.0067824999999999995,0.02423883333333333,295.181,200.0,180.0,180.0,226.1,226.1,226.1
time,lat,lon,hdg,rsa_0,rsa_1,rsa_2,rpm_0,rpm_1,rpm_2
1597752454.6659827,0.006784666666666666,0.0242345,295.056,200.0,180.0,180.0,226.1,226.1,226.1
time,lat,lon,hdg,rsa_0,rsa_1,rsa_2,rpm_0,rpm_1,rpm_2
1597752454.7661898,0.006789333333333333,0.02422516666666667,294.934,200.0,180.0,180.0,226.1,226.1,226.1
time,lat,lon,hdg,rsa_0,rsa_1,rsa_2,rpm_0,rpm_1,rpm_2
1597752454.959486,0.006791500000000001,0.024220833333333334,294.693,200.0,180.0,180.0,226.1,226.1,226.1
time,lat,lon,hdg,rsa_0,rsa_1,rsa_2,rpm_0,rpm_1,rpm_2
1597752455.059768,0.006796,0.024211833333333332,294.567,200.0,180.0,180.0,226.1,226.1,226.1
time,lat,lon,hdg,rsa_0,rsa_1,rsa_2,rpm_0,rpm_1,rpm_2
1597752455.1649063,0.006796,0.024211833333333332,294.426,200.0,180.0,180.0,226.1,226.1,226.1
time,lat,lon,hdg,rsa_0,rsa_1,rsa_2,rpm_0,rpm_1,rpm_2
1597752455.3583024,0.006800666666666667,0.024202333333333333,294.167,200.0,180.0,180.0,226.1,226.1,226.1
time,lat,lon,hdg,rsa_0,rsa_1,rsa_2,rpm_0,rpm_1,rpm_2
1597752455.4654748,0.006802833333333333,0.024198,294.021,200.0,180.0,180.0,226.1,226.1,226.1
time,lat,lon,hdg,rsa_0,rsa_1,rsa_2,rpm_0,rpm_1,rpm_2
1597752455.565961,0.006807333333333334,0.024188666666666667,293.884,200.0,180.0,180.0,226.1,226.1,226.1
time,lat,lon,hdg,rsa_0,rsa_1,rsa_2,rpm_0,rpm_1,rpm_2
1597752455.7616692,0.006809666666666667,0.024184,293.603,200.0,180.0,180.0,226.1,226.1,226.1
time,lat,lon,hdg,rsa_0,rsa_1,rsa_2,rpm_0,rpm_1,rpm_2
1597752455.964452,0.006814,0.024175,293.301,200.0,180.0,180.0,226.1,226.1,226.1
time,lat,lon,hdg,rsa_0,rsa_1,rsa_2,rpm_0,rpm_1,rpm_2
1597752456.165528,0.0068185,0.0241655,292.997,200.0,180.0,180.0,226.1,226.1,226.1
time,lat,lon,hdg,rsa_0,rsa_1,rsa_2,rpm_0,rpm_1,rpm_2
1597752456.358662,0.006823,0.024156333333333332,292.694,200.0,180.0,180.0,226.1,226.1,226.1
time,lat,lon,hdg,rsa_0,rsa_1,rsa_2,rpm_0,rpm_1,rpm_2
1597752456.4587975,0.006825166666666666,0.024152,292.537,200.0,180.0,180.0,226.1,226.1,226.1
time,lat,lon,hdg,rsa_0,rsa_1,rsa_2,rpm_0,rpm_1,rpm_2
1597752456.565741,0.006827333333333334,0.024147333333333333,292.361,200.0,180.0,180.0,226.1,226.1,226.1
time,lat,lon,hdg,rsa_0,rsa_1,rsa_2,rpm_0,rpm_1,rpm_2
1597752456.6659937,0.006829666666666666,0.02414233333333333,292.199,200.0,180.0,180.0,226.1,226.1,226.1
time,lat,lon,hdg,rsa_0,rsa_1,rsa_2,rpm_0,rpm_1,rpm_2
1597752456.8595023,0.006834000000000001,0.024133166666666667,291.872,200.0,180.0,180.0,226.1,226.1,226.1
time,lat,lon,hdg,rsa_0,rsa_1,rsa_2,rpm_0,rpm_1,rpm_2
1597752456.963214,0.006836,0.024128666666666666,291.689,200.0,180.0,180.0,226.1,226.1,226.1
time,lat,lon,hdg,rsa_0,rsa_1,rsa_2,rpm_0,rpm_1,rpm_2
1597752457.1597168,0.0068405,0.024119166666666667,291.354,200.0,180.0,180.0,226.1,226.1,226.1
time,lat,lon,hdg,rsa_0,rsa_1,rsa_2,rpm_0,rpm_1,rpm_2
1597752457.263507,0.0068425000000000005,0.024114833333333332,291.161,200.0,180.0,180.0,226.1,226.1,226.1
time,lat,lon,hdg,rsa_0,rsa_1,rsa_2,rpm_0,rpm_1,rpm_2
1597752457.464197,0.006846833333333333,0.0241055,290.798,200.0,180.0,180.0,226.1,226.1,226.1
time,lat,lon,hdg,rsa_0,rsa_1,rsa_2,rpm_0,rpm_1,rpm_2
1597752457.6631246,0.006851166666666667,0.024096166666666665,290.425,200.0,180.0,180.0,226.1,226.1,226.1
time,lat,lon,hdg,rsa_0,rsa_1,rsa_2,rpm_0,rpm_1,rpm_2
1597752457.8562884,0.0068555,0.024086666666666666,290.06,200.0,180.0,180.0,226.1,226.1,226.1
time,lat,lon,hdg,rsa_0,rsa_1,rsa_2,rpm_0,rpm_1,rpm_2
1597752457.9615042,0.0068575,0.02408216666666667,289.85,200.0,180.0,180.0,226.1,226.1,226.1
time,lat,lon,hdg,rsa_0,rsa_1,rsa_2,rpm_0,rpm_1,rpm_2
1597752458.061498,0.0068618333333333335,0.02407266666666667,289.663,200.0,180.0,180.0,226.1,226.1,226.1
time,lat,lon,hdg,rsa_0,rsa_1,rsa_2,rpm_0,rpm_1,rpm_2
1597752458.166222,0.0068618333333333335,0.02407266666666667,289.454,200.0,180.0,180.0,226.1,226.1,226.1
time,lat,lon,hdg,rsa_0,rsa_1,rsa_2,rpm_0,rpm_1,rpm_2
1597752458.26652,0.006866166666666667,0.024063,289.254,200.0,180.0,180.0,226.1,226.1,226.1
time,lat,lon,hdg,rsa_0,rsa_1,rsa_2,rpm_0,rpm_1,rpm_2
1597752458.4596572,0.0068681666666666665,0.0240585,288.859,200.0,180.0,180.0,226.1,226.1,226.1
time,lat,lon,hdg,rsa_0,rsa_1,rsa_2,rpm_0,rpm_1,rpm_2
1597752458.5597634,0.006872166666666666,0.024049333333333332,288.655,200.0,180.0,180.0,226.1,226.1,226.1
time,lat,lon,hdg,rsa_0,rsa_1,rsa_2,rpm_0,rpm_1,rpm_2
1597752458.6600997,0.0068741666666666664,0.024044666666666666,288.445,200.0,180.0,180.0,226.1,226.1,226.1
time,lat,lon,hdg,rsa_0,rsa_1,rsa_2,rpm_0,rpm_1,rpm_2
1597752458.9689941,0.006876333333333333,0.02404,288.001,200.0,180.0,180.0,226.1,226.1,226.1
time,lat,lon,hdg,rsa_0,rsa_1,rsa_2,rpm_0,rpm_1,rpm_2
1597752459.1635575,0.0068825,0.024025666666666667,287.348,200.0,180.0,180.0,226.1,226.1,226.1
time,lat,lon,hdg,rsa_0,rsa_1,rsa_2,rpm_0,rpm_1,rpm_2
1597752459.363527,0.006886333333333333,0.02401633333333333,286.897,200.0,180.0,180.0,226.1,226.1,226.1
time,lat,lon,hdg,rsa_0,rsa_1,rsa_2,rpm_0,rpm_1,rpm_2
1597752459.4658856,0.0068885000000000005,0.024011333333333332,286.67,200.0,180.0,180.0,226.1,226.1,226.1
time,lat,lon,hdg,rsa_0,rsa_1,rsa_2,rpm_0,rpm_1,rpm_2
1597752459.6581495,0.006892333333333334,0.024002166666666665,286.229,200.0,180.0,180.0,226.1,226.1,226.1
time,lat,lon,hdg,rsa_0,rsa_1,rsa_2,rpm_0,rpm_1,rpm_2
1597752459.7648385,0.006894166666666667,0.023997666666666664,285.976,200.0,180.0,180.0,226.1,226.1,226.1
time,lat,lon,hdg,rsa_0,rsa_1,rsa_2,rpm_0,rpm_1,rpm_2
1597752459.9616933,0.006898166666666666,0.023987833333333333,285.512,200.0,180.0,180.0,226.1,226.1,226.1
time,lat,lon,hdg,rsa_0,rsa_1,rsa_2,rpm_0,rpm_1,rpm_2
1597752460.1657329,0.006902,0.0239785,285.024,200.0,180.0,180.0,226.1,226.1,226.1
time,lat,lon,hdg,rsa_0,rsa_1,rsa_2,rpm_0,rpm_1,rpm_2
1597752460.358891,0.006905833333333333,0.02396883333333333,284.548,200.0,180.0,180.0,226.1,226.1,226.1
time,lat,lon,hdg,rsa_0,rsa_1,rsa_2,rpm_0,rpm_1,rpm_2
1597752460.4587746,0.006907666666666667,0.02396416666666667,284.31,200.0,180.0,180.0,226.1,226.1,226.1
time,lat,lon,hdg,rsa_0,rsa_1,rsa_2,rpm_0,rpm_1,rpm_2
1597752460.5653155,0.006909333333333333,0.023959666666666667,284.041,200.0,180.0,180.0,226.1,226.1,226.1
time,lat,lon,hdg,rsa_0,rsa_1,rsa_2,rpm_0,rpm_1,rpm_2
1597752460.759458,0.006913166666666666,0.023949833333333333,283.555,200.0,180.0,180.0,226.1,226.1,226.1
time,lat,lon,hdg,rsa_0,rsa_1,rsa_2,rpm_0,rpm_1,rpm_2
1597752460.9680533,0.0069166666666666664,0.0239405,283.028,200.0,180.0,180.0,226.1,226.1,226.1
time,lat,lon,hdg,rsa_0,rsa_1,rsa_2,rpm_0,rpm_1,rpm_2
1597752461.1609204,0.006920166666666667,0.023930666666666666,282.523,200.0,180.0,180.0,226.1,226.1,226.1
time,lat,lon,hdg,rsa_0,rsa_1,rsa_2,rpm_0,rpm_1,rpm_2
1597752461.358561,0.0069236666666666665,0.023921166666666667,282.008,200.0,180.0,180.0,226.1,226.1,226.1
time,lat,lon,hdg,rsa_0,rsa_1,rsa_2,rpm_0,rpm_1,rpm_2
1597752461.4593294,0.006925333333333334,0.0239165,281.739,200.0,180.0,180.0,226.1,226.1,226.1
time,lat,lon,hdg,rsa_0,rsa_1,rsa_2,rpm_0,rpm_1,rpm_2
1597752461.565582,0.006927,0.023911666666666668,281.454,200.0,180.0,180.0,226.1,226.1,226.1
time,lat,lon,hdg,rsa_0,rsa_1,rsa_2,rpm_0,rpm_1,rpm_2
1597752461.7603073,0.0069303333333333335,0.023901666666666665,280.929,200.0,180.0,180.0,226.1,226.1,226.1
time,lat,lon,hdg,rsa_0,rsa_1,rsa_2,rpm_0,rpm_1,rpm_2
1597752461.9640708,0.0069334999999999996,0.023892333333333335,280.389,200.0,180.0,180.0,226.1,226.1,226.1
time,lat,lon,hdg,rsa_0,rsa_1,rsa_2,rpm_0,rpm_1,rpm_2
1597752462.1610608,0.0069366666666666665,0.023882499999999997,279.833,200.0,180.0,180.0,226.1,226.1,226.1
time,lat,lon,hdg,rsa_0,rsa_1,rsa_2,rpm_0,rpm_1,rpm_2
1597752462.265871,0.006938166666666666,0.02387766666666667,279.54,200.0,180.0,180.0,226.1,226.1,226.1
time,lat,lon,hdg,rsa_0,rsa_1,rsa_2,rpm_0,rpm_1,rpm_2
1597752462.4609303,0.006941333333333333,0.02386783333333333,278.993,200.0,180.0,180.0,226.1,226.1,226.1
time,lat,lon,hdg,rsa_0,rsa_1,rsa_2,rpm_0,rpm_1,rpm_2
1597752462.5656216,0.006942833333333333,0.023863166666666664,278.696,200.0,180.0,180.0,226.1,226.1,226.1
time,lat,lon,hdg,rsa_0,rsa_1,rsa_2,rpm_0,rpm_1,rpm_2
1597752462.6688938,0.006944333333333333,0.023858166666666666,278.411,200.0,180.0,180.0,226.1,226.1,226.1
time,lat,lon,hdg,rsa_0,rsa_1,rsa_2,rpm_0,rpm_1,rpm_2
1597752462.860614,0.006947166666666667,0.023848499999999998,277.851,200.0,180.0,180.0,226.1,226.1,226.1
time,lat,lon,hdg,rsa_0,rsa_1,rsa_2,rpm_0,rpm_1,rpm_2
1597752462.9604294,0.0069485,0.023843666666666666,277.567,200.0,180.0,180.0,226.1,226.1,226.1
time,lat,lon,hdg,rsa_0,rsa_1,rsa_2,rpm_0,rpm_1,rpm_2
1597752463.1574588,0.006951166666666666,0.023834166666666667,276.988,200.0,180.0,180.0,226.1,226.1,226.1
time,lat,lon,hdg,rsa_0,rsa_1,rsa_2,rpm_0,rpm_1,rpm_2
1597752463.2692318,0.0069525,0.02382933333333333,276.67,200.0,180.0,180.0,226.1,226.1,226.1
time,lat,lon,hdg,rsa_0,rsa_1,rsa_2,rpm_0,rpm_1,rpm_2
1597752463.4627113,0.006955333333333333,0.023819166666666666,276.087,200.0,180.0,180.0,226.1,226.1,226.1
time,lat,lon,hdg,rsa_0,rsa_1,rsa_2,rpm_0,rpm_1,rpm_2
1597752463.6655388,0.006957833333333333,0.023809833333333332,275.479,200.0,180.0,180.0,226.1,226.1,226.1
time,lat,lon,hdg,rsa_0,rsa_1,rsa_2,rpm_0,rpm_1,rpm_2
1597752463.765638,0.006960333333333333,0.023799666666666667,275.183,200.0,180.0,180.0,226.1,226.1,226.1
time,lat,lon,hdg,rsa_0,rsa_1,rsa_2,rpm_0,rpm_1,rpm_2
1597752463.9593847,0.0069615,0.023795,274.596,200.0,180.0,180.0,226.1,226.1,226.1
time,lat,lon,hdg,rsa_0,rsa_1,rsa_2,rpm_0,rpm_1,rpm_2
1597752464.0664873,0.006962666666666667,0.023790166666666668,274.265,200.0,180.0,180.0,226.1,226.1,226.1
time,lat,lon,hdg,rsa_0,rsa_1,rsa_2,rpm_0,rpm_1,rpm_2
1597752464.2627513,0.006965,0.023780166666666665,273.665,200.0,180.0,180.0,226.1,226.1,226.1
time,lat,lon,hdg,rsa_0,rsa_1,rsa_2,rpm_0,rpm_1,rpm_2
1597752464.3629255,0.006966,0.023775333333333332,273.356,200.0,180.0,180.0,226.1,226.1,226.1
time,lat,lon,hdg,rsa_0,rsa_1,rsa_2,rpm_0,rpm_1,rpm_2
1597752464.4630475,0.006968166666666667,0.0237655,273.045,200.0,180.0,180.0,226.1,226.1,226.1
time,lat,lon,hdg,rsa_0,rsa_1,rsa_2,rpm_0,rpm_1,rpm_2
1597752464.6586747,0.006969166666666667,0.023760666666666666,272.43,200.0,180.0,180.0,226.1,226.1,226.1
time,lat,lon,hdg,rsa_0,rsa_1,rsa_2,rpm_0,rpm_1,rpm_2
1597752464.7655685,0.006970166666666667,0.02375583333333333,272.089,200.0,180.0,180.0,226.1,226.1,226.1
time,lat,lon,hdg,rsa_0,rsa_1,rsa_2,rpm_0,rpm_1,rpm_2
1597752464.8659105,0.0069721666666666664,0.023745833333333334,271.778,200.0,180.0,180.0,226.1,226.1,226.1
time,lat,lon,hdg,rsa_0,rsa_1,rsa_2,rpm_0,rpm_1,rpm_2
1597752465.0617914,0.006973166666666667,0.023740833333333333,271.147,200.0,180.0,180.0,226.1,226.1,226.1
time,lat,lon,hdg,rsa_0,rsa_1,rsa_2,rpm_0,rpm_1,rpm_2
1597752465.2653053,0.006974833333333333,0.023731333333333333,270.495,200.0,180.0,180.0,226.1,226.1,226.1
time,lat,lon,hdg,rsa_0,rsa_1,rsa_2,rpm_0,rpm_1,rpm_2
1597752465.3655515,0.0069766666666666675,0.023721166666666668,270.178,200.0,180.0,180.0,226.1,226.1,226.1
time,lat,lon,hdg,rsa_0,rsa_1,rsa_2,rpm_0,rpm_1,rpm_2
1597752465.4665053,0.0069775,0.023716166666666667,269.854,200.0,180.0,180.0,226.1,226.1,226.1
time,lat,lon,hdg,rsa_0,rsa_1,rsa_2,rpm_0,rpm_1,rpm_2
1597752465.6615303,0.006978166666666666,0.0237115,269.214,200.0,180.0,180.0,226.1,226.1,226.1
time,lat,lon,hdg,rsa_0,rsa_1,rsa_2,rpm_0,rpm_1,rpm_2
1597752465.7615166,0.0069798333333333335,0.023701666666666666,268.892,200.0,180.0,180.0,226.1,226.1,226.1
time,lat,lon,hdg,rsa_0,rsa_1,rsa_2,rpm_0,rpm_1,rpm_2
1597752465.9672036,0.0069805,0.023696833333333334,268.212,200.0,180.0,180.0,226.1,226.1,226.1
time,lat,lon,hdg,rsa_0,rsa_1,rsa_2,rpm_0,rpm_1,rpm_2
1597752466.1608045,0.006981833333333334,0.0236865,267.56,200.0,180.0,180.0,226.1,226.1,226.1
time,lat,lon,hdg,rsa_0,rsa_1,rsa_2,rpm_0,rpm_1,rpm_2
1597752466.2609606,0.006983166666666666,0.02367683333333333,267.238,200.0,180.0,180.0,226.1,226.1,226.1
time,lat,lon,hdg,rsa_0,rsa_1,rsa_2,rpm_0,rpm_1,rpm_2
1597752466.36504,0.006983166666666666,0.02367683333333333,266.882,200.0,180.0,180.0,226.1,226.1,226.1
time,lat,lon,hdg,rsa_0,rsa_1,rsa_2,rpm_0,rpm_1,rpm_2
1597752466.560931,0.006984333333333333,0.023666666666666666,266.238,200.0,180.0,180.0,226.1,226.1,226.1
time,lat,lon,hdg,rsa_0,rsa_1,rsa_2,rpm_0,rpm_1,rpm_2
1597752466.662169,0.006984833333333333,0.023662166666666665,265.872,200.0,180.0,180.0,226.1,226.1,226.1
time,lat,lon,hdg,rsa_0,rsa_1,rsa_2,rpm_0,rpm_1,rpm_2
1597752466.8627343,0.0069858333333333335,0.023652333333333334,265.193,200.0,180.0,180.0,226.1,226.1,226.1
time,lat,lon,hdg,rsa_0,rsa_1,rsa_2,rpm_0,rpm_1,rpm_2
1597752466.9622085,0.006986666666666667,0.02364216666666667,264.87,200.0,180.0,180.0,226.1,226.1,226.1
time,lat,lon,hdg,rsa_0,rsa_1,rsa_2,rpm_0,rpm_1,rpm_2
1597752467.16256,0.006987166666666667,0.0236375,264.168,200.0,180.0,180.0,226.1,226.1,226.1
time,lat,lon,hdg,rsa_0,rsa_1,rsa_2,rpm_0,rpm_1,rpm_2
1597752467.262781,0.006987833333333333,0.023627333333333334,263.841,200.0,180.0,180.0,226.1,226.1,226.1
time,lat,lon,hdg,rsa_0,rsa_1,rsa_2,rpm_0,rpm_1,rpm_2
1597752467.4637895,0.006988166666666667,0.023622666666666667,263.132,200.0,180.0,180.0,226.1,226.1,226.1
time,lat,lon,hdg,rsa_0,rsa_1,rsa_2,rpm_0,rpm_1,rpm_2
1597752467.660551,0.006988833333333333,0.023612666666666667,262.466,200.0,180.0,180.0,226.1,226.1,226.1
time,lat,lon,hdg,rsa_0,rsa_1,rsa_2,rpm_0,rpm_1,rpm_2
1597752467.76601,0.0069889999999999996,0.02360783333333333,262.088,200.0,180.0,180.0,226.1,226.1,226.1
time,lat,lon,hdg,rsa_0,rsa_1,rsa_2,rpm_0,rpm_1,rpm_2
1597752467.865975,0.0069895,0.0235975,261.738,200.0,180.0,180.0,226.1,226.1,226.1
time,lat,lon,hdg,rsa_0,rsa_1,rsa_2,rpm_0,rpm_1,rpm_2
1597752467.968241,0.0069895,0.0235975,261.393,200.0,180.0,180.0,226.1,226.1,226.1
time,lat,lon,hdg,rsa_0,rsa_1,rsa_2,rpm_0,rpm_1,rpm_2
1597752468.1576095,0.006989833333333333,0.023587833333333332,260.706,200.0,180.0,180.0,226.1,226.1,226.1
time,lat,lon,hdg,rsa_0,rsa_1,rsa_2,rpm_0,rpm_1,rpm_2
1597752468.2576795,0.006989833333333333,0.023583166666666665,260.358,200.0,180.0,180.0,226.1,226.1,226.1
time,lat,lon,hdg,rsa_0,rsa_1,rsa_2,rpm_0,rpm_1,rpm_2
1597752468.3645787,0.00699,0.023578333333333333,259.973,200.0,180.0,180.0,226.1,226.1,226.1
time,lat,lon,hdg,rsa_0,rsa_1,rsa_2,rpm_0,rpm_1,rpm_2
1597752468.5602643,0.00699,0.023568166666666668,259.285,200.0,180.0,180.0,226.1,226.1,226.1
time,lat,lon,hdg,rsa_0,rsa_1,rsa_2,rpm_0,rpm_1,rpm_2
1597752468.6632648,0.00699,0.0235635,258.934,200.0,180.0,180.0,226.1,226.1,226.1
time,lat,lon,hdg,rsa_0,rsa_1,rsa_2,rpm_0,rpm_1,rpm_2
1597752468.769013,0.00699,0.02355866666666667,258.545,200.0,180.0,180.0,226.1,226.1,226.1
time,lat,lon,hdg,rsa_0,rsa_1,rsa_2,rpm_0,rpm_1,rpm_2
1597752468.9621782,0.006989833333333333,0.023548333333333334,257.838,200.0,180.0,180.0,226.1,226.1,226.1
time,lat,lon,hdg,rsa_0,rsa_1,rsa_2,rpm_0,rpm_1,rpm_2
1597752469.0622895,0.006989666666666667,0.023543666666666668,257.483,200.0,180.0,180.0,226.1,226.1,226.1
time,lat,lon,hdg,rsa_0,rsa_1,rsa_2,rpm_0,rpm_1,rpm_2
1597752469.2594993,0.0069893333333333335,0.023534,256.771,200.0,180.0,180.0,226.1,226.1,226.1
time,lat,lon,hdg,rsa_0,rsa_1,rsa_2,rpm_0,rpm_1,rpm_2
1597752469.3654964,0.006989166666666667,0.023529166666666667,256.377,200.0,180.0,180.0,226.1,226.1,226.1
time,lat,lon,hdg,rsa_0,rsa_1,rsa_2,rpm_0,rpm_1,rpm_2
1597752469.5604284,0.006988666666666667,0.023519166666666664,255.666,200.0,180.0,180.0,226.1,226.1,226.1
time,lat,lon,hdg,rsa_0,rsa_1,rsa_2,rpm_0,rpm_1,rpm_2
1597752469.6672747,0.006988333333333333,0.023514333333333335,255.282,200.0,180.0,180.0,226.1,226.1,226.1
time,lat,lon,hdg,rsa_0,rsa_1,rsa_2,rpm_0,rpm_1,rpm_2
1597752469.8613183,0.006987666666666667,0.023504333333333335,254.56,200.0,180.0,180.0,226.1,226.1,226.1
time,lat,lon,hdg,rsa_0,rsa_1,rsa_2,rpm_0,rpm_1,rpm_2
1597752470.0587957,0.006986833333333334,0.023495,253.841,200.0,180.0,180.0,226.1,226.1,226.1
time,lat,lon,hdg,rsa_0,rsa_1,rsa_2,rpm_0,rpm_1,rpm_2
1597752470.1584227,0.006986,0.023485333333333334,253.471,200.0,180.0,180.0,226.1,226.1,226.1
time,lat,lon,hdg,rsa_0,rsa_1,rsa_2,rpm_0,rpm_1,rpm_2
1597752470.2630694,0.006986,0.023485333333333334,253.082,200.0,180.0,180.0,226.1,226.1,226.1
time,lat,lon,hdg,rsa_0,rsa_1,rsa_2,rpm_0,rpm_1,rpm_2
1597752470.3655915,0.0069855,0.023480333333333332,252.717,200.0,180.0,180.0,226.1,226.1,226.1
time,lat,lon,hdg,rsa_0,rsa_1,rsa_2,rpm_0,rpm_1,rpm_2
1597752470.572188,0.006984333333333333,0.023470666666666664,251.953,200.0,180.0,180.0,226.1,226.1,226.1
time,lat,lon,hdg,rsa_0,rsa_1,rsa_2,rpm_0,rpm_1,rpm_2
1597752470.7627401,0.006983166666666666,0.023460833333333334,251.218,200.0,180.0,180.0,226.1,226.1,226.1
time,lat,lon,hdg,rsa_0,rsa_1,rsa_2,rpm_0,rpm_1,rpm_2
1597752470.8628128,0.006981833333333334,0.023451333333333334,250.849,200.0,180.0,180.0,226.1,226.1,226.1
time,lat,lon,hdg,rsa_0,rsa_1,rsa_2,rpm_0,rpm_1,rpm_2
1597752470.962914,0.006981166666666667,0.0234465,250.473,200.0,180.0,180.0,226.1,226.1,226.1
time,lat,lon,hdg,rsa_0,rsa_1,rsa_2,rpm_0,rpm_1,rpm_2
1597752471.0633695,0.006980333333333334,0.023441833333333332,250.103,200.0,180.0,180.0,226.1,226.1,226.1
time,lat,lon,hdg,rsa_0,rsa_1,rsa_2,rpm_0,rpm_1,rpm_2
1597752471.2590928,0.006979666666666666,0.023437,249.354,200.0,180.0,180.0,226.1,226.1,226.1
time,lat,lon,hdg,rsa_0,rsa_1,rsa_2,rpm_0,rpm_1,rpm_2
1597752471.3665624,0.006978833333333333,0.023432333333333333,248.944,200.0,180.0,180.0,226.1,226.1,226.1
time,lat,lon,hdg,rsa_0,rsa_1,rsa_2,rpm_0,rpm_1,rpm_2
1597752471.5629385,0.006977166666666667,0.023422333333333333,248.197,200.0,180.0,180.0,226.1,226.1,226.1
time,lat,lon,hdg,rsa_0,rsa_1,rsa_2,rpm_0,rpm_1,rpm_2
1597752471.7600436,0.006975333333333333,0.023413166666666665,247.448,200.0,180.0,180.0,226.1,226.1,226.1
time,lat,lon,hdg,rsa_0,rsa_1,rsa_2,rpm_0,rpm_1,rpm_2
1597752471.8667128,0.006974333333333333,0.0234085,247.041,200.0,180.0,180.0,226.1,226.1,226.1
time,lat,lon,hdg,rsa_0,rsa_1,rsa_2,rpm_0,rpm_1,rpm_2
1597752471.9670274,0.006972333333333333,0.02339866666666667,246.658,200.0,180.0,180.0,226.1,226.1,226.1
time,lat,lon,hdg,rsa_0,rsa_1,rsa_2,rpm_0,rpm_1,rpm_2
1597752472.161022,0.006971333333333333,0.023394166666666667,245.916,200.0,180.0,180.0,226.1,226.1,226.1
time,lat,lon,hdg,rsa_0,rsa_1,rsa_2,rpm_0,rpm_1,rpm_2
1597752472.366155,0.006969333333333333,0.023385,245.121,200.0,180.0,180.0,226.1,226.1,226.1
time,lat,lon,hdg,rsa_0,rsa_1,rsa_2,rpm_0,rpm_1,rpm_2
1597752472.5637524,0.006967,0.023375166666666666,244.355,200.0,180.0,180.0,226.1,226.1,226.1
time,lat,lon,hdg,rsa_0,rsa_1,rsa_2,rpm_0,rpm_1,rpm_2
1597752472.6640592,0.0069645,0.023366,243.975,200.0,180.0,180.0,226.1,226.1,226.1
time,lat,lon,hdg,rsa_0,rsa_1,rsa_2,rpm_0,rpm_1,rpm_2
1597752472.859709,0.0069633333333333335,0.0233615,243.206,200.0,180.0,180.0,226.1,226.1,226.1
time,lat,lon,hdg,rsa_0,rsa_1,rsa_2,rpm_0,rpm_1,rpm_2
1597752472.9597666,0.006962166666666667,0.023356833333333334,242.824,200.0,180.0,180.0,226.1,226.1,226.1
time,lat,lon,hdg,rsa_0,rsa_1,rsa_2,rpm_0,rpm_1,rpm_2
1597752473.1648157,0.0069594999999999995,0.023347833333333335,242.019,200.0,180.0,180.0,226.1,226.1,226.1
time,lat,lon,hdg,rsa_0,rsa_1,rsa_2,rpm_0,rpm_1,rpm_2
1597752473.3595996,0.0069566666666666666,0.023338333333333336,241.257,200.0,180.0,180.0,226.1,226.1,226.1
time,lat,lon,hdg,rsa_0,rsa_1,rsa_2,rpm_0,rpm_1,rpm_2
1597752473.4631538,0.006953833333333334,0.0233295,240.879,200.0,180.0,180.0,226.1,226.1,226.1
time,lat,lon,hdg,rsa_0,rsa_1,rsa_2,rpm_0,rpm_1,rpm_2
1597752473.5664089,0.006953833333333334,0.0233295,240.494,200.0,180.0,180.0,226.1,226.1,226.1
time,lat,lon,hdg,rsa_0,rsa_1,rsa_2,rpm_0,rpm_1,rpm_2
1597752473.7609854,0.006950833333333333,0.023320166666666666,239.695,200.0,180.0,180.0,226.1,226.1,226.1
time,lat,lon,hdg,rsa_0,rsa_1,rsa_2,rpm_0,rpm_1,rpm_2
1597752473.8661842,0.006949333333333333,0.02331566666666667,239.276,200.0,180.0,180.0,226.1,226.1,226.1
time,lat,lon,hdg,rsa_0,rsa_1,rsa_2,rpm_0,rpm_1,rpm_2
1597752474.0613308,0.006946,0.02330633333333333,238.501,199.2,180.0,180.0,226.1,226.1,226.1
time,lat,lon,hdg,rsa_0,rsa_1,rsa_2,rpm_0,rpm_1,rpm_2
1597752474.1615746,0.006942833333333333,0.023297666666666668,238.12,199.2,180.0,180.0,226.1,226.1,226.1
time,lat,lon,hdg,rsa_0,rsa_1,rsa_2,rpm_0,rpm_1,rpm_2
1597752474.264499,0.006942833333333333,0.023297666666666668,237.701,199.2,180.0,180.0,226.1,226.1,226.1
time,lat,lon,hdg,rsa_0,rsa_1,rsa_2,rpm_0,rpm_1,rpm_2
1597752474.3652942,0.006941,0.023292833333333332,237.311,190.25,180.0,180.0,226.1,226.1,226.1
time,lat,lon,hdg,rsa_0,rsa_1,rsa_2,rpm_0,rpm_1,rpm_2
1597752474.5597696,0.006937666666666667,0.023284000000000003,236.561,190.25,180.0,180.0,226.1,226.1,226.1
time,lat,lon,hdg,rsa_0,rsa_1,rsa_2,rpm_0,rpm_1,rpm_2
1597752474.667517,0.0069359999999999995,0.023279833333333333,236.152,181.45,180.0,180.0,226.1,226.1,226.1
time,lat,lon,hdg,rsa_0,rsa_1,rsa_2,rpm_0,rpm_1,rpm_2
1597752474.8595543,0.006932166666666667,0.023270666666666665,235.411,181.45,180.0,180.0,226.1,226.1,226.1
time,lat,lon,hdg,rsa_0,rsa_1,rsa_2,rpm_0,rpm_1,rpm_2
1597752474.9597492,0.006928666666666666,0.023262166666666664,235.047,180.0,180.0,180.0,226.1,226.1,226.1
time,lat,lon,hdg,rsa_0,rsa_1,rsa_2,rpm_0,rpm_1,rpm_2
1597752475.0650635,0.006928666666666666,0.023262166666666664,234.641,180.0,180.0,180.0,226.1,226.1,226.1
time,lat,lon,hdg,rsa_0,rsa_1,rsa_2,rpm_0,rpm_1,rpm_2
1597752475.1652222,0.006924666666666667,0.023253000000000003,234.27,180.0,180.0,180.0,226.1,226.1,226.1
time,lat,lon,hdg,rsa_0,rsa_1,rsa_2,rpm_0,rpm_1,rpm_2
1597752475.2657738,0.006924666666666667,0.023253000000000003,233.906,180.0,180.0,180.0,226.1,226.1,226.1
time,lat,lon,hdg,rsa_0,rsa_1,rsa_2,rpm_0,rpm_1,rpm_2
1597752475.4615676,0.0069208333333333335,0.023244333333333332,233.184,180.0,180.0,180.0,226.1,226.1,226.1
time,lat,lon,hdg,rsa_0,rsa_1,rsa_2,rpm_0,rpm_1,rpm_2
1597752475.5623882,0.006916833333333333,0.023236,232.833,180.0,180.0,180.0,226.1,226.1,226.1
time,lat,lon,hdg,rsa_0,rsa_1,rsa_2,rpm_0,rpm_1,rpm_2
1597752475.6658058,0.006916833333333333,0.023236,232.441,180.0,180.0,180.0,226.1,226.1,226.1
time,lat,lon,hdg,rsa_0,rsa_1,rsa_2,rpm_0,rpm_1,rpm_2
1597752475.8616796,0.0069125,0.023227,231.741,180.0,180.0,180.0,226.1,226.1,226.1
time,lat,lon,hdg,rsa_0,rsa_1,rsa_2,rpm_0,rpm_1,rpm_2
1597752476.2771556,0.0069085,0.023218833333333334,231.012,180.0,180.0,180.0,226.1,226.1,226.1
time,lat,lon,hdg,rsa_0,rsa_1,rsa_2,rpm_0,rpm_1,rpm_2
1597752476.46387,0.006899333333333333,0.0232015,229.612,180.0,180.0,180.0,226.1,226.1,226.1
time,lat,lon,hdg,rsa_0,rsa_1,rsa_2,rpm_0,rpm_1,rpm_2
1597752476.6658778,0.0068948333333333335,0.023193333333333333,228.922,180.0,180.0,180.0,226.1,226.1,226.1
time,lat,lon,hdg,rsa_0,rsa_1,rsa_2,rpm_0,rpm_1,rpm_2
1597752476.859749,0.006889999999999999,0.02318483333333333,228.261,180.0,180.0,180.0,226.1,226.1,226.1
time,lat,lon,hdg,rsa_0,rsa_1,rsa_2,rpm_0,rpm_1,rpm_2
1597752476.9643753,0.006887666666666667,0.023181,227.9,180.0,180.0,180.0,226.1,226.1,226.1
time,lat,lon,hdg,rsa_0,rsa_1,rsa_2,rpm_0,rpm_1,rpm_2
1597752477.0637915,0.0068850000000000005,0.0231765,227.568,180.0,180.0,180.0,226.1,226.1,226.1
time,lat,lon,hdg,rsa_0,rsa_1,rsa_2,rpm_0,rpm_1,rpm_2
1597752477.2590194,0.006880166666666667,0.023168666666666667,226.919,180.0,180.0,180.0,226.1,226.1,226.1
time,lat,lon,hdg,rsa_0,rsa_1,rsa_2,rpm_0,rpm_1,rpm_2
1597752477.3603497,0.006877666666666667,0.023164666666666667,226.586,180.0,180.0,180.0,226.1,226.1,226.1
time,lat,lon,hdg,rsa_0,rsa_1,rsa_2,rpm_0,rpm_1,rpm_2
1597752477.4662752,0.006875166666666667,0.023160666666666666,226.244,180.0,180.0,180.0,226.1,226.1,226.1
time,lat,lon,hdg,rsa_0,rsa_1,rsa_2,rpm_0,rpm_1,rpm_2
1597752477.566969,0.006869666666666666,0.023152333333333334,225.898,180.0,180.0,180.0,226.1,226.1,226.1
time,lat,lon,hdg,rsa_0,rsa_1,rsa_2,rpm_0,rpm_1,rpm_2
1597752477.6672049,0.006867,0.023148333333333333,225.569,180.0,180.0,180.0,226.1,226.1,226.1
time,lat,lon,hdg,rsa_0,rsa_1,rsa_2,rpm_0,rpm_1,rpm_2
1597752477.8641877,0.006864333333333333,0.023144500000000002,224.923,180.0,180.0,180.0,226.1,226.1,226.1
time,lat,lon,hdg,rsa_0,rsa_1,rsa_2,rpm_0,rpm_1,rpm_2
1597752477.964292,0.006858833333333333,0.02313666666666667,224.599,180.0,180.0,180.0,226.1,226.1,226.1
time,lat,lon,hdg,rsa_0,rsa_1,rsa_2,rpm_0,rpm_1,rpm_2
1597752478.160208,0.006856,0.02313283333333333,223.966,180.0,180.0,180.0,226.1,226.1,226.1
time,lat,lon,hdg,rsa_0,rsa_1,rsa_2,rpm_0,rpm_1,rpm_2
1597752478.2604477,0.0068505,0.023125166666666665,223.657,180.0,180.0,180.0,226.1,226.1,226.1
time,lat,lon,hdg,rsa_0,rsa_1,rsa_2,rpm_0,rpm_1,rpm_2
1597752478.3641815,0.0068505,0.023125166666666665,223.312,180.0,180.0,180.0,226.1,226.1,226.1
time,lat,lon,hdg,rsa_0,rsa_1,rsa_2,rpm_0,rpm_1,rpm_2
1597752478.4642074,0.0068446666666666664,0.023117166666666668,223.001,180.0,180.0,180.0,226.1,226.1,226.1
time,lat,lon,hdg,rsa_0,rsa_1,rsa_2,rpm_0,rpm_1,rpm_2
1597752478.6666765,0.0068418333333333334,0.023113500000000002,222.366,180.0,180.0,180.0,226.1,226.1,226.1
time,lat,lon,hdg,rsa_0,rsa_1,rsa_2,rpm_0,rpm_1,rpm_2
1597752478.8591273,0.0068358333333333335,0.023105833333333332,221.764,180.0,180.0,180.0,226.1,226.1,226.1
time,lat,lon,hdg,rsa_0,rsa_1,rsa_2,rpm_0,rpm_1,rpm_2
1597752478.9660444,0.006833166666666667,0.023102166666666667,221.433,180.0,180.0,180.0,226.1,226.1,226.1
time,lat,lon,hdg,rsa_0,rsa_1,rsa_2,rpm_0,rpm_1,rpm_2
1597752479.164182,0.006827,0.0230945,220.833,180.0,180.0,180.0,226.1,226.1,226.1
time,lat,lon,hdg,rsa_0,rsa_1,rsa_2,rpm_0,rpm_1,rpm_2
1597752479.449823,0.006821166666666667,0.023087333333333335,220.208,180.0,180.0,180.0,226.1,226.1,226.1
time,lat,lon,hdg,rsa_0,rsa_1,rsa_2,rpm_0,rpm_1,rpm_2
1597752479.5609283,0.006814666666666667,0.023079666666666665,219.614,180.0,180.0,180.0,226.1,226.1,226.1
time,lat,lon,hdg,rsa_0,rsa_1,rsa_2,rpm_0,rpm_1,rpm_2
1597752479.768415,0.006808666666666667,0.0230725,219.005,180.0,180.0,180.0,226.1,226.1,226.1
time,lat,lon,hdg,rsa_0,rsa_1,rsa_2,rpm_0,rpm_1,rpm_2
1597752479.9638247,0.006802166666666666,0.023065,218.411,180.0,180.0,180.0,226.1,226.1,226.1
time,lat,lon,hdg,rsa_0,rsa_1,rsa_2,rpm_0,rpm_1,rpm_2
1597752480.1611915,0.006796,0.023058000000000002,217.838,180.0,180.0,180.0,226.1,226.1,226.1
time,lat,lon,hdg,rsa_0,rsa_1,rsa_2,rpm_0,rpm_1,rpm_2
1597752480.3633003,0.006789666666666667,0.023051,217.24,180.0,180.0,180.0,226.1,226.1,226.1
time,lat,lon,hdg,rsa_0,rsa_1,rsa_2,rpm_0,rpm_1,rpm_2
1597752480.4652734,0.006786166666666666,0.023047166666666667,216.95,180.0,180.0,180.0,226.1,226.1,226.1
time,lat,lon,hdg,rsa_0,rsa_1,rsa_2,rpm_0,rpm_1,rpm_2
1597752480.5653088,0.0067796666666666665,0.023040166666666664,216.662,180.0,180.0,180.0,226.1,226.1,226.1
time,lat,lon,hdg,rsa_0,rsa_1,rsa_2,rpm_0,rpm_1,rpm_2
1597752480.7579522,0.0067765,0.023036666666666667,216.113,180.0,180.0,180.0,226.1,226.1,226.1
time,lat,lon,hdg,rsa_0,rsa_1,rsa_2,rpm_0,rpm_1,rpm_2
1597752480.8581336,0.0067733333333333335,0.0230335,215.829,180.0,180.0,180.0,226.1,226.1,226.1
time,lat,lon,hdg,rsa_0,rsa_1,rsa_2,rpm_0,rpm_1,rpm_2
1597752480.9627311,0.00677,0.02303,215.522,180.0,180.0,180.0,226.1,226.1,226.1
time,lat,lon,hdg,rsa_0,rsa_1,rsa_2,rpm_0,rpm_1,rpm_2
1597752481.165214,0.0067631666666666665,0.023023000000000002,214.96,180.0,180.0,180.0,226.1,226.1,226.1
time,lat,lon,hdg,rsa_0,rsa_1,rsa_2,rpm_0,rpm_1,rpm_2
1597752481.3582497,0.006756166666666666,0.023016,214.422,180.0,180.0,180.0,226.1,226.1,226.1
time,lat,lon,hdg,rsa_0,rsa_1,rsa_2,rpm_0,rpm_1,rpm_2
1597752481.4588633,0.0067495,0.023009500000000002,214.15,180.0,180.0,180.0,226.1,226.1,226.1
time,lat,lon,hdg,rsa_0,rsa_1,rsa_2,rpm_0,rpm_1,rpm_2
1597752481.5641932,0.0067495,0.023009500000000002,213.851,180.0,180.0,180.0,226.1,226.1,226.1
time,lat,lon,hdg,rsa_0,rsa_1,rsa_2,rpm_0,rpm_1,rpm_2
1597752481.7600088,0.006742333333333334,0.023002666666666668,213.318,180.0,180.0,180.0,226.1,226.1,226.1
time,lat,lon,hdg,rsa_0,rsa_1,rsa_2,rpm_0,rpm_1,rpm_2
1597752481.964027,0.006735666666666667,0.022996333333333334,212.763,180.0,180.0,180.0,226.1,226.1,226.1
time,lat,lon,hdg,rsa_0,rsa_1,rsa_2,rpm_0,rpm_1,rpm_2
1597752482.0641236,0.006731833333333334,0.022992833333333334,212.498,180.0,180.0,180.0,226.1,226.1,226.1
time,lat,lon,hdg,rsa_0,rsa_1,rsa_2,rpm_0,rpm_1,rpm_2
1597752482.1643746,0.006724666666666667,0.022986333333333334,212.231,180.0,180.0,180.0,226.1,226.1,226.1
time,lat,lon,hdg,rsa_0,rsa_1,rsa_2,rpm_0,rpm_1,rpm_2
1597752482.2645311,0.006721,0.022983166666666666,211.964,180.0,180.0,180.0,226.1,226.1,226.1
time,lat,lon,hdg,rsa_0,rsa_1,rsa_2,rpm_0,rpm_1,rpm_2
1597752482.364862,0.0067175,0.02298,211.703,180.0,180.0,180.0,226.1,226.1,226.1
time,lat,lon,hdg,rsa_0,rsa_1,rsa_2,rpm_0,rpm_1,rpm_2
1597752482.4649947,0.006713833333333334,0.022976833333333332,211.434,180.0,180.0,180.0,226.1,226.1,226.1
time,lat,lon,hdg,rsa_0,rsa_1,rsa_2,rpm_0,rpm_1,rpm_2
1597752482.6611693,0.006710166666666667,0.022973666666666667,210.919,180.0,180.0,180.0,226.1,226.1,226.1
time,lat,lon,hdg,rsa_0,rsa_1,rsa_2,rpm_0,rpm_1,rpm_2
1597752482.7613504,0.006706666666666666,0.022970666666666664,210.658,180.0,180.0,180.0,226.1,226.1,226.1
time,lat,lon,hdg,rsa_0,rsa_1,rsa_2,rpm_0,rpm_1,rpm_2
1597752482.8616264,0.006699166666666667,0.0229645,210.398,180.0,180.0,180.0,226.1,226.1,226.1
time,lat,lon,hdg,rsa_0,rsa_1,rsa_2,rpm_0,rpm_1,rpm_2
1597752482.962536,0.006695499999999999,0.022961500000000003,210.145,180.0,180.0,180.0,226.1,226.1,226.1
time,lat,lon,hdg,rsa_0,rsa_1,rsa_2,rpm_0,rpm_1,rpm_2
1597752483.1646736,0.006691833333333333,0.02295866666666667,209.614,180.0,180.0,180.0,226.1,226.1,226.1
time,lat,lon,hdg,rsa_0,rsa_1,rsa_2,rpm_0,rpm_1,rpm_2
1597752483.360758,0.006684,0.022952333333333335,209.119,180.0,180.0,180.0,226.1,226.1,226.1
time,lat,lon,hdg,rsa_0,rsa_1,rsa_2,rpm_0,rpm_1,rpm_2
1597752483.4646742,0.006680333333333333,0.0229495,208.854,180.0,180.0,180.0,226.1,226.1,226.1
time,lat,lon,hdg,rsa_0,rsa_1,rsa_2,rpm_0,rpm_1,rpm_2
1597752483.6635878,0.0066725,0.0229435,208.365,180.0,180.0,180.0,226.1,226.1,226.1
time,lat,lon,hdg,rsa_0,rsa_1,rsa_2,rpm_0,rpm_1,rpm_2
1597752483.8653634,0.006665,0.022938,207.855,180.0,180.0,180.0,226.1,226.1,226.1
time,lat,lon,hdg,rsa_0,rsa_1,rsa_2,rpm_0,rpm_1,rpm_2
