1597655612.904568,5.061650333333334,-2.0703300000000002,270.314,226.1,0.0
time,lat,lon,hdg,rpm,rsa
1597655613.111138,5.061650333333334,-2.0703455,270.298,226.1,0.0
time,lat,lon,hdg,rpm,rsa
1597655613.3164375,5.061650833333333,-2.0703563333333332,270.28,226.1,0.0
time,lat,lon,hdg,rpm,rsa
1597655613.5825186,5.061650833333333,-2.0703668333333334,270.264,226.1,0.0
time,lat,lon,hdg,rpm,rsa
1597655613.792208,5.061650833333333,-2.0703773333333335,270.239,226.1,0.0
time,lat,lon,hdg,rpm,rsa
1597655613.9928317,5.0616515,-2.0703928333333335,270.222,226.1,0.0
time,lat,lon,hdg,rpm,rsa
1597655614.2517993,5.0616515,-2.0703983333333333,270.205,226.1,0.0
time,lat,lon,hdg,rpm,rsa
1597655614.530386,5.061652,-2.070414,270.179,226.1,0.0
time,lat,lon,hdg,rpm,rsa
1597655614.7687309,5.061652,-2.0704296666666666,270.163,226.1,0.0
time,lat,lon,hdg,rpm,rsa
1597655615.0160828,5.061652333333333,-2.0704405,270.138,211.155,0.0
time,lat,lon,hdg,rpm,rsa
1597655615.2455258,5.0616525,-2.070456,270.121,158.749,0.0
time,lat,lon,hdg,rpm,rsa
1597655615.4988751,5.0616525,-2.0704663333333335,270.097,129.341,0.0
time,lat,lon,hdg,rpm,rsa
1597655615.7024004,5.061653166666667,-2.070477,270.08,62.5139,0.0
time,lat,lon,hdg,rpm,rsa
1597655615.9548826,5.061653166666667,-2.0704926666666665,270.064,0.833265,0.0
time,lat,lon,hdg,rpm,rsa
1597655616.2034404,5.061653166666667,-2.070503,270.04,0.816921,0.0
time,lat,lon,hdg,rpm,rsa
1597655616.4044278,5.0616536666666665,-2.0705135,270.024,0.884508,0.0
time,lat,lon,hdg,rpm,rsa
1597655616.605248,5.0616536666666665,-2.0705291666666668,270.009,0.785041,0.0
time,lat,lon,hdg,rpm,rsa
1597655616.8561583,5.0616536666666665,-2.070539833333333,269.992,0.761176,0.0
time,lat,lon,hdg,rpm,rsa
1597655617.0974908,5.061654166666667,-2.07055,269.969,0.746422,0.0
time,lat,lon,hdg,rpm,rsa
1597655617.3105147,5.061654166666667,-2.0705651666666665,269.954,0.724534,0.0
time,lat,lon,hdg,rpm,rsa
1597655617.5832682,5.061654166666667,-2.0705758333333333,269.938,0.783887,0.0
time,lat,lon,hdg,rpm,rsa
1597655617.7916975,5.061654833333334,-2.0705858333333333,269.915,0.695754,0.0
time,lat,lon,hdg,rpm,rsa
1597655617.997239,5.061654833333334,-2.070596166666667,269.899,0.682168,0.0
time,lat,lon,hdg,rpm,rsa
1597655618.2191775,5.061654833333334,-2.0706113333333334,269.884,0.662162,0.0
time,lat,lon,hdg,rpm,rsa
1597655618.4981873,5.061655333333333,-2.0706215,269.861,0.716727,0.0
time,lat,lon,hdg,rpm,rsa
1597655618.7646122,5.061655333333333,-2.0706363333333333,269.847,0.695827,0.0
time,lat,lon,hdg,rpm,rsa
1597655618.9972358,5.061655333333333,-2.0706466666666667,269.824,0.617269,0.0
time,lat,lon,hdg,rpm,rsa
1597655619.2189624,5.061655666666667,-2.0706613333333332,269.809,0.59912,0.0
time,lat,lon,hdg,rpm,rsa
1597655619.5001917,5.061656,-2.0706716666666667,269.787,0.586854,0.0
time,lat,lon,hdg,rpm,rsa
1597655619.7073557,5.061656,-2.0706813333333334,269.772,0.635489,0.0
time,lat,lon,hdg,rpm,rsa
1597655619.9547684,5.061656,-2.070696,269.758,0.616923,0.0
time,lat,lon,hdg,rpm,rsa
1597655620.2036667,5.061656166666666,-2.070706,269.736,0.547307,0.0
time,lat,lon,hdg,rpm,rsa
1597655620.403679,5.0616565,-2.0707205,269.722,0.531367,0.0
time,lat,lon,hdg,rpm,rsa
1597655620.6061099,5.0616565,-2.0707253333333333,269.708,0.581027,0.0
time,lat,lon,hdg,rpm,rsa
1597655620.8155358,5.0616565,-2.0707351666666667,269.694,0.515371,0.0
time,lat,lon,hdg,rpm,rsa
1597655621.042725,5.0616565,-2.070749833333333,269.679,0.500167,0.0
time,lat,lon,hdg,rpm,rsa
1597655621.298878,5.061657,-2.0707595,269.658,0.490428,0.0
time,lat,lon,hdg,rpm,rsa
1597655621.5833867,5.061657,-2.070774,269.644,0.475978,0.0
time,lat,lon,hdg,rpm,rsa
1597655621.7923162,5.061657,-2.0707838333333335,269.623,0.515285,0.0
time,lat,lon,hdg,rpm,rsa
1597655621.997297,5.061657,-2.0707935,269.609,0.457257,0.0
time,lat,lon,hdg,rpm,rsa
1597655622.2033548,5.061657,-2.070803166666667,269.595,0.448092,0.0
time,lat,lon,hdg,rpm,rsa
1597655622.4062285,5.061657666666667,-2.0708175,269.581,0.434983,0.0
time,lat,lon,hdg,rpm,rsa
1597655622.679815,5.061657666666667,-2.0708271666666667,269.567,0.470688,0.0
time,lat,lon,hdg,rpm,rsa
1597655622.898017,5.061657666666667,-2.0708368333333333,269.547,0.417646,0.0
time,lat,lon,hdg,rpm,rsa
1597655623.1287389,5.061657666666667,-2.070850666666667,269.534,0.405613,0.0
time,lat,lon,hdg,rpm,rsa
1597655623.3976202,5.061657666666667,-2.0708603333333335,269.513,0.397449,0.0
time,lat,lon,hdg,rpm,rsa
1597655623.6779246,5.061657666666667,-2.0708745,269.5,0.385676,0.0
time,lat,lon,hdg,rpm,rsa
1597655623.895212,5.061658166666667,-2.0708838333333333,269.48,0.417508,0.0
time,lat,lon,hdg,rpm,rsa
1597655624.127789,5.061658166666667,-2.0708975,269.467,0.405404,0.0
time,lat,lon,hdg,rpm,rsa
1597655624.394467,5.061658166666667,-2.070907,269.447,0.359648,0.0
time,lat,lon,hdg,rpm,rsa
1597655624.5973506,5.061658166666667,-2.0709163333333334,269.44,0.352353,0.0
time,lat,lon,hdg,rpm,rsa
1597655624.7988474,5.061658166666667,-2.07093,269.421,0.381469,0.0
time,lat,lon,hdg,rpm,rsa
1597655624.9998338,5.061658166666667,-2.0709393333333335,269.408,0.338701,0.0
time,lat,lon,hdg,rpm,rsa
1597655625.2016075,5.061658166666667,-2.070944,269.394,0.331852,0.0
time,lat,lon,hdg,rpm,rsa
1597655625.4055197,5.061658166666667,-2.0709576666666667,269.382,0.322119,0.0
time,lat,lon,hdg,rpm,rsa
1597655625.6882899,5.061658166666667,-2.0709666666666666,269.369,0.34886,0.0
time,lat,lon,hdg,rpm,rsa
1597655625.8969402,5.061658833333333,-2.070976,269.35,0.309385,0.0
time,lat,lon,hdg,rpm,rsa
1597655626.1002252,5.061658833333333,-2.0709851666666665,269.337,0.303219,0.0
time,lat,lon,hdg,rpm,rsa
1597655626.3019776,5.061658166666667,-2.070999,269.325,0.32858,0.0
time,lat,lon,hdg,rpm,rsa
1597655626.5805285,5.061658166666667,-2.0710076666666666,269.313,0.318851,0.0
time,lat,lon,hdg,rpm,rsa
1597655626.7943466,5.061658166666667,-2.0710166666666665,269.294,0.282926,0.0
time,lat,lon,hdg,rpm,rsa
1597655626.9945824,5.061658166666667,-2.071026,269.282,0.277223,0.0
time,lat,lon,hdg,rpm,rsa
1597655627.195048,5.061658166666667,-2.071035,269.27,0.300157,0.0
time,lat,lon,hdg,rpm,rsa
1597655627.4029522,5.061658166666667,-2.0710485,269.257,0.29125,0.0
time,lat,lon,hdg,rpm,rsa
1597655627.6733043,5.061658166666667,-2.0710575,269.245,0.258355,0.0
time,lat,lon,hdg,rpm,rsa
1597655627.8955297,5.061658166666667,-2.0710661666666668,269.226,0.253433,0.0
time,lat,lon,hdg,rpm,rsa
1597655628.0968616,5.061658166666667,-2.0710753333333334,269.214,0.274234,0.0
time,lat,lon,hdg,rpm,rsa
1597655628.2975485,5.061658833333333,-2.0710843333333333,269.202,0.243344,0.0
time,lat,lon,hdg,rpm,rsa
1597655628.5038314,5.061658833333333,-2.0710971666666667,269.19,0.236333,0.0
time,lat,lon,hdg,rpm,rsa
1597655628.7630417,5.061659166666667,-2.071106,269.177,0.23164,0.0
time,lat,lon,hdg,rpm,rsa
1597655628.998958,5.061659333333333,-2.071114833333333,269.159,0.250722,0.0
time,lat,lon,hdg,rpm,rsa
1597655629.2181346,5.061659333333333,-2.071127833333333,269.148,0.243376,0.0
time,lat,lon,hdg,rpm,rsa
1597655629.4979148,5.061659333333333,-2.0711365,269.132,0.215956,0.0
time,lat,lon,hdg,rpm,rsa
1597655629.7024724,5.061659333333333,-2.0711453333333334,269.121,0.211653,0.0
time,lat,lon,hdg,rpm,rsa
1597655629.906102,5.061659333333333,-2.0711583333333334,269.11,0.229018,0.0
time,lat,lon,hdg,rpm,rsa
1597655630.109299,5.061659333333333,-2.0711625,269.099,0.203352,0.0
time,lat,lon,hdg,rpm,rsa
1597655630.3376412,5.061658833333333,-2.0711755,269.089,0.197219,0.0
time,lat,lon,hdg,rpm,rsa
1597655630.586882,5.061658833333333,-2.071184,269.078,0.19347,0.0
time,lat,lon,hdg,rpm,rsa
1597655630.7910984,5.061658166666667,-2.0711925,269.062,0.209442,0.0
time,lat,lon,hdg,rpm,rsa
1597655630.9929626,5.061658166666667,-2.0712011666666665,269.051,0.185832,0.0
time,lat,lon,hdg,rpm,rsa
1597655631.1986163,5.061657666666667,-2.0712098333333335,269.039,0.182082,0.0
time,lat,lon,hdg,rpm,rsa
1597655631.399935,5.061657333333334,-2.0712225,269.028,0.176798,0.0
time,lat,lon,hdg,rpm,rsa
1597655631.6737604,5.061657,-2.0712311666666667,269.017,0.191393,0.0
time,lat,lon,hdg,rpm,rsa
1597655631.8967726,5.061657,-2.0712398333333333,268.999,0.16974,0.0
time,lat,lon,hdg,rpm,rsa
1597655632.0995324,5.061657,-2.071248333333333,268.988,0.166357,0.0
time,lat,lon,hdg,rpm,rsa
1597655632.313548,5.0616575,-2.071261,268.976,0.161517,0.0
time,lat,lon,hdg,rpm,rsa
1597655632.591953,5.061657666666667,-2.0712695,268.965,0.174819,0.0
time,lat,lon,hdg,rpm,rsa
1597655632.7987857,5.061657666666667,-2.0712778333333333,268.948,0.155128,0.0
time,lat,lon,hdg,rpm,rsa
1597655632.9999406,5.061658166666667,-2.0712903333333332,268.937,0.150551,0.0
time,lat,lon,hdg,rpm,rsa
1597655633.2252388,5.061658166666667,-2.0712988333333335,268.925,0.14756,0.0
time,lat,lon,hdg,rpm,rsa
1597655633.4928808,5.061658166666667,-2.071307,268.909,0.159849,0.0
time,lat,lon,hdg,rpm,rsa
1597655633.7650168,5.061658833333333,-2.0713193333333333,268.898,0.155123,0.0
time,lat,lon,hdg,rpm,rsa
1597655633.995223,5.061658833333333,-2.0713275,268.883,0.13759,0.0
time,lat,lon,hdg,rpm,rsa
1597655634.1968932,5.061659333333333,-2.0713358333333334,268.872,0.134863,0.0
time,lat,lon,hdg,rpm,rsa
1597655634.402243,5.061659333333333,-2.071344,268.863,0.146015,0.0
time,lat,lon,hdg,rpm,rsa
1597655634.6059086,5.061659333333333,-2.0713521666666668,268.853,0.129607,0.0
time,lat,lon,hdg,rpm,rsa
1597655634.8622215,5.0616596666666664,-2.0713645,268.843,0.125751,0.0
time,lat,lon,hdg,rpm,rsa
1597655635.1001647,5.061659833333334,-2.0713725,268.829,0.12326,0.0
time,lat,lon,hdg,rpm,rsa
1597655635.3060117,5.061659833333334,-2.0713806666666668,268.819,0.133448,0.0
time,lat,lon,hdg,rpm,rsa
1597655635.5879047,5.061659833333334,-2.0713926666666667,268.81,0.129567,0.0
time,lat,lon,hdg,rpm,rsa
1597655635.7930157,5.061659333333333,-2.071401,268.797,0.114964,0.0
time,lat,lon,hdg,rpm,rsa
1597655635.9935372,5.061659333333333,-2.071409,268.788,0.112627,0.0
time,lat,lon,hdg,rpm,rsa
1597655636.193883,5.061658833333333,-2.0714211666666666,268.778,0.121989,0.0
time,lat,lon,hdg,rpm,rsa
1597655636.3946006,5.061658833333333,-2.0714251666666668,268.769,0.108242,0.0
time,lat,lon,hdg,rpm,rsa
1597655636.6714787,5.061658166666667,-2.0714371666666667,268.76,0.105076,0.0
time,lat,lon,hdg,rpm,rsa
1597655636.8929658,5.061658166666667,-2.071445166666667,268.746,0.102983,0.0
time,lat,lon,hdg,rpm,rsa
1597655637.0932555,5.061658166666667,-2.0714533333333334,268.737,0.111486,0.0
time,lat,lon,hdg,rpm,rsa
1597655637.2941048,5.061657666666667,-2.071461333333333,268.728,0.0989261,0.0
time,lat,lon,hdg,rpm,rsa
1597655637.4963362,5.061657666666667,-2.0714693333333334,268.719,0.0969635,0.0
time,lat,lon,hdg,rpm,rsa
1597655637.764655,5.061657333333334,-2.071481,268.71,0.0941281,0.0
time,lat,lon,hdg,rpm,rsa
1597655637.9952774,5.061657,-2.071489,268.696,0.101905,0.0
time,lat,lon,hdg,rpm,rsa
1597655638.1977763,5.061656833333333,-2.071497,268.687,0.0903746,0.0
time,lat,lon,hdg,rpm,rsa
1597655638.4053664,5.0616565,-2.071508833333333,268.678,0.0877067,0.0
time,lat,lon,hdg,rpm,rsa
1597655638.679745,5.0616565,-2.0715165,268.668,0.085964,0.0
time,lat,lon,hdg,rpm,rsa
1597655638.8932035,5.0616565,-2.071524166666667,268.654,0.0931313,0.0
time,lat,lon,hdg,rpm,rsa
1597655639.0939426,5.061656,-2.071532,268.645,0.0826226,0.0
time,lat,lon,hdg,rpm,rsa
1597655639.2946095,5.061656,-2.071539666666667,268.635,0.0809789,0.0
time,lat,lon,hdg,rpm,rsa
1597655639.499841,5.061656,-2.0715475,268.626,0.0876744,0.0
time,lat,lon,hdg,rpm,rsa
1597655639.7009935,5.061656,-2.071559,268.616,0.0777844,0.0
time,lat,lon,hdg,rpm,rsa
1597655639.9010298,5.061655333333333,-2.0715665,268.607,0.0762951,0.0
time,lat,lon,hdg,rpm,rsa
1597655640.1106596,5.061655333333333,-2.0715705,268.597,0.0825691,0.0
time,lat,lon,hdg,rpm,rsa
1597655640.310699,5.061655333333333,-2.071582,268.588,0.0801528,0.0
time,lat,lon,hdg,rpm,rsa
1597655640.5915408,5.061655333333333,-2.0715896666666667,268.578,0.0711076,0.0
time,lat,lon,hdg,rpm,rsa
1597655640.8079455,5.061655333333333,-2.0715975,268.564,0.0696846,0.0
time,lat,lon,hdg,rpm,rsa
1597655641.0392716,5.061655333333333,-2.0716088333333333,268.555,0.0676465,0.0
time,lat,lon,hdg,rpm,rsa
1597655641.2944024,5.061655333333333,-2.0716166666666664,268.542,0.0732276,0.0
time,lat,lon,hdg,rpm,rsa
1597655641.4977756,5.061655333333333,-2.0716243333333333,268.532,0.0649689,0.0
time,lat,lon,hdg,rpm,rsa
1597655641.7640345,5.061655333333333,-2.0716355,268.523,0.0630935,0.0
time,lat,lon,hdg,rpm,rsa
1597655641.9995716,5.061656,-2.0716431666666666,268.509,0.0618259,0.0
time,lat,lon,hdg,rpm,rsa
1597655642.2217188,5.061656,-2.0716545,268.501,0.0599852,0.0
time,lat,lon,hdg,rpm,rsa
1597655642.4920073,5.061656,-2.0716623333333333,268.487,0.0649168,0.0
time,lat,lon,hdg,rpm,rsa
1597655642.6962564,5.061655333333333,-2.0716696666666667,268.479,0.0576409,0.0
time,lat,lon,hdg,rpm,rsa
1597655642.897667,5.061655333333333,-2.0716771666666665,268.47,0.0564905,0.0
time,lat,lon,hdg,rpm,rsa
1597655643.1267152,5.061655333333333,-2.071688,268.462,0.0548444,0.0
time,lat,lon,hdg,rpm,rsa
1597655643.3945136,5.061655333333333,-2.071695666666667,268.449,0.0593596,0.0
time,lat,lon,hdg,rpm,rsa
1597655643.597413,5.061655333333333,-2.0717031666666665,268.44,0.0526581,0.0
time,lat,lon,hdg,rpm,rsa
1597655643.8610983,5.061655333333333,-2.0717143333333334,268.432,0.0510945,0.0
time,lat,lon,hdg,rpm,rsa
1597655644.093259,5.061655333333333,-2.0717213333333335,268.42,0.050119,0.0
time,lat,lon,hdg,rpm,rsa
1597655644.3109653,5.061655333333333,-2.0717323333333333,268.412,0.0486367,0.0
time,lat,lon,hdg,rpm,rsa
1597655644.601055,5.061655333333333,-2.0717398333333334,268.404,0.0526455,0.0
time,lat,lon,hdg,rpm,rsa
1597655644.8022346,5.061655,-2.0717471666666665,268.392,0.0467016,0.0
time,lat,lon,hdg,rpm,rsa
1597655645.0383248,5.061654833333334,-2.071758,268.384,0.0453469,0.0
time,lat,lon,hdg,rpm,rsa
1597655645.3025577,5.061654833333334,-2.0717653333333335,268.372,0.0444326,0.0
time,lat,lon,hdg,rpm,rsa
1597655645.5055857,5.061654833333334,-2.0717725,268.365,0.0481262,0.0
time,lat,lon,hdg,rpm,rsa
1597655645.7060468,5.061654166666667,-2.0717835,268.357,0.042699,0.0
time,lat,lon,hdg,rpm,rsa
1597655645.959684,5.061654166666667,-2.071791,268.349,0.0414277,0.0
time,lat,lon,hdg,rpm,rsa
1597655646.1914084,5.061654166666667,-2.0717981666666665,268.337,0.0405906,0.0
time,lat,lon,hdg,rpm,rsa
1597655646.3954046,5.0616536666666665,-2.0718053333333333,268.33,0.0439611,0.0
time,lat,lon,hdg,rpm,rsa
1597655646.5960464,5.0616536666666665,-2.0718126666666667,268.322,0.0390151,0.0
time,lat,lon,hdg,rpm,rsa
1597655646.7982383,5.0616536666666665,-2.0718198333333335,268.314,0.0382324,0.0
time,lat,lon,hdg,rpm,rsa
1597655647.0349512,5.061653166666667,-2.0718305,268.307,0.0371257,0.0
time,lat,lon,hdg,rpm,rsa
1597655647.294746,5.061653166666667,-2.0718378333333334,268.295,0.0401843,0.0
time,lat,lon,hdg,rpm,rsa
1597655647.5841227,5.061653166666667,-2.0718485,268.288,0.0390033,0.0
time,lat,lon,hdg,rpm,rsa
1597655647.7987337,5.0616525,-2.0718556666666665,268.276,0.0346019,0.0
time,lat,lon,hdg,rpm,rsa
1597655648.0544736,5.0616525,-2.071866,268.269,0.0335934,0.0
time,lat,lon,hdg,rpm,rsa
1597655648.2957869,5.0616525,-2.0718731666666668,268.257,0.0329198,0.0
time,lat,lon,hdg,rpm,rsa
1597655648.5854473,5.061652,-2.0718836666666665,268.25,0.0319439,0.0
time,lat,lon,hdg,rpm,rsa
1597655648.798956,5.061652,-2.071891,268.238,0.0345686,0.0
time,lat,lon,hdg,rpm,rsa
1597655649.0378823,5.061652,-2.0719011666666667,268.23,0.0335681,0.0
time,lat,lon,hdg,rpm,rsa
1597655649.2956007,5.0616515,-2.0719083333333335,268.219,0.0297777,0.0
time,lat,lon,hdg,rpm,rsa
1597655649.500622,5.0616515,-2.071915333333333,268.211,0.0291787,0.0
time,lat,lon,hdg,rpm,rsa
1597655649.7663991,5.0616515,-2.0719255,268.204,0.0283394,0.0
time,lat,lon,hdg,rpm,rsa
1597655649.9961855,5.0616515,-2.0719325,268.192,0.0306768,0.0
time,lat,lon,hdg,rpm,rsa
1597655650.2003093,5.061651333333334,-2.0719395,268.184,0.0272144,0.0
time,lat,lon,hdg,rpm,rsa
1597655650.4028063,5.061650833333333,-2.0719465,268.177,0.0266662,0.0
time,lat,lon,hdg,rpm,rsa
1597655650.6025643,5.061650833333333,-2.071956833333333,268.169,0.0288862,0.0
time,lat,lon,hdg,rpm,rsa
1597655650.8646195,5.061650833333333,-2.0719636666666665,268.162,0.0280301,0.0
time,lat,lon,hdg,rpm,rsa
1597655651.0985,5.061650833333333,-2.0719705,268.151,0.0248808,0.0
time,lat,lon,hdg,rpm,rsa
1597655651.2989638,5.061650833333333,-2.0719775,268.143,0.0243807,0.0
time,lat,lon,hdg,rpm,rsa
1597655651.5035975,5.061650666666667,-2.0719843333333334,268.136,0.0263845,0.0
time,lat,lon,hdg,rpm,rsa
1597655651.773119,5.061650333333334,-2.071994666666667,268.128,0.0256219,0.0
time,lat,lon,hdg,rpm,rsa
1597655651.991617,5.061650333333334,-2.0720016666666665,268.118,0.0227184,0.0
time,lat,lon,hdg,rpm,rsa
1597655652.195886,5.061650333333334,-2.0720083333333332,268.111,0.0222827,0.0
time,lat,lon,hdg,rpm,rsa
1597655652.4055986,5.061650333333334,-2.0720153333333333,268.103,0.0241142,0.0
time,lat,lon,hdg,rpm,rsa
1597655652.680865,5.061650333333334,-2.0720255,268.096,0.0234054,0.0
time,lat,lon,hdg,rpm,rsa
1597655652.8969872,5.061650333333334,-2.072032166666667,268.086,0.0207774,0.0
time,lat,lon,hdg,rpm,rsa
1597655653.127695,5.061649666666667,-2.072042166666667,268.079,0.0201648,0.0
time,lat,lon,hdg,rpm,rsa
1597655653.3951752,5.061649666666667,-2.072049,268.069,0.0197599,0.0
time,lat,lon,hdg,rpm,rsa
1597655653.599333,5.061649666666667,-2.072055833333333,268.062,0.0213854,0.0
time,lat,lon,hdg,rpm,rsa
1597655653.8565116,5.0616495,-2.0720656666666666,268.055,0.0207645,0.0
time,lat,lon,hdg,rpm,rsa
1597655654.0913832,5.061649166666666,-2.0720721666666666,268.045,0.0184312,0.0
time,lat,lon,hdg,rpm,rsa
1597655654.2952278,5.061649166666666,-2.072079,268.038,0.0180593,0.0
time,lat,lon,hdg,rpm,rsa
1597655654.5898507,5.061649166666666,-2.0720888333333334,268.032,0.0175314,0.0
time,lat,lon,hdg,rpm,rsa
1597655654.7957842,5.061648666666667,-2.0720955,268.022,0.0189663,0.0
time,lat,lon,hdg,rpm,rsa
1597655655.000337,5.061648666666667,-2.072102,268.016,0.0168393,0.0
time,lat,lon,hdg,rpm,rsa
1597655655.2227244,5.061648666666667,-2.072112,268.009,0.0163405,0.0
time,lat,lon,hdg,rpm,rsa
1597655655.5035007,5.061648,-2.0721186666666664,267.999,0.0160103,0.0
time,lat,lon,hdg,rpm,rsa
1597655655.7729726,5.061648,-2.0721285,267.993,0.015544,0.0
time,lat,lon,hdg,rpm,rsa
1597655656.0106728,5.061648,-2.0721351666666665,267.983,0.0168211,0.0
time,lat,lon,hdg,rpm,rsa
1597655656.2254193,5.0616475,-2.072145,267.977,0.0163225,0.0
time,lat,lon,hdg,rpm,rsa
1597655656.494742,5.0616475,-2.0721515,267.967,0.0144927,0.0
time,lat,lon,hdg,rpm,rsa
1597655656.6985285,5.0616475,-2.0721581666666666,267.961,0.014198,0.0
time,lat,lon,hdg,rpm,rsa
1597655656.9517834,5.061647,-2.0721678333333333,267.955,0.01378,0.0
time,lat,lon,hdg,rpm,rsa
1597655657.1972666,5.061647,-2.0721743333333333,267.945,0.0149287,0.0
time,lat,lon,hdg,rpm,rsa
1597655657.4027143,5.061646666666666,-2.0721808333333334,267.939,0.0132484,0.0
time,lat,lon,hdg,rpm,rsa
1597655657.6715865,5.061646333333333,-2.0721906666666667,267.933,0.0128463,0.0
time,lat,lon,hdg,rpm,rsa
1597655657.8959186,5.061646333333333,-2.072197,267.924,0.0125989,0.0
time,lat,lon,hdg,rpm,rsa
1597655658.129485,5.061645833333333,-2.0722066666666668,267.918,0.0122279,0.0
time,lat,lon,hdg,rpm,rsa
1597655658.3919482,5.061645833333333,-2.072213,267.908,0.0132389,0.0
time,lat,lon,hdg,rpm,rsa
1597655658.5956511,5.061645833333333,-2.0722195,267.902,0.0117445,0.0
time,lat,lon,hdg,rpm,rsa
1597655658.859715,5.061645166666667,-2.072229,267.896,0.0114006,0.0
time,lat,lon,hdg,rpm,rsa
1597655659.092142,5.061645166666667,-2.0722353333333334,267.886,0.0111761,0.0
time,lat,lon,hdg,rpm,rsa
1597655659.2983372,5.061645166666667,-2.0722416666666668,267.88,0.0120947,0.0
time,lat,lon,hdg,rpm,rsa
1597655659.5032022,5.061645,-2.072248,267.874,0.0107329,0.0
time,lat,lon,hdg,rpm,rsa
1597655659.7035313,5.061644666666667,-2.0722575,267.868,0.0104158,0.0
time,lat,lon,hdg,rpm,rsa
1597655659.9488432,5.061644666666667,-2.0722636666666667,267.862,0.0102142,0.0
time,lat,lon,hdg,rpm,rsa
1597655660.201921,5.061644666666667,-2.07227,267.852,0.0110538,0.0
time,lat,lon,hdg,rpm,rsa
1597655660.4046466,5.0616441666666665,-2.0722765,267.846,0.00980449,0.0
time,lat,lon,hdg,rpm,rsa
1597655660.6797209,5.0616441666666665,-2.0722856666666667,267.84,0.00952196,0.0
time,lat,lon,hdg,rpm,rsa
1597655660.900065,5.0616441666666665,-2.0722921666666667,267.831,0.00932956,0.0
time,lat,lon,hdg,rpm,rsa
1597655661.135159,5.0616435,-2.0723016666666667,267.825,0.00905048,0.0
time,lat,lon,hdg,rpm,rsa
1597655661.395554,5.0616435,-2.0723078333333333,267.816,0.00980452,0.0
time,lat,lon,hdg,rpm,rsa
1597655661.6776016,5.0616435,-2.0723171666666667,267.81,0.00951295,0.0
time,lat,lon,hdg,rpm,rsa
1597655661.8932295,5.0616435,-2.0723233333333333,267.802,0.00844522,0.0
time,lat,lon,hdg,rpm,rsa
1597655662.0977795,5.061643,-2.0723296666666666,267.796,0.00827301,0.0
time,lat,lon,hdg,rpm,rsa
1597655662.3136559,5.061643,-2.072339,267.79,0.00803024,0.0
time,lat,lon,hdg,rpm,rsa
1597655662.5877013,5.061643,-2.0723451666666666,267.784,0.00869664,0.0
time,lat,lon,hdg,rpm,rsa
1597655662.7992496,5.061643,-2.0723515,267.776,0.00771679,0.0
time,lat,lon,hdg,rpm,rsa
1597655663.0026562,5.0616425,-2.0723606666666665,267.77,0.00755909,0.0
time,lat,lon,hdg,rpm,rsa
1597655663.2189143,5.0616425,-2.0723666666666665,267.765,0.00734154,0.0
time,lat,lon,hdg,rpm,rsa
1597655663.4990253,5.0616425,-2.072373,267.756,0.00794493,0.0
time,lat,lon,hdg,rpm,rsa
1597655663.7700999,5.061641833333334,-2.072382,267.751,0.00770866,0.0
time,lat,lon,hdg,rpm,rsa
1597655663.9952478,5.061641833333334,-2.072388,267.742,0.00684358,0.0
time,lat,lon,hdg,rpm,rsa
1597655664.219358,5.061641666666667,-2.072397,267.737,0.00664208,0.0
time,lat,lon,hdg,rpm,rsa
1597655664.4954655,5.061641333333333,-2.0724033333333334,267.729,0.00650648,0.0
time,lat,lon,hdg,rpm,rsa
1597655664.6979606,5.061641333333333,-2.0724091666666666,267.723,0.00704666,0.0
time,lat,lon,hdg,rpm,rsa
1597655664.904398,5.061641333333333,-2.0724151666666666,267.718,0.00625333,0.0
time,lat,lon,hdg,rpm,rsa
1597655665.1045666,5.0616406666666665,-2.072424333333333,267.713,0.00606569,0.0
time,lat,lon,hdg,rpm,rsa
1597655665.305019,5.0616406666666665,-2.072427333333333,267.707,0.00663711,0.0
time,lat,lon,hdg,rpm,rsa
1597655665.589209,5.0616406666666665,-2.0724363333333335,267.702,0.00644224,0.0
time,lat,lon,hdg,rpm,rsa
1597655665.8049824,5.061640166666667,-2.0724423333333335,267.694,0.00571401,0.0
time,lat,lon,hdg,rpm,rsa
1597655666.045047,5.061640166666667,-2.0724513333333334,267.689,0.00554739,0.0
time,lat,lon,hdg,rpm,rsa
1597655666.3030772,5.0616398333333334,-2.0724575,267.681,0.00543379,0.0
time,lat,lon,hdg,rpm,rsa
1597655666.5891984,5.061639666666666,-2.0724665,267.675,0.00527511,0.0
time,lat,lon,hdg,rpm,rsa
1597655666.7916114,5.061639666666666,-2.0724723333333332,267.668,0.0057133,0.0
time,lat,lon,hdg,rpm,rsa
1597655667.0043674,5.0616389999999996,-2.0724785,267.663,0.00506759,0.0
time,lat,lon,hdg,rpm,rsa
1597655667.220073,5.0616389999999996,-2.072487166666667,267.658,0.00491951,0.0
time,lat,lon,hdg,rpm,rsa
1597655667.497626,5.0616389999999996,-2.0724935,267.65,0.00481942,0.0
time,lat,lon,hdg,rpm,rsa
1597655667.7694905,5.0616385,-2.0725023333333334,267.645,0.00467852,0.0
time,lat,lon,hdg,rpm,rsa
1597655667.9933102,5.0616385,-2.0725081666666667,267.637,0.00506688,0.0
time,lat,lon,hdg,rpm,rsa
1597655668.193459,5.061638,-2.0725138333333333,267.632,0.00449649,0.0
time,lat,lon,hdg,rpm,rsa
1597655668.4019246,5.061638,-2.0725226666666665,267.627,0.00436384,0.0
time,lat,lon,hdg,rpm,rsa
1597655668.6773934,5.061638,-2.0725286666666665,267.622,0.00427558,0.0
time,lat,lon,hdg,rpm,rsa
1597655668.8908052,5.0616373333333335,-2.0725343333333335,267.614,0.00463115,0.0
time,lat,lon,hdg,rpm,rsa
1597655669.0975142,5.0616373333333335,-2.0725401666666667,267.609,0.00410806,0.0
time,lat,lon,hdg,rpm,rsa
1597655669.3093386,5.0616373333333335,-2.0725486666666666,267.604,0.00398768,0.0
time,lat,lon,hdg,rpm,rsa
1597655669.5909004,5.061636833333333,-2.0725546666666665,267.599,0.00390703,0.0
time,lat,lon,hdg,rpm,rsa
1597655669.8024433,5.061636833333333,-2.0725603333333336,267.592,0.00423171,0.0
time,lat,lon,hdg,rpm,rsa
1597655670.0063455,5.061636833333333,-2.0725663333333335,267.587,0.00375286,0.0
time,lat,lon,hdg,rpm,rsa
1597655670.2096899,5.061636166666666,-2.072575,267.582,0.00368046,0.0
time,lat,lon,hdg,rpm,rsa
1597655670.5049143,5.061636166666666,-2.0725806666666666,267.574,0.00357117,0.0
time,lat,lon,hdg,rpm,rsa
1597655670.7758899,5.061636166666666,-2.072589333333333,267.57,0.00346562,0.0
time,lat,lon,hdg,rpm,rsa
1597655670.9940174,5.061635666666667,-2.072595166666667,267.562,0.00375335,0.0
time,lat,lon,hdg,rpm,rsa
1597655671.2018895,5.061635666666667,-2.072601,267.557,0.00332896,0.0
time,lat,lon,hdg,rpm,rsa
1597655671.4047642,5.061635666666667,-2.0726095,267.553,0.00323107,0.0
time,lat,lon,hdg,rpm,rsa
1597655671.6729043,5.061635166666667,-2.0726151666666666,267.548,0.00316832,0.0
time,lat,lon,hdg,rpm,rsa
1597655671.8969746,5.061635166666667,-2.0726211666666665,267.541,0.00342884,0.0
time,lat,lon,hdg,rpm,rsa
1597655672.1379685,5.061635166666667,-2.072629666666667,267.536,0.00332776,0.0
time,lat,lon,hdg,rpm,rsa
1597655672.3938754,5.0616345,-2.0726355,267.529,0.0029514,0.0
time,lat,lon,hdg,rpm,rsa
1597655672.67352,5.0616345,-2.0726438333333332,267.525,0.00286638,0.0
time,lat,lon,hdg,rpm,rsa
1597655672.8988805,5.0616345,-2.0726496666666665,267.518,0.0028081,0.0
time,lat,lon,hdg,rpm,rsa
1597655673.1307082,5.061634,-2.072658,267.513,0.00272591,0.0
time,lat,lon,hdg,rpm,rsa
1597655673.3927553,5.061634,-2.0726638333333334,267.506,0.00294991,0.0
time,lat,lon,hdg,rpm,rsa
1597655673.594279,5.061634,-2.072669,267.502,0.00261953,0.0
time,lat,lon,hdg,rpm,rsa
1597655673.854495,5.061633333333333,-2.0726775,267.497,0.00254241,0.0
time,lat,lon,hdg,rpm,rsa
1597655674.0978198,5.061633333333333,-2.0726833333333334,267.49,0.00249104,0.0
time,lat,lon,hdg,rpm,rsa
1597655674.3104868,5.061632833333333,-2.0726915,267.486,0.00241775,0.0
time,lat,lon,hdg,rpm,rsa
1597655674.589072,5.061632833333333,-2.0726971666666665,267.481,0.00261602,0.0
time,lat,lon,hdg,rpm,rsa
1597655674.7959495,5.061632833333333,-2.0727028333333335,267.475,0.00232154,0.0
time,lat,lon,hdg,rpm,rsa
1597655674.9981432,5.061632333333334,-2.0727081666666667,267.47,0.00227683,0.0
time,lat,lon,hdg,rpm,rsa
1597655675.2033741,5.061632333333334,-2.0727165,267.466,0.00246342,0.0
time,lat,lon,hdg,rpm,rsa
1597655675.4033272,5.061631833333333,-2.072722166666667,267.462,0.00239173,0.0
time,lat,lon,hdg,rpm,rsa
1597655675.607223,5.061631666666667,-2.0727246666666668,267.457,0.00214472,0.0
time,lat,lon,hdg,rpm,rsa
1597655675.8614814,5.061631666666667,-2.0727331666666666,267.453,0.00208074,0.0
time,lat,lon,hdg,rpm,rsa
1597655676.093963,5.061631666666667,-2.072738833333333,267.446,0.00225145,0.0
time,lat,lon,hdg,rpm,rsa
1597655676.2983506,5.0616311666666665,-2.0727443333333335,267.442,0.00199896,0.0
time,lat,lon,hdg,rpm,rsa
1597655676.585072,5.0616311666666665,-2.0727526666666667,267.438,0.00194032,0.0
time,lat,lon,hdg,rpm,rsa
1597655676.7920437,5.061630833333333,-2.0727581666666666,267.431,0.00190051,0.0
time,lat,lon,hdg,rpm,rsa
1597655676.9981804,5.061630666666667,-2.072763666666667,267.427,0.00205846,0.0
time,lat,lon,hdg,rpm,rsa
1597655677.2202785,5.061630666666667,-2.0727718333333334,267.423,0.00199799,0.0
time,lat,lon,hdg,rpm,rsa
1597655677.4908419,5.06163,-2.0727775,267.416,0.00177217,0.0
time,lat,lon,hdg,rpm,rsa
1597655677.6974113,5.06163,-2.072782833333333,267.412,0.00173738,0.0
time,lat,lon,hdg,rpm,rsa
1597655677.945076,5.06163,-2.0727908333333334,267.408,0.00168693,0.0
time,lat,lon,hdg,rpm,rsa
1597655678.1973963,5.0616295,-2.0727965,267.401,0.0018256,0.0
time,lat,lon,hdg,rpm,rsa
1597655678.40164,5.0616295,-2.0728045,267.397,0.00177194,0.0
time,lat,lon,hdg,rpm,rsa
1597655678.6716151,5.061629,-2.07281,267.393,0.00157156,0.0
time,lat,lon,hdg,rpm,rsa
1597655678.8999448,5.061628833333334,-2.0728151666666665,267.387,0.00154116,0.0
time,lat,lon,hdg,rpm,rsa
1597655679.132354,5.061628833333334,-2.0728233333333335,267.383,0.00149527,0.0
time,lat,lon,hdg,rpm,rsa
1597655679.3933382,5.061628333333333,-2.0728285,267.377,0.00161954,0.0
time,lat,lon,hdg,rpm,rsa
1597655679.678681,5.061628333333333,-2.0728365,267.373,0.00157149,0.0
time,lat,lon,hdg,rpm,rsa
1597655679.893533,5.061628166666667,-2.0728418333333334,267.366,0.00139467,0.0
time,lat,lon,hdg,rpm,rsa
1597655680.0947437,5.0616278333333335,-2.0728471666666666,267.362,0.00136703,0.0
time,lat,lon,hdg,rpm,rsa
1597655680.3144848,5.0616278333333335,-2.0728553333333335,267.358,0.00132662,0.0
time,lat,lon,hdg,rpm,rsa
1597655680.5891848,5.061627333333333,-2.0728606666666667,267.354,0.00143542,0.0
time,lat,lon,hdg,rpm,rsa
1597655680.7960744,5.061627166666667,-2.072866,267.348,0.00127446,0.0
time,lat,lon,hdg,rpm,rsa
1597655681.044659,5.061627166666667,-2.072874,267.344,0.00123671,0.0
time,lat,lon,hdg,rpm,rsa
1597655681.299489,5.061626833333333,-2.0728793333333333,267.338,0.00121224,0.0
time,lat,lon,hdg,rpm,rsa
1597655681.5000687,5.061626666666666,-2.0728873333333335,267.334,0.00117649,0.0
time,lat,lon,hdg,rpm,rsa
1597655681.7106848,5.061626666666666,-2.07289,267.33,0.00116435,0.0
time,lat,lon,hdg,rpm,rsa
1597655681.9151275,5.061626166666667,-2.072898,267.327,0.00114136,0.0
time,lat,lon,hdg,rpm,rsa
1597655682.129459,5.061626166666667,-2.072903166666667,267.323,0.00110816,0.0
time,lat,lon,hdg,rpm,rsa
1597655682.4012864,5.061626166666667,-2.0729085,267.317,0.00119963,0.0
time,lat,lon,hdg,rpm,rsa
1597655682.6093965,5.061625666666667,-2.0729138333333332,267.313,0.00106401,0.0
time,lat,lon,hdg,rpm,rsa
1597655682.859259,5.0616255,-2.0729218333333335,267.309,0.00103279,0.0
time,lat,lon,hdg,rpm,rsa
1597655683.0931914,5.0616255,-2.0729268333333333,267.303,0.00101266,0.0
time,lat,lon,hdg,rpm,rsa
1597655683.2952688,5.061625,-2.0729321666666665,267.3,0.00109557,0.0
time,lat,lon,hdg,rpm,rsa
1597655683.4996145,5.061625,-2.0729373333333334,267.296,0.000972375,0.0
time,lat,lon,hdg,rpm,rsa
1597655683.7681067,5.0616243333333335,-2.072945,267.292,0.000943882,0.0
time,lat,lon,hdg,rpm,rsa
1597655683.9954941,5.0616243333333335,-2.0729501666666668,267.286,0.000925219,0.0
time,lat,lon,hdg,rpm,rsa
1597655684.2176075,5.061624166666666,-2.072957833333333,267.283,0.00089813,0.0
time,lat,lon,hdg,rpm,rsa
1597655684.4992416,5.061623833333333,-2.0729628333333334,267.277,0.000972367,0.0
time,lat,lon,hdg,rpm,rsa
1597655684.7059505,5.061623833333333,-2.0729681666666666,267.273,0.00086224,0.0
time,lat,lon,hdg,rpm,rsa
1597655702.1936233,5.061600166666667,-2.0735375,266.773,226.1,0.0
time,lat,lon,hdg,rpm,rsa
1597655702.3969922,5.061599666666667,-2.0735465,266.763,226.1,0.0
time,lat,lon,hdg,rpm,rsa
1597655702.6788802,5.061599,-2.07356,266.754,226.1,0.0
time,lat,lon,hdg,rpm,rsa
1597655702.8903744,5.061598666666667,-2.0735688333333333,266.74,226.1,0.0
time,lat,lon,hdg,rpm,rsa
1597655703.1260352,5.061598,-2.0735823333333334,266.73,226.1,0.0
time,lat,lon,hdg,rpm,rsa
1597655703.3962526,5.061597666666667,-2.073592,266.716,226.1,0.0
time,lat,lon,hdg,rpm,rsa
1597655703.59657,5.061597333333333,-2.073601,266.706,226.1,0.0
time,lat,lon,hdg,rpm,rsa
1597655703.796713,5.061596833333334,-2.0736101666666666,266.696,226.1,0.0
time,lat,lon,hdg,rpm,rsa
1597655703.9983087,5.061596333333333,-2.073619,266.687,226.1,0.0
time,lat,lon,hdg,rpm,rsa
1597655704.223609,5.061595666666666,-2.0736333333333334,266.677,235.181,0.0
time,lat,lon,hdg,rpm,rsa
1597655704.5014303,5.061595166666667,-2.0736426666666667,266.665,246.997,0.0
time,lat,lon,hdg,rpm,rsa
1597655704.763585,5.0615945,-2.0736565,266.66,264.392,0.0
time,lat,lon,hdg,rpm,rsa
1597655704.9991097,5.061594,-2.0736661666666665,266.662,266.0,0.0
time,lat,lon,hdg,rpm,rsa
1597655705.2029436,5.0615931666666665,-2.073675833333333,266.672,266.0,0.0
time,lat,lon,hdg,rpm,rsa
1597655705.4043074,5.061591833333333,-2.07369,266.69,266.0,0.0
time,lat,lon,hdg,rpm,rsa
1597655705.6099305,5.061590833333334,-2.0736996666666667,266.714,266.0,0.0
time,lat,lon,hdg,rpm,rsa
1597655705.853539,5.06159,-2.073709,266.744,266.0,0.0
time,lat,lon,hdg,rpm,rsa
1597655706.0934422,5.061589,-2.073719,266.803,266.0,0.0
time,lat,lon,hdg,rpm,rsa
1597655706.3157158,5.061588,-2.0737285,266.854,266.0,0.0
time,lat,lon,hdg,rpm,rsa
1597655706.585371,5.061586666666667,-2.073743,266.915,266.0,0.0
time,lat,lon,hdg,rpm,rsa
1597655706.796836,5.061586166666666,-2.0737528333333333,267.03,266.0,0.0
time,lat,lon,hdg,rpm,rsa
1597655706.9975119,5.0615855,-2.0737673333333335,267.123,266.0,0.0
time,lat,lon,hdg,rpm,rsa
1597655707.21845,5.0615855,-2.073776666666667,267.226,266.0,0.0
time,lat,lon,hdg,rpm,rsa
1597655707.4894328,5.061586166666666,-2.0737863333333335,267.408,266.0,0.0
time,lat,lon,hdg,rpm,rsa
1597655707.698411,5.061586666666667,-2.0737958333333335,267.55,266.0,0.0
time,lat,lon,hdg,rpm,rsa
1597655707.9505887,5.061588166666667,-2.0738101666666666,267.696,266.0,0.0
time,lat,lon,hdg,rpm,rsa
1597655708.191823,5.0615895,-2.0738195,267.929,266.0,0.0
time,lat,lon,hdg,rpm,rsa
1597655708.3932216,5.061590833333334,-2.0738285,268.105,266.0,0.0
time,lat,lon,hdg,rpm,rsa
1597655708.673068,5.061593333333334,-2.0738418333333333,268.284,266.0,0.0
time,lat,lon,hdg,rpm,rsa
1597655708.8904061,5.061595,-2.073850333333333,268.566,266.0,0.0
time,lat,lon,hdg,rpm,rsa
1597655709.090609,5.061597666666667,-2.0738631666666665,268.759,266.0,0.0
time,lat,lon,hdg,rpm,rsa
1597655709.2907603,5.061598666666667,-2.0738673333333333,268.956,266.0,0.0
time,lat,lon,hdg,rpm,rsa
1597655709.4986901,5.061600666666667,-2.0738753333333335,269.16,266.0,0.0
time,lat,lon,hdg,rpm,rsa
1597655709.7810109,5.061603333333333,-2.0738871666666667,269.363,266.0,0.0
time,lat,lon,hdg,rpm,rsa
1597655709.99782,5.061605,-2.073894666666667,269.668,266.0,0.0
time,lat,lon,hdg,rpm,rsa
1597655710.229151,5.0616075,-2.0739053333333333,269.87,266.0,0.0
time,lat,lon,hdg,rpm,rsa
1597655710.495514,5.061609,-2.0739125,270.173,266.0,0.0
time,lat,lon,hdg,rpm,rsa
1597655710.6985126,5.061610666666667,-2.0739193333333334,270.369,266.0,0.0
time,lat,lon,hdg,rpm,rsa
1597655710.9564574,5.061612833333333,-2.073929,270.565,266.0,0.0
time,lat,lon,hdg,rpm,rsa
1597655711.2021906,5.061614,-2.0739351666666668,270.86,266.0,0.0
time,lat,lon,hdg,rpm,rsa
1597655711.4037557,5.0616156666666665,-2.0739443333333334,271.051,266.0,0.0
time,lat,lon,hdg,rpm,rsa
1597655711.688055,5.0616165,-2.0739503333333333,271.245,266.0,0.0
time,lat,lon,hdg,rpm,rsa
1597655711.8994517,5.061617166666666,-2.073955833333333,271.524,266.0,0.0
time,lat,lon,hdg,rpm,rsa
1597655712.1072416,5.061617666666667,-2.0739613333333335,271.71,266.0,0.0
time,lat,lon,hdg,rpm,rsa
1597655712.3203554,5.061617666666667,-2.0739665,271.895,266.0,0.0
time,lat,lon,hdg,rpm,rsa
1597655712.5206287,5.061618166666666,-2.0739715,272.077,266.0,0.0
time,lat,lon,hdg,rpm,rsa
1597655712.7854826,5.061618833333333,-2.0739786666666666,272.261,266.0,0.0
time,lat,lon,hdg,rpm,rsa
1597655713.0108745,5.061619166666667,-2.073983166666667,272.531,266.0,0.0
time,lat,lon,hdg,rpm,rsa
1597655713.234854,5.061619833333333,-2.0739893333333335,272.716,266.0,0.0
time,lat,lon,hdg,rpm,rsa
1597655713.4947224,5.061620166666667,-2.073993,272.991,266.0,0.0
time,lat,lon,hdg,rpm,rsa
1597655713.6960654,5.061621,-2.0739978333333333,273.17,266.0,0.0
time,lat,lon,hdg,rpm,rsa
1597655713.9049406,5.061621166666667,-2.0739993333333335,273.36,266.0,0.0
time,lat,lon,hdg,rpm,rsa
1597655714.1303155,5.061622166666667,-2.0740031666666665,273.545,266.0,0.0
time,lat,lon,hdg,rpm,rsa
1597655714.38946,5.061622666666667,-2.0740053333333335,273.822,266.0,0.0
time,lat,lon,hdg,rpm,rsa
1597655714.5947948,5.0616235,-2.0740068333333332,274.013,266.0,0.0
time,lat,lon,hdg,rpm,rsa
1597655714.803317,5.0616243333333335,-2.074008,274.2,266.0,0.0
time,lat,lon,hdg,rpm,rsa
1597655715.0541174,5.0616255,-2.0740088333333335,274.391,266.0,0.0
time,lat,lon,hdg,rpm,rsa
