1600949632.9650726,0.027181,0.003985833333333333,70.5594,180.0,180.0,180.0,226.1,226.1,226.1
time,lat,lon,hdg,rsa_0,rsa_1,rsa_2,rpm_0,rpm_1,rpm_2
1600949633.066973,0.027182833333333333,0.003990666666666667,70.5747,180.0,180.0,180.0,226.1,226.1,226.1
time,lat,lon,hdg,rsa_0,rsa_1,rsa_2,rpm_0,rpm_1,rpm_2
1600949633.2682633,0.0271865,0.0040005,70.6029,180.0,180.0,180.0,226.1,226.1,226.1
time,lat,lon,hdg,rsa_0,rsa_1,rsa_2,rpm_0,rpm_1,rpm_2
1600949633.374411,0.02718833333333333,0.004005333333333334,70.6175,180.0,180.0,180.0,226.1,226.1,226.1
time,lat,lon,hdg,rsa_0,rsa_1,rsa_2,rpm_0,rpm_1,rpm_2
1600949633.5607545,0.027192166666666667,0.0040155,70.6464,180.0,180.0,180.0,226.1,226.1,226.1
time,lat,lon,hdg,rsa_0,rsa_1,rsa_2,rpm_0,rpm_1,rpm_2
1600949633.6711087,0.02719383333333333,0.00402,70.6625,180.0,180.0,180.0,226.1,226.1,226.1
time,lat,lon,hdg,rsa_0,rsa_1,rsa_2,rpm_0,rpm_1,rpm_2
1600949633.8672717,0.0271975,0.00403,70.6914,180.0,180.0,180.0,226.1,226.1,226.1
time,lat,lon,hdg,rsa_0,rsa_1,rsa_2,rpm_0,rpm_1,rpm_2
1600949634.0723464,0.027201333333333334,0.00404,70.7203,180.0,180.0,180.0,226.1,226.1,226.1
time,lat,lon,hdg,rsa_0,rsa_1,rsa_2,rpm_0,rpm_1,rpm_2
1600949634.265042,0.027204833333333334,0.004049666666666667,70.7497,180.0,180.0,180.0,226.1,226.1,226.1
time,lat,lon,hdg,rsa_0,rsa_1,rsa_2,rpm_0,rpm_1,rpm_2
1600949634.4607885,0.027208666666666666,0.004059666666666666,70.7779,180.0,180.0,180.0,226.1,226.1,226.1
time,lat,lon,hdg,rsa_0,rsa_1,rsa_2,rpm_0,rpm_1,rpm_2
1600949634.5609183,0.027212166666666666,0.004069333333333333,70.7925,180.0,180.0,180.0,226.1,226.1,226.1
time,lat,lon,hdg,rsa_0,rsa_1,rsa_2,rpm_0,rpm_1,rpm_2
1600949634.7678964,0.027214000000000002,0.0040743333333333335,70.8229,180.0,180.0,180.0,226.1,226.1,226.1
time,lat,lon,hdg,rsa_0,rsa_1,rsa_2,rpm_0,rpm_1,rpm_2
1600949634.868168,0.027217833333333333,0.004084666666666666,70.8374,180.0,180.0,180.0,226.1,226.1,226.1
time,lat,lon,hdg,rsa_0,rsa_1,rsa_2,rpm_0,rpm_1,rpm_2
1600949634.9681523,0.027219666666666666,0.0040895,70.8513,180.0,180.0,180.0,226.1,226.1,226.1
time,lat,lon,hdg,rsa_0,rsa_1,rsa_2,rpm_0,rpm_1,rpm_2
1600949635.1620514,0.027221333333333333,0.004093833333333333,70.8748,183.8,180.0,180.0,226.1,226.1,226.1
time,lat,lon,hdg,rsa_0,rsa_1,rsa_2,rpm_0,rpm_1,rpm_2
1600949635.2680454,0.027223333333333332,0.004099166666666667,70.8836,183.8,180.0,180.0,226.1,226.1,226.1
time,lat,lon,hdg,rsa_0,rsa_1,rsa_2,rpm_0,rpm_1,rpm_2
1600949635.3672438,0.02722516666666667,0.004104333333333333,70.8888,192.9,180.0,180.0,226.1,226.1,226.1
time,lat,lon,hdg,rsa_0,rsa_1,rsa_2,rpm_0,rpm_1,rpm_2
1600949635.5668428,0.02722883333333333,0.0041140000000000005,70.8901,192.9,180.0,180.0,226.1,226.1,226.1
time,lat,lon,hdg,rsa_0,rsa_1,rsa_2,rpm_0,rpm_1,rpm_2
1600949635.666845,0.0272325,0.0041238333333333335,70.8858,201.85,180.0,180.0,226.1,226.1,226.1
time,lat,lon,hdg,rsa_0,rsa_1,rsa_2,rpm_0,rpm_1,rpm_2
1600949635.767005,0.027234333333333336,0.004128666666666667,70.8775,201.85,180.0,180.0,226.1,226.1,226.1
time,lat,lon,hdg,rsa_0,rsa_1,rsa_2,rpm_0,rpm_1,rpm_2
1600949635.9644365,0.027236166666666665,0.0041335,70.8491,210.75,180.0,180.0,226.1,226.1,226.1
time,lat,lon,hdg,rsa_0,rsa_1,rsa_2,rpm_0,rpm_1,rpm_2
1600949636.0653064,0.027238166666666667,0.0041385,70.8281,210.75,180.0,180.0,226.1,226.1,226.1
time,lat,lon,hdg,rsa_0,rsa_1,rsa_2,rpm_0,rpm_1,rpm_2
1600949636.165442,0.02724,0.004143333333333333,70.8026,210.75,180.0,180.0,226.1,226.1,226.1
time,lat,lon,hdg,rsa_0,rsa_1,rsa_2,rpm_0,rpm_1,rpm_2
1600949636.265613,0.027241833333333333,0.004148166666666666,70.7727,215.0,180.0,180.0,226.1,226.1,226.1
time,lat,lon,hdg,rsa_0,rsa_1,rsa_2,rpm_0,rpm_1,rpm_2
1600949636.3657765,0.0272455,0.004158,70.7385,215.0,180.0,180.0,226.1,226.1,226.1
time,lat,lon,hdg,rsa_0,rsa_1,rsa_2,rpm_0,rpm_1,rpm_2
1600949636.5654805,0.027247333333333335,0.0041628333333333335,70.6574,215.0,180.0,180.0,226.1,226.1,226.1
time,lat,lon,hdg,rsa_0,rsa_1,rsa_2,rpm_0,rpm_1,rpm_2
1600949636.67079,0.027249166666666665,0.004167833333333333,70.6107,215.0,180.0,180.0,226.1,226.1,226.1
time,lat,lon,hdg,rsa_0,rsa_1,rsa_2,rpm_0,rpm_1,rpm_2
1600949636.8648043,0.027253000000000003,0.004177833333333334,70.5062,215.0,180.0,180.0,226.1,226.1,226.1
time,lat,lon,hdg,rsa_0,rsa_1,rsa_2,rpm_0,rpm_1,rpm_2
1600949636.9648156,0.027254666666666667,0.004182333333333333,70.4466,215.0,180.0,180.0,226.1,226.1,226.1
time,lat,lon,hdg,rsa_0,rsa_1,rsa_2,rpm_0,rpm_1,rpm_2
1600949637.0647948,0.0272565,0.004187333333333334,70.3841,215.0,180.0,180.0,226.1,226.1,226.1
time,lat,lon,hdg,rsa_0,rsa_1,rsa_2,rpm_0,rpm_1,rpm_2
1600949637.1651418,0.027260166666666665,0.004197166666666667,70.3176,215.0,180.0,180.0,226.1,226.1,226.1
time,lat,lon,hdg,rsa_0,rsa_1,rsa_2,rpm_0,rpm_1,rpm_2
1600949637.2662048,0.027260166666666665,0.004197166666666667,70.2474,215.0,180.0,180.0,226.1,226.1,226.1
time,lat,lon,hdg,rsa_0,rsa_1,rsa_2,rpm_0,rpm_1,rpm_2
1600949637.3664029,0.02726383333333333,0.004206833333333334,70.1733,215.0,180.0,180.0,226.1,226.1,226.1
time,lat,lon,hdg,rsa_0,rsa_1,rsa_2,rpm_0,rpm_1,rpm_2
1600949637.5635567,0.0272655,0.0042116666666666665,70.0154,215.0,180.0,180.0,226.1,226.1,226.1
time,lat,lon,hdg,rsa_0,rsa_1,rsa_2,rpm_0,rpm_1,rpm_2
1600949637.663827,0.027269166666666667,0.0042215,69.9302,215.0,180.0,180.0,226.1,226.1,226.1
time,lat,lon,hdg,rsa_0,rsa_1,rsa_2,rpm_0,rpm_1,rpm_2
1600949637.8620663,0.027270833333333334,0.004226333333333334,69.7503,215.0,180.0,180.0,226.1,226.1,226.1
time,lat,lon,hdg,rsa_0,rsa_1,rsa_2,rpm_0,rpm_1,rpm_2
1600949638.061838,0.027274333333333334,0.004236166666666667,69.5544,215.0,180.0,180.0,226.1,226.1,226.1
time,lat,lon,hdg,rsa_0,rsa_1,rsa_2,rpm_0,rpm_1,rpm_2
1600949638.166103,0.027276,0.004241,69.4458,215.0,180.0,180.0,226.1,226.1,226.1
time,lat,lon,hdg,rsa_0,rsa_1,rsa_2,rpm_0,rpm_1,rpm_2
1600949638.266267,0.027277833333333334,0.004246166666666666,69.3387,215.0,180.0,180.0,226.1,226.1,226.1
time,lat,lon,hdg,rsa_0,rsa_1,rsa_2,rpm_0,rpm_1,rpm_2
1600949638.3664095,0.02728116666666667,0.004255999999999999,69.2299,215.0,180.0,180.0,226.1,226.1,226.1
time,lat,lon,hdg,rsa_0,rsa_1,rsa_2,rpm_0,rpm_1,rpm_2
1600949638.4664893,0.02728116666666667,0.004255999999999999,69.1137,215.0,180.0,180.0,226.1,226.1,226.1
time,lat,lon,hdg,rsa_0,rsa_1,rsa_2,rpm_0,rpm_1,rpm_2
1600949638.566728,0.02728466666666667,0.004265833333333333,68.998,215.0,180.0,180.0,226.1,226.1,226.1
time,lat,lon,hdg,rsa_0,rsa_1,rsa_2,rpm_0,rpm_1,rpm_2
1600949638.7629085,0.027286166666666667,0.004270666666666667,68.7541,215.0,180.0,180.0,226.1,226.1,226.1
time,lat,lon,hdg,rsa_0,rsa_1,rsa_2,rpm_0,rpm_1,rpm_2
1600949638.862943,0.0272895,0.0042805000000000005,68.6259,215.0,180.0,180.0,226.1,226.1,226.1
time,lat,lon,hdg,rsa_0,rsa_1,rsa_2,rpm_0,rpm_1,rpm_2
1600949638.9634156,0.027291166666666665,0.004285333333333334,68.4965,215.0,180.0,180.0,226.1,226.1,226.1
time,lat,lon,hdg,rsa_0,rsa_1,rsa_2,rpm_0,rpm_1,rpm_2
1600949639.1592066,0.027292833333333332,0.004290333333333333,68.2253,215.0,180.0,180.0,226.1,226.1,226.1
time,lat,lon,hdg,rsa_0,rsa_1,rsa_2,rpm_0,rpm_1,rpm_2
1600949639.2686028,0.0272945,0.004295166666666667,68.0715,215.0,180.0,180.0,226.1,226.1,226.1
time,lat,lon,hdg,rsa_0,rsa_1,rsa_2,rpm_0,rpm_1,rpm_2
1600949639.5748568,0.027297833333333334,0.004305,67.7946,215.0,180.0,180.0,226.1,226.1,226.1
time,lat,lon,hdg,rsa_0,rsa_1,rsa_2,rpm_0,rpm_1,rpm_2
1600949639.692726,0.027299499999999997,0.0043096666666666665,67.7946,215.0,180.0,180.0,226.1,226.1,226.1
time,lat,lon,hdg,rsa_0,rsa_1,rsa_2,rpm_0,rpm_1,rpm_2
1600949639.8632736,0.0273045,0.004324833333333333,67.1557,215.0,180.0,180.0,226.1,226.1,226.1
time,lat,lon,hdg,rsa_0,rsa_1,rsa_2,rpm_0,rpm_1,rpm_2
1600949640.0604808,0.027307833333333333,0.004334500000000001,66.8268,215.0,180.0,180.0,226.1,226.1,226.1
time,lat,lon,hdg,rsa_0,rsa_1,rsa_2,rpm_0,rpm_1,rpm_2
1600949640.174433,0.0273095,0.004339333333333333,66.6373,215.0,180.0,180.0,226.1,226.1,226.1
time,lat,lon,hdg,rsa_0,rsa_1,rsa_2,rpm_0,rpm_1,rpm_2
1600949640.366026,0.027313166666666666,0.0043495,66.2884,215.0,180.0,180.0,226.1,226.1,226.1
time,lat,lon,hdg,rsa_0,rsa_1,rsa_2,rpm_0,rpm_1,rpm_2
1600949640.5622923,0.027316333333333335,0.004358666666666666,65.9268,215.0,180.0,180.0,226.1,226.1,226.1
time,lat,lon,hdg,rsa_0,rsa_1,rsa_2,rpm_0,rpm_1,rpm_2
1600949640.6624267,0.02732,0.0043685,65.7411,215.0,180.0,180.0,226.1,226.1,226.1
time,lat,lon,hdg,rsa_0,rsa_1,rsa_2,rpm_0,rpm_1,rpm_2
1600949640.7687492,0.02732,0.0043685,65.533,215.0,180.0,180.0,226.1,226.1,226.1
time,lat,lon,hdg,rsa_0,rsa_1,rsa_2,rpm_0,rpm_1,rpm_2
1600949640.9623058,0.02732366666666667,0.0043785,65.162,215.0,180.0,180.0,226.1,226.1,226.1
time,lat,lon,hdg,rsa_0,rsa_1,rsa_2,rpm_0,rpm_1,rpm_2
1600949641.0661755,0.027325333333333333,0.004383,64.9434,215.0,180.0,180.0,226.1,226.1,226.1
time,lat,lon,hdg,rsa_0,rsa_1,rsa_2,rpm_0,rpm_1,rpm_2
1600949641.1665847,0.027327166666666666,0.004388166666666667,64.7381,215.0,180.0,180.0,226.1,226.1,226.1
time,lat,lon,hdg,rsa_0,rsa_1,rsa_2,rpm_0,rpm_1,rpm_2
1600949641.2669342,0.027329,0.004392999999999999,64.5332,215.0,180.0,180.0,226.1,226.1,226.1
time,lat,lon,hdg,rsa_0,rsa_1,rsa_2,rpm_0,rpm_1,rpm_2
1600949641.4641144,0.02733266666666667,0.0044025,64.1101,215.0,180.0,180.0,226.1,226.1,226.1
time,lat,lon,hdg,rsa_0,rsa_1,rsa_2,rpm_0,rpm_1,rpm_2
1600949641.5658371,0.027334499999999998,0.004407166666666667,63.8882,215.0,180.0,180.0,226.1,226.1,226.1
time,lat,lon,hdg,rsa_0,rsa_1,rsa_2,rpm_0,rpm_1,rpm_2
1600949641.7630389,0.027338333333333336,0.004416833333333333,63.4458,215.0,180.0,180.0,226.1,226.1,226.1
time,lat,lon,hdg,rsa_0,rsa_1,rsa_2,rpm_0,rpm_1,rpm_2
1600949641.867313,0.027340166666666665,0.004421666666666667,63.2063,215.0,180.0,180.0,226.1,226.1,226.1
time,lat,lon,hdg,rsa_0,rsa_1,rsa_2,rpm_0,rpm_1,rpm_2
1600949642.0634518,0.027344,0.004431166666666667,62.7521,215.0,180.0,180.0,226.1,226.1,226.1
time,lat,lon,hdg,rsa_0,rsa_1,rsa_2,rpm_0,rpm_1,rpm_2
1600949642.2614396,0.027347833333333335,0.0044406666666666665,62.2775,215.0,180.0,180.0,226.1,226.1,226.1
time,lat,lon,hdg,rsa_0,rsa_1,rsa_2,rpm_0,rpm_1,rpm_2
1600949642.3675168,0.027349833333333334,0.004445333333333333,62.0129,215.0,180.0,180.0,226.1,226.1,226.1
time,lat,lon,hdg,rsa_0,rsa_1,rsa_2,rpm_0,rpm_1,rpm_2
1600949642.5644495,0.027353833333333334,0.004454833333333334,61.5145,215.0,180.0,180.0,226.1,226.1,226.1
time,lat,lon,hdg,rsa_0,rsa_1,rsa_2,rpm_0,rpm_1,rpm_2
1600949642.667254,0.027356,0.00446,61.2562,215.0,180.0,180.0,226.1,226.1,226.1
time,lat,lon,hdg,rsa_0,rsa_1,rsa_2,rpm_0,rpm_1,rpm_2
1600949642.8644154,0.027359833333333337,0.004468833333333333,60.7472,215.0,180.0,180.0,226.1,226.1,226.1
time,lat,lon,hdg,rsa_0,rsa_1,rsa_2,rpm_0,rpm_1,rpm_2
1600949642.9689283,0.027362,0.0044740000000000005,60.4748,215.0,180.0,180.0,226.1,226.1,226.1
time,lat,lon,hdg,rsa_0,rsa_1,rsa_2,rpm_0,rpm_1,rpm_2
1600949643.1631372,0.027366,0.004483333333333334,59.9607,215.0,180.0,180.0,226.1,226.1,226.1
time,lat,lon,hdg,rsa_0,rsa_1,rsa_2,rpm_0,rpm_1,rpm_2
1600949643.3605967,0.027370166666666664,0.0044925,59.4211,215.0,180.0,180.0,226.1,226.1,226.1
time,lat,lon,hdg,rsa_0,rsa_1,rsa_2,rpm_0,rpm_1,rpm_2
1600949643.4675689,0.027372166666666666,0.004497,59.1187,215.0,180.0,180.0,226.1,226.1,226.1
time,lat,lon,hdg,rsa_0,rsa_1,rsa_2,rpm_0,rpm_1,rpm_2
1600949643.6634688,0.0273765,0.004506666666666667,58.5653,215.0,180.0,180.0,226.1,226.1,226.1
time,lat,lon,hdg,rsa_0,rsa_1,rsa_2,rpm_0,rpm_1,rpm_2
1600949643.871662,0.027380666666666668,0.0045158333333333335,57.9658,215.0,180.0,180.0,226.1,226.1,226.1
time,lat,lon,hdg,rsa_0,rsa_1,rsa_2,rpm_0,rpm_1,rpm_2
1600949644.0632355,0.027384833333333334,0.004525,57.3933,215.0,180.0,180.0,226.1,226.1,226.1
time,lat,lon,hdg,rsa_0,rsa_1,rsa_2,rpm_0,rpm_1,rpm_2
1600949644.2667139,0.02738916666666667,0.004534166666666667,56.7687,215.0,180.0,180.0,226.1,226.1,226.1
time,lat,lon,hdg,rsa_0,rsa_1,rsa_2,rpm_0,rpm_1,rpm_2
1600949644.462801,0.027393666666666667,0.004543500000000001,56.1728,215.0,180.0,180.0,226.1,226.1,226.1
time,lat,lon,hdg,rsa_0,rsa_1,rsa_2,rpm_0,rpm_1,rpm_2
1600949644.6677241,0.027398,0.0045525,55.5288,215.0,180.0,180.0,226.1,226.1,226.1
time,lat,lon,hdg,rsa_0,rsa_1,rsa_2,rpm_0,rpm_1,rpm_2
1600949644.8618386,0.0274025,0.004561666666666667,54.9047,215.0,180.0,180.0,226.1,226.1,226.1
time,lat,lon,hdg,rsa_0,rsa_1,rsa_2,rpm_0,rpm_1,rpm_2
1600949644.9620101,0.027407,0.0045705,54.5858,215.0,180.0,180.0,226.1,226.1,226.1
time,lat,lon,hdg,rsa_0,rsa_1,rsa_2,rpm_0,rpm_1,rpm_2
1600949645.0668235,0.027407,0.0045705,54.2367,215.0,180.0,180.0,226.1,226.1,226.1
time,lat,lon,hdg,rsa_0,rsa_1,rsa_2,rpm_0,rpm_1,rpm_2
1600949645.262755,0.027411666666666668,0.004579666666666667,53.5901,215.0,180.0,180.0,226.1,226.1,226.1
time,lat,lon,hdg,rsa_0,rsa_1,rsa_2,rpm_0,rpm_1,rpm_2
1600949645.366864,0.027414,0.004584,53.2543,215.0,180.0,180.0,226.1,226.1,226.1
time,lat,lon,hdg,rsa_0,rsa_1,rsa_2,rpm_0,rpm_1,rpm_2
1600949645.568179,0.027418666666666664,0.004593,52.5628,215.0,180.0,180.0,226.1,226.1,226.1
time,lat,lon,hdg,rsa_0,rsa_1,rsa_2,rpm_0,rpm_1,rpm_2
1600949645.7674894,0.0274235,0.004601833333333334,51.854,215.0,180.0,180.0,226.1,226.1,226.1
time,lat,lon,hdg,rsa_0,rsa_1,rsa_2,rpm_0,rpm_1,rpm_2
1600949645.9624639,0.027428333333333332,0.004610833333333333,51.1807,215.0,180.0,180.0,226.1,226.1,226.1
time,lat,lon,hdg,rsa_0,rsa_1,rsa_2,rpm_0,rpm_1,rpm_2
1600949646.166287,0.027433166666666668,0.004619333333333334,50.4494,215.0,180.0,180.0,226.1,226.1,226.1
time,lat,lon,hdg,rsa_0,rsa_1,rsa_2,rpm_0,rpm_1,rpm_2
1600949646.2662508,0.027438333333333335,0.004628166666666667,50.1006,215.0,180.0,180.0,226.1,226.1,226.1
time,lat,lon,hdg,rsa_0,rsa_1,rsa_2,rpm_0,rpm_1,rpm_2
1600949646.459902,0.027440833333333334,0.004632333333333334,49.3831,215.0,180.0,180.0,226.1,226.1,226.1
time,lat,lon,hdg,rsa_0,rsa_1,rsa_2,rpm_0,rpm_1,rpm_2
1600949646.5673964,0.027443333333333333,0.0046366666666666665,48.9896,215.0,180.0,180.0,226.1,226.1,226.1
time,lat,lon,hdg,rsa_0,rsa_1,rsa_2,rpm_0,rpm_1,rpm_2
1600949646.7633939,0.027448666666666666,0.0046454999999999995,48.2625,215.0,180.0,180.0,226.1,226.1,226.1
time,lat,lon,hdg,rsa_0,rsa_1,rsa_2,rpm_0,rpm_1,rpm_2
1600949646.8666093,0.02745116666666667,0.0046495,47.8667,215.0,180.0,180.0,226.1,226.1,226.1
time,lat,lon,hdg,rsa_0,rsa_1,rsa_2,rpm_0,rpm_1,rpm_2
1600949646.9670916,0.027454,0.004654,47.4744,215.0,180.0,180.0,226.1,226.1,226.1
time,lat,lon,hdg,rsa_0,rsa_1,rsa_2,rpm_0,rpm_1,rpm_2
1600949647.1634114,0.027459333333333332,0.004662333333333333,46.7394,215.0,180.0,180.0,226.1,226.1,226.1
time,lat,lon,hdg,rsa_0,rsa_1,rsa_2,rpm_0,rpm_1,rpm_2
1600949647.3684402,0.02746466666666667,0.004670499999999999,45.9361,215.0,180.0,180.0,226.1,226.1,226.1
time,lat,lon,hdg,rsa_0,rsa_1,rsa_2,rpm_0,rpm_1,rpm_2
1600949647.5639493,0.027470333333333333,0.004678833333333333,45.1746,215.0,180.0,180.0,226.1,226.1,226.1
time,lat,lon,hdg,rsa_0,rsa_1,rsa_2,rpm_0,rpm_1,rpm_2
1600949647.760253,0.02747583333333333,0.004686833333333334,44.3768,215.0,180.0,180.0,226.1,226.1,226.1
time,lat,lon,hdg,rsa_0,rsa_1,rsa_2,rpm_0,rpm_1,rpm_2
1600949647.8668375,0.027478833333333334,0.004690833333333333,43.9539,215.0,180.0,180.0,226.1,226.1,226.1
time,lat,lon,hdg,rsa_0,rsa_1,rsa_2,rpm_0,rpm_1,rpm_2
1600949648.06147,0.027484500000000002,0.004699,43.1611,215.0,180.0,180.0,226.1,226.1,226.1
time,lat,lon,hdg,rsa_0,rsa_1,rsa_2,rpm_0,rpm_1,rpm_2
1600949648.167239,0.0274875,0.004703,42.7234,215.0,180.0,180.0,226.1,226.1,226.1
time,lat,lon,hdg,rsa_0,rsa_1,rsa_2,rpm_0,rpm_1,rpm_2
1600949648.2674668,0.0274935,0.004710833333333333,42.3312,215.0,180.0,180.0,226.1,226.1,226.1
time,lat,lon,hdg,rsa_0,rsa_1,rsa_2,rpm_0,rpm_1,rpm_2
1600949648.4597094,0.0274965,0.004715,41.5052,215.0,180.0,180.0,226.1,226.1,226.1
time,lat,lon,hdg,rsa_0,rsa_1,rsa_2,rpm_0,rpm_1,rpm_2
1600949648.566691,0.0274995,0.004718666666666666,41.071,215.0,180.0,180.0,226.1,226.1,226.1
time,lat,lon,hdg,rsa_0,rsa_1,rsa_2,rpm_0,rpm_1,rpm_2
1600949648.7597158,0.027505500000000002,0.004726333333333333,40.2446,215.0,180.0,180.0,226.1,226.1,226.1
time,lat,lon,hdg,rsa_0,rsa_1,rsa_2,rpm_0,rpm_1,rpm_2
1600949648.8665912,0.027508499999999998,0.004730166666666666,39.7816,215.0,180.0,180.0,226.1,226.1,226.1
time,lat,lon,hdg,rsa_0,rsa_1,rsa_2,rpm_0,rpm_1,rpm_2
1600949649.062409,0.027514833333333332,0.0047378333333333335,38.9483,215.0,180.0,180.0,226.1,226.1,226.1
time,lat,lon,hdg,rsa_0,rsa_1,rsa_2,rpm_0,rpm_1,rpm_2
1600949649.1671226,0.027518,0.0047415,38.4776,215.0,180.0,180.0,226.1,226.1,226.1
time,lat,lon,hdg,rsa_0,rsa_1,rsa_2,rpm_0,rpm_1,rpm_2
1600949649.3622901,0.02752433333333333,0.004749000000000001,37.6381,215.0,180.0,180.0,226.1,226.1,226.1
time,lat,lon,hdg,rsa_0,rsa_1,rsa_2,rpm_0,rpm_1,rpm_2
1600949649.4674916,0.0275275,0.004752666666666667,37.1599,215.0,180.0,180.0,226.1,226.1,226.1
time,lat,lon,hdg,rsa_0,rsa_1,rsa_2,rpm_0,rpm_1,rpm_2
1600949649.6619244,0.027534,0.00476,36.3073,215.0,180.0,180.0,226.1,226.1,226.1
time,lat,lon,hdg,rsa_0,rsa_1,rsa_2,rpm_0,rpm_1,rpm_2
1600949649.8668706,0.027540166666666664,0.0047669999999999995,35.3939,215.0,180.0,180.0,226.1,226.1,226.1
time,lat,lon,hdg,rsa_0,rsa_1,rsa_2,rpm_0,rpm_1,rpm_2
1600949650.0674672,0.027547,0.004774166666666666,34.4715,215.0,180.0,180.0,226.1,226.1,226.1
time,lat,lon,hdg,rsa_0,rsa_1,rsa_2,rpm_0,rpm_1,rpm_2
1600949650.260905,0.027553666666666664,0.004781166666666667,33.5863,215.0,180.0,180.0,226.1,226.1,226.1
time,lat,lon,hdg,rsa_0,rsa_1,rsa_2,rpm_0,rpm_1,rpm_2
1600949650.3668854,0.027556999999999998,0.004784666666666667,33.0945,215.0,180.0,180.0,226.1,226.1,226.1
time,lat,lon,hdg,rsa_0,rsa_1,rsa_2,rpm_0,rpm_1,rpm_2
1600949650.5620823,0.027563833333333333,0.004791500000000001,32.1972,215.0,180.0,180.0,226.1,226.1,226.1
time,lat,lon,hdg,rsa_0,rsa_1,rsa_2,rpm_0,rpm_1,rpm_2
1600949650.668304,0.027567166666666663,0.004794833333333333,31.691,215.0,180.0,180.0,226.1,226.1,226.1
time,lat,lon,hdg,rsa_0,rsa_1,rsa_2,rpm_0,rpm_1,rpm_2
1600949650.8622153,0.027574166666666667,0.004801666666666667,30.7897,215.0,180.0,180.0,226.1,226.1,226.1
time,lat,lon,hdg,rsa_0,rsa_1,rsa_2,rpm_0,rpm_1,rpm_2
1600949650.9685752,0.027577666666666667,0.004804833333333333,30.2771,215.0,180.0,180.0,226.1,226.1,226.1
time,lat,lon,hdg,rsa_0,rsa_1,rsa_2,rpm_0,rpm_1,rpm_2
1600949651.161852,0.027584833333333333,0.0048115,29.3644,215.0,180.0,180.0,226.1,226.1,226.1
time,lat,lon,hdg,rsa_0,rsa_1,rsa_2,rpm_0,rpm_1,rpm_2
1600949651.2683082,0.027588166666666667,0.004814666666666667,28.8454,215.0,180.0,180.0,226.1,226.1,226.1
time,lat,lon,hdg,rsa_0,rsa_1,rsa_2,rpm_0,rpm_1,rpm_2
1600949651.4615917,0.027595333333333336,0.004821000000000001,27.9218,215.0,180.0,180.0,226.1,226.1,226.1
time,lat,lon,hdg,rsa_0,rsa_1,rsa_2,rpm_0,rpm_1,rpm_2
1600949651.568072,0.027599,0.004824166666666667,27.4047,215.0,180.0,180.0,226.1,226.1,226.1
time,lat,lon,hdg,rsa_0,rsa_1,rsa_2,rpm_0,rpm_1,rpm_2
1600949651.7613435,0.027606166666666664,0.004830333333333334,26.4623,215.0,180.0,180.0,226.1,226.1,226.1
time,lat,lon,hdg,rsa_0,rsa_1,rsa_2,rpm_0,rpm_1,rpm_2
1600949651.868001,0.027609833333333333,0.004833333333333333,25.9311,215.0,180.0,180.0,226.1,226.1,226.1
time,lat,lon,hdg,rsa_0,rsa_1,rsa_2,rpm_0,rpm_1,rpm_2
1600949652.0622568,0.027617333333333334,0.0048393333333333335,24.9862,215.0,180.0,180.0,226.1,226.1,226.1
time,lat,lon,hdg,rsa_0,rsa_1,rsa_2,rpm_0,rpm_1,rpm_2
1600949652.167392,0.027621,0.0048421666666666665,24.4492,215.0,180.0,180.0,226.1,226.1,226.1
time,lat,lon,hdg,rsa_0,rsa_1,rsa_2,rpm_0,rpm_1,rpm_2
1600949652.3626094,0.02762866666666667,0.004848166666666666,23.4941,215.0,180.0,180.0,226.1,226.1,226.1
time,lat,lon,hdg,rsa_0,rsa_1,rsa_2,rpm_0,rpm_1,rpm_2
1600949652.5655656,0.027636,0.004853666666666667,22.474,215.0,180.0,180.0,226.1,226.1,226.1
time,lat,lon,hdg,rsa_0,rsa_1,rsa_2,rpm_0,rpm_1,rpm_2
1600949652.759857,0.027643833333333333,0.004859166666666666,21.4808,215.0,180.0,180.0,226.1,226.1,226.1
time,lat,lon,hdg,rsa_0,rsa_1,rsa_2,rpm_0,rpm_1,rpm_2
1600949652.8656425,0.027647666666666668,0.0048618333333333335,20.9564,215.0,180.0,180.0,226.1,226.1,226.1
time,lat,lon,hdg,rsa_0,rsa_1,rsa_2,rpm_0,rpm_1,rpm_2
1600949653.0608203,0.0276555,0.004867166666666667,19.9537,215.0,180.0,180.0,226.1,226.1,226.1
time,lat,lon,hdg,rsa_0,rsa_1,rsa_2,rpm_0,rpm_1,rpm_2
1600949653.1665401,0.02765933333333333,0.004869833333333334,19.4159,215.0,180.0,180.0,226.1,226.1,226.1
time,lat,lon,hdg,rsa_0,rsa_1,rsa_2,rpm_0,rpm_1,rpm_2
1600949653.3679922,0.027667166666666666,0.0048748333333333334,18.3696,215.0,180.0,180.0,226.1,226.1,226.1
time,lat,lon,hdg,rsa_0,rsa_1,rsa_2,rpm_0,rpm_1,rpm_2
1600949653.5608308,0.027675166666666664,0.004879833333333333,17.3777,215.0,180.0,180.0,226.1,226.1,226.1
time,lat,lon,hdg,rsa_0,rsa_1,rsa_2,rpm_0,rpm_1,rpm_2
1600949653.6652522,0.027679166666666664,0.0048821666666666675,16.8407,215.0,180.0,180.0,226.1,226.1,226.1
time,lat,lon,hdg,rsa_0,rsa_1,rsa_2,rpm_0,rpm_1,rpm_2
1600949653.866201,0.027687166666666665,0.004887,15.7971,215.0,180.0,180.0,226.1,226.1,226.1
time,lat,lon,hdg,rsa_0,rsa_1,rsa_2,rpm_0,rpm_1,rpm_2
1600949654.0671144,0.027695333333333336,0.004891499999999999,14.7215,215.0,180.0,180.0,226.1,226.1,226.1
time,lat,lon,hdg,rsa_0,rsa_1,rsa_2,rpm_0,rpm_1,rpm_2
1600949654.267427,0.0277035,0.004896,13.6842,215.0,180.0,180.0,226.1,226.1,226.1
time,lat,lon,hdg,rsa_0,rsa_1,rsa_2,rpm_0,rpm_1,rpm_2
1600949654.4648604,0.02771166666666667,0.004900166666666666,12.6418,215.0,180.0,180.0,226.1,226.1,226.1
time,lat,lon,hdg,rsa_0,rsa_1,rsa_2,rpm_0,rpm_1,rpm_2
1600949654.6657963,0.02772,0.0049043333333333335,11.5677,215.0,180.0,180.0,226.1,226.1,226.1
time,lat,lon,hdg,rsa_0,rsa_1,rsa_2,rpm_0,rpm_1,rpm_2
1600949654.8669279,0.027728333333333334,0.004908333333333333,10.4796,215.0,180.0,180.0,226.1,226.1,226.1
time,lat,lon,hdg,rsa_0,rsa_1,rsa_2,rpm_0,rpm_1,rpm_2
1600949655.0684586,0.027736666666666666,0.004912,9.40439,215.0,180.0,180.0,226.1,226.1,226.1
time,lat,lon,hdg,rsa_0,rsa_1,rsa_2,rpm_0,rpm_1,rpm_2
1600949655.2605972,0.027745166666666665,0.004915833333333333,8.36061,215.0,180.0,180.0,226.1,226.1,226.1
time,lat,lon,hdg,rsa_0,rsa_1,rsa_2,rpm_0,rpm_1,rpm_2
1600949655.3689225,0.027749333333333334,0.0049175,7.78289,215.0,180.0,180.0,226.1,226.1,226.1
time,lat,lon,hdg,rsa_0,rsa_1,rsa_2,rpm_0,rpm_1,rpm_2
1600949655.5618186,0.027757833333333332,0.004921,6.7326,215.0,180.0,180.0,226.1,226.1,226.1
time,lat,lon,hdg,rsa_0,rsa_1,rsa_2,rpm_0,rpm_1,rpm_2
1600949655.6679366,0.027762000000000002,0.0049225,6.16046,215.0,180.0,180.0,226.1,226.1,226.1
time,lat,lon,hdg,rsa_0,rsa_1,rsa_2,rpm_0,rpm_1,rpm_2
1600949655.8679874,0.0277705,0.004925833333333333,5.04925,215.0,180.0,180.0,226.1,226.1,226.1
time,lat,lon,hdg,rsa_0,rsa_1,rsa_2,rpm_0,rpm_1,rpm_2
1600949656.0621653,0.027779166666666667,0.004928833333333333,3.99789,215.0,180.0,180.0,226.1,226.1,226.1
time,lat,lon,hdg,rsa_0,rsa_1,rsa_2,rpm_0,rpm_1,rpm_2
1600949656.263824,0.027787666666666665,0.004931666666666667,2.8969,215.0,180.0,180.0,226.1,226.1,226.1
time,lat,lon,hdg,rsa_0,rsa_1,rsa_2,rpm_0,rpm_1,rpm_2
1600949656.467526,0.027796333333333333,0.004934333333333333,1.75513,215.0,180.0,180.0,226.1,226.1,226.1
time,lat,lon,hdg,rsa_0,rsa_1,rsa_2,rpm_0,rpm_1,rpm_2
1600949656.6615222,0.027805166666666666,0.0049369999999999995,0.683404,215.0,180.0,180.0,226.1,226.1,226.1
time,lat,lon,hdg,rsa_0,rsa_1,rsa_2,rpm_0,rpm_1,rpm_2
1600949656.767397,0.027809333333333335,0.004938166666666666,0.0906388,215.0,180.0,180.0,226.1,226.1,226.1
time,lat,lon,hdg,rsa_0,rsa_1,rsa_2,rpm_0,rpm_1,rpm_2
1600949656.9609265,0.027818166666666665,0.0049405000000000004,359.014,215.0,180.0,180.0,226.1,226.1,226.1
time,lat,lon,hdg,rsa_0,rsa_1,rsa_2,rpm_0,rpm_1,rpm_2
1600949657.067791,0.027822499999999997,0.0049415,358.427,215.0,180.0,180.0,226.1,226.1,226.1
time,lat,lon,hdg,rsa_0,rsa_1,rsa_2,rpm_0,rpm_1,rpm_2
1600949657.2617004,0.027831333333333333,0.0049436666666666665,357.336,215.0,180.0,180.0,226.1,226.1,226.1
time,lat,lon,hdg,rsa_0,rsa_1,rsa_2,rpm_0,rpm_1,rpm_2
1600949657.3682957,0.027835666666666665,0.0049445,356.728,215.0,180.0,180.0,226.1,226.1,226.1
time,lat,lon,hdg,rsa_0,rsa_1,rsa_2,rpm_0,rpm_1,rpm_2
1600949657.562352,0.0278445,0.004946333333333333,355.651,215.0,180.0,180.0,226.1,226.1,226.1
time,lat,lon,hdg,rsa_0,rsa_1,rsa_2,rpm_0,rpm_1,rpm_2
1600949657.765315,0.027853166666666665,0.004947999999999999,354.505,215.0,180.0,180.0,226.1,226.1,226.1
time,lat,lon,hdg,rsa_0,rsa_1,rsa_2,rpm_0,rpm_1,rpm_2
1600949657.9674551,0.027862,0.0049495,353.346,215.0,180.0,180.0,226.1,226.1,226.1
time,lat,lon,hdg,rsa_0,rsa_1,rsa_2,rpm_0,rpm_1,rpm_2
1600949658.163181,0.027870833333333334,0.004950833333333333,352.259,215.0,180.0,180.0,226.1,226.1,226.1
time,lat,lon,hdg,rsa_0,rsa_1,rsa_2,rpm_0,rpm_1,rpm_2
1600949658.3647904,0.027879666666666667,0.004951833333333333,351.104,215.0,180.0,180.0,226.1,226.1,226.1
time,lat,lon,hdg,rsa_0,rsa_1,rsa_2,rpm_0,rpm_1,rpm_2
1600949658.5596719,0.0278885,0.004952833333333333,349.983,215.0,180.0,180.0,226.1,226.1,226.1
time,lat,lon,hdg,rsa_0,rsa_1,rsa_2,rpm_0,rpm_1,rpm_2
1600949658.6686673,0.027892833333333332,0.0049531666666666665,349.384,215.0,180.0,180.0,226.1,226.1,226.1
time,lat,lon,hdg,rsa_0,rsa_1,rsa_2,rpm_0,rpm_1,rpm_2
1600949658.8676224,0.027901833333333334,0.0049538333333333335,348.221,215.0,180.0,180.0,226.1,226.1,226.1
time,lat,lon,hdg,rsa_0,rsa_1,rsa_2,rpm_0,rpm_1,rpm_2
1600949659.0610754,0.0279105,0.004954333333333334,347.123,215.0,180.0,180.0,226.1,226.1,226.1
time,lat,lon,hdg,rsa_0,rsa_1,rsa_2,rpm_0,rpm_1,rpm_2
1600949659.1672025,0.027915000000000002,0.0049545,346.501,215.0,180.0,180.0,226.1,226.1,226.1
time,lat,lon,hdg,rsa_0,rsa_1,rsa_2,rpm_0,rpm_1,rpm_2
1600949659.3588176,0.027923666666666666,0.004954833333333334,345.398,215.0,180.0,180.0,226.1,226.1,226.1
time,lat,lon,hdg,rsa_0,rsa_1,rsa_2,rpm_0,rpm_1,rpm_2
1600949659.4650602,0.027928166666666664,0.004954833333333334,344.803,215.0,180.0,180.0,226.1,226.1,226.1
time,lat,lon,hdg,rsa_0,rsa_1,rsa_2,rpm_0,rpm_1,rpm_2
1600949659.6675785,0.027936833333333334,0.004954833333333334,343.63,215.0,180.0,180.0,226.1,226.1,226.1
time,lat,lon,hdg,rsa_0,rsa_1,rsa_2,rpm_0,rpm_1,rpm_2
1600949659.767761,0.027945833333333333,0.004954666666666666,343.072,215.0,180.0,180.0,226.1,226.1,226.1
time,lat,lon,hdg,rsa_0,rsa_1,rsa_2,rpm_0,rpm_1,rpm_2
1600949659.9665177,0.02795,0.0049545,341.895,215.0,180.0,180.0,226.1,226.1,226.1
time,lat,lon,hdg,rsa_0,rsa_1,rsa_2,rpm_0,rpm_1,rpm_2
1600949660.1604521,0.027958833333333332,0.004954,340.774,215.0,180.0,180.0,226.1,226.1,226.1
time,lat,lon,hdg,rsa_0,rsa_1,rsa_2,rpm_0,rpm_1,rpm_2
1600949660.260881,0.027963166666666664,0.0049538333333333335,340.223,215.0,180.0,180.0,226.1,226.1,226.1
time,lat,lon,hdg,rsa_0,rsa_1,rsa_2,rpm_0,rpm_1,rpm_2
1600949660.3668249,0.027967333333333334,0.0049535,339.594,215.0,180.0,180.0,226.1,226.1,226.1
time,lat,lon,hdg,rsa_0,rsa_1,rsa_2,rpm_0,rpm_1,rpm_2
1600949660.567432,0.027976166666666667,0.004952666666666666,338.421,215.0,180.0,180.0,226.1,226.1,226.1
time,lat,lon,hdg,rsa_0,rsa_1,rsa_2,rpm_0,rpm_1,rpm_2
1600949660.7609,0.027985,0.004951833333333333,337.284,215.0,180.0,180.0,226.1,226.1,226.1
time,lat,lon,hdg,rsa_0,rsa_1,rsa_2,rpm_0,rpm_1,rpm_2
1600949660.8610108,0.027993333333333332,0.0049506666666666675,336.72,215.0,180.0,180.0,226.1,226.1,226.1
time,lat,lon,hdg,rsa_0,rsa_1,rsa_2,rpm_0,rpm_1,rpm_2
1600949660.96473,0.027993333333333332,0.0049506666666666675,336.097,215.0,180.0,180.0,226.1,226.1,226.1
time,lat,lon,hdg,rsa_0,rsa_1,rsa_2,rpm_0,rpm_1,rpm_2
1600949661.169491,0.028002166666666665,0.0049495,334.909,215.0,180.0,180.0,226.1,226.1,226.1
time,lat,lon,hdg,rsa_0,rsa_1,rsa_2,rpm_0,rpm_1,rpm_2
1600949661.3617194,0.028011,0.004947999999999999,333.776,215.0,180.0,180.0,226.1,226.1,226.1
time,lat,lon,hdg,rsa_0,rsa_1,rsa_2,rpm_0,rpm_1,rpm_2
1600949661.4618986,0.028019166666666664,0.0049465,333.2,215.0,180.0,180.0,226.1,226.1,226.1
time,lat,lon,hdg,rsa_0,rsa_1,rsa_2,rpm_0,rpm_1,rpm_2
1600949661.567586,0.028019166666666664,0.0049465,332.564,215.0,180.0,180.0,226.1,226.1,226.1
time,lat,lon,hdg,rsa_0,rsa_1,rsa_2,rpm_0,rpm_1,rpm_2
1600949661.762164,0.02802783333333333,0.004944666666666667,331.429,215.0,180.0,180.0,226.1,226.1,226.1
time,lat,lon,hdg,rsa_0,rsa_1,rsa_2,rpm_0,rpm_1,rpm_2
1600949661.8686488,0.028032,0.004943833333333333,330.792,215.0,180.0,180.0,226.1,226.1,226.1
time,lat,lon,hdg,rsa_0,rsa_1,rsa_2,rpm_0,rpm_1,rpm_2
1600949661.9689822,0.028036500000000002,0.004942833333333333,330.223,215.0,180.0,180.0,226.1,226.1,226.1
time,lat,lon,hdg,rsa_0,rsa_1,rsa_2,rpm_0,rpm_1,rpm_2
1600949662.160876,0.028044666666666666,0.0049408333333333335,329.074,215.0,180.0,180.0,226.1,226.1,226.1
time,lat,lon,hdg,rsa_0,rsa_1,rsa_2,rpm_0,rpm_1,rpm_2
1600949662.268199,0.028048833333333335,0.004939666666666666,328.445,215.0,180.0,180.0,226.1,226.1,226.1
time,lat,lon,hdg,rsa_0,rsa_1,rsa_2,rpm_0,rpm_1,rpm_2
1600949662.3681982,0.028057333333333333,0.0049373333333333335,327.875,215.0,180.0,180.0,226.1,226.1,226.1
time,lat,lon,hdg,rsa_0,rsa_1,rsa_2,rpm_0,rpm_1,rpm_2
1600949662.5636477,0.028061333333333334,0.004936166666666667,326.713,215.0,180.0,180.0,226.1,226.1,226.1
time,lat,lon,hdg,rsa_0,rsa_1,rsa_2,rpm_0,rpm_1,rpm_2
1600949662.6638036,0.0280695,0.004933666666666667,326.122,215.0,180.0,180.0,226.1,226.1,226.1
time,lat,lon,hdg,rsa_0,rsa_1,rsa_2,rpm_0,rpm_1,rpm_2
1600949662.7639573,0.028073666666666667,0.004932333333333333,325.53,215.0,180.0,180.0,226.1,226.1,226.1
time,lat,lon,hdg,rsa_0,rsa_1,rsa_2,rpm_0,rpm_1,rpm_2
1600949662.9694579,0.028077666666666667,0.0049310000000000005,324.316,215.0,180.0,180.0,226.1,226.1,226.1
time,lat,lon,hdg,rsa_0,rsa_1,rsa_2,rpm_0,rpm_1,rpm_2
1600949663.1674545,0.02808583333333333,0.004928333333333334,323.14,215.0,180.0,180.0,226.1,226.1,226.1
time,lat,lon,hdg,rsa_0,rsa_1,rsa_2,rpm_0,rpm_1,rpm_2
1600949663.3662186,0.028094166666666667,0.004925166666666666,321.963,215.0,180.0,180.0,226.1,226.1,226.1
time,lat,lon,hdg,rsa_0,rsa_1,rsa_2,rpm_0,rpm_1,rpm_2
1600949663.4662647,0.028102000000000002,0.004922,321.369,215.0,180.0,180.0,226.1,226.1,226.1
time,lat,lon,hdg,rsa_0,rsa_1,rsa_2,rpm_0,rpm_1,rpm_2
1600949663.66506,0.028106000000000003,0.004920333333333333,320.18,215.0,180.0,180.0,226.1,226.1,226.1
time,lat,lon,hdg,rsa_0,rsa_1,rsa_2,rpm_0,rpm_1,rpm_2
1600949663.7650375,0.028113833333333334,0.004917,319.595,215.0,180.0,180.0,226.1,226.1,226.1
time,lat,lon,hdg,rsa_0,rsa_1,rsa_2,rpm_0,rpm_1,rpm_2
1600949663.865827,0.028113833333333334,0.004917,318.99,215.0,180.0,180.0,226.1,226.1,226.1
time,lat,lon,hdg,rsa_0,rsa_1,rsa_2,rpm_0,rpm_1,rpm_2
1600949664.0652878,0.028121666666666666,0.0049135,317.809,215.0,180.0,180.0,226.1,226.1,226.1
time,lat,lon,hdg,rsa_0,rsa_1,rsa_2,rpm_0,rpm_1,rpm_2
1600949664.1674693,0.028125666666666667,0.004911666666666667,317.193,215.0,180.0,180.0,226.1,226.1,226.1
time,lat,lon,hdg,rsa_0,rsa_1,rsa_2,rpm_0,rpm_1,rpm_2
1600949664.3649187,0.028133333333333333,0.0049078333333333335,316.01,215.0,180.0,180.0,226.1,226.1,226.1
time,lat,lon,hdg,rsa_0,rsa_1,rsa_2,rpm_0,rpm_1,rpm_2
1600949664.4675477,0.028137166666666664,0.004906,315.403,215.0,180.0,180.0,226.1,226.1,226.1
time,lat,lon,hdg,rsa_0,rsa_1,rsa_2,rpm_0,rpm_1,rpm_2
1600949664.568384,0.028141166666666665,0.004904,314.806,215.0,180.0,180.0,226.1,226.1,226.1
time,lat,lon,hdg,rsa_0,rsa_1,rsa_2,rpm_0,rpm_1,rpm_2
1600949664.7611394,0.028148333333333334,0.0049,313.65,215.0,180.0,180.0,226.1,226.1,226.1
time,lat,lon,hdg,rsa_0,rsa_1,rsa_2,rpm_0,rpm_1,rpm_2
1600949664.8633826,0.028152166666666666,0.004897833333333334,313.042,215.0,180.0,180.0,226.1,226.1,226.1
time,lat,lon,hdg,rsa_0,rsa_1,rsa_2,rpm_0,rpm_1,rpm_2
1600949664.9643965,0.02815583333333333,0.004895666666666667,312.444,215.0,180.0,180.0,226.1,226.1,226.1
time,lat,lon,hdg,rsa_0,rsa_1,rsa_2,rpm_0,rpm_1,rpm_2
1600949665.0666215,0.02815966666666667,0.004893499999999999,311.825,215.0,180.0,180.0,226.1,226.1,226.1
time,lat,lon,hdg,rsa_0,rsa_1,rsa_2,rpm_0,rpm_1,rpm_2
1600949665.1666582,0.028167166666666667,0.004889,311.216,215.0,180.0,180.0,226.1,226.1,226.1
time,lat,lon,hdg,rsa_0,rsa_1,rsa_2,rpm_0,rpm_1,rpm_2
1600949665.3611615,0.028170333333333335,0.004887,310.058,215.0,180.0,180.0,226.1,226.1,226.1
time,lat,lon,hdg,rsa_0,rsa_1,rsa_2,rpm_0,rpm_1,rpm_2
1600949665.4631279,0.028173999999999998,0.0048845,309.448,215.0,180.0,180.0,226.1,226.1,226.1
time,lat,lon,hdg,rsa_0,rsa_1,rsa_2,rpm_0,rpm_1,rpm_2
1600949665.566398,0.028177666666666667,0.0048821666666666675,308.828,215.0,180.0,180.0,226.1,226.1,226.1
time,lat,lon,hdg,rsa_0,rsa_1,rsa_2,rpm_0,rpm_1,rpm_2
1600949665.6685343,0.028181333333333333,0.004879666666666667,308.218,215.0,180.0,180.0,226.1,226.1,226.1
time,lat,lon,hdg,rsa_0,rsa_1,rsa_2,rpm_0,rpm_1,rpm_2
1600949665.8653357,0.028188166666666667,0.004875,307.047,215.0,180.0,180.0,226.1,226.1,226.1
time,lat,lon,hdg,rsa_0,rsa_1,rsa_2,rpm_0,rpm_1,rpm_2
1600949665.9675293,0.028191666666666667,0.0048725,306.416,215.0,180.0,180.0,226.1,226.1,226.1
time,lat,lon,hdg,rsa_0,rsa_1,rsa_2,rpm_0,rpm_1,rpm_2
1600949666.164637,0.028198333333333332,0.004867499999999999,305.243,215.0,180.0,180.0,226.1,226.1,226.1
time,lat,lon,hdg,rsa_0,rsa_1,rsa_2,rpm_0,rpm_1,rpm_2
1600949666.2689962,0.028201833333333332,0.004864833333333333,304.612,215.0,180.0,180.0,226.1,226.1,226.1
time,lat,lon,hdg,rsa_0,rsa_1,rsa_2,rpm_0,rpm_1,rpm_2
1600949666.4667518,0.0282085,0.0048595,303.418,215.0,180.0,180.0,226.1,226.1,226.1
time,lat,lon,hdg,rsa_0,rsa_1,rsa_2,rpm_0,rpm_1,rpm_2
1600949666.665168,0.028215,0.004854166666666667,302.223,215.0,180.0,180.0,226.1,226.1,226.1
time,lat,lon,hdg,rsa_0,rsa_1,rsa_2,rpm_0,rpm_1,rpm_2
1600949666.8645105,0.02822133333333333,0.004848666666666667,301.038,215.0,180.0,180.0,226.1,226.1,226.1
time,lat,lon,hdg,rsa_0,rsa_1,rsa_2,rpm_0,rpm_1,rpm_2
1600949666.967832,0.0282245,0.004845833333333333,300.395,215.0,180.0,180.0,226.1,226.1,226.1
time,lat,lon,hdg,rsa_0,rsa_1,rsa_2,rpm_0,rpm_1,rpm_2
1600949667.1681242,0.028230666666666668,0.00484,299.188,215.0,180.0,180.0,226.1,226.1,226.1
time,lat,lon,hdg,rsa_0,rsa_1,rsa_2,rpm_0,rpm_1,rpm_2
1600949667.3682086,0.028236833333333333,0.004834166666666666,297.98,215.0,180.0,180.0,226.1,226.1,226.1
time,lat,lon,hdg,rsa_0,rsa_1,rsa_2,rpm_0,rpm_1,rpm_2
1600949667.569238,0.02824266666666667,0.004828166666666666,296.772,215.0,180.0,180.0,226.1,226.1,226.1
time,lat,lon,hdg,rsa_0,rsa_1,rsa_2,rpm_0,rpm_1,rpm_2
1600949667.760352,0.028248333333333334,0.0048221666666666664,295.623,215.0,180.0,180.0,226.1,226.1,226.1
time,lat,lon,hdg,rsa_0,rsa_1,rsa_2,rpm_0,rpm_1,rpm_2
1600949667.865748,0.028251166666666667,0.004819166666666667,294.988,215.0,180.0,180.0,226.1,226.1,226.1
time,lat,lon,hdg,rsa_0,rsa_1,rsa_2,rpm_0,rpm_1,rpm_2
1600949668.0656934,0.028256666666666666,0.004812833333333334,293.788,215.0,180.0,180.0,226.1,226.1,226.1
time,lat,lon,hdg,rsa_0,rsa_1,rsa_2,rpm_0,rpm_1,rpm_2
1600949668.2661679,0.028262,0.0048065,292.557,215.0,180.0,180.0,226.1,226.1,226.1
time,lat,lon,hdg,rsa_0,rsa_1,rsa_2,rpm_0,rpm_1,rpm_2
1600949668.4684408,0.028267333333333332,0.0048,291.346,215.0,180.0,180.0,226.1,226.1,226.1
time,lat,lon,hdg,rsa_0,rsa_1,rsa_2,rpm_0,rpm_1,rpm_2
1600949668.6616356,0.028272333333333333,0.004793166666666667,290.165,215.0,180.0,180.0,226.1,226.1,226.1
time,lat,lon,hdg,rsa_0,rsa_1,rsa_2,rpm_0,rpm_1,rpm_2
1600949668.7667446,0.028274833333333336,0.00479,289.529,215.0,180.0,180.0,226.1,226.1,226.1
time,lat,lon,hdg,rsa_0,rsa_1,rsa_2,rpm_0,rpm_1,rpm_2
1600949668.9685633,0.0282795,0.004783166666666667,288.297,215.0,180.0,180.0,226.1,226.1,226.1
time,lat,lon,hdg,rsa_0,rsa_1,rsa_2,rpm_0,rpm_1,rpm_2
1600949669.1623352,0.028284333333333335,0.004776166666666666,287.134,215.0,180.0,180.0,226.1,226.1,226.1
time,lat,lon,hdg,rsa_0,rsa_1,rsa_2,rpm_0,rpm_1,rpm_2
1600949669.269024,0.0282865,0.004772833333333334,286.487,215.0,180.0,180.0,226.1,226.1,226.1
time,lat,lon,hdg,rsa_0,rsa_1,rsa_2,rpm_0,rpm_1,rpm_2
1600949669.4615254,0.028291,0.004765833333333333,285.314,215.0,180.0,180.0,226.1,226.1,226.1
time,lat,lon,hdg,rsa_0,rsa_1,rsa_2,rpm_0,rpm_1,rpm_2
1600949669.567011,0.028293166666666664,0.004762333333333333,284.676,215.0,180.0,180.0,226.1,226.1,226.1
time,lat,lon,hdg,rsa_0,rsa_1,rsa_2,rpm_0,rpm_1,rpm_2
1600949669.6673179,0.028295333333333332,0.004758666666666666,284.078,215.0,180.0,180.0,226.1,226.1,226.1
time,lat,lon,hdg,rsa_0,rsa_1,rsa_2,rpm_0,rpm_1,rpm_2
1600949669.8702297,0.0282995,0.004751666666666667,282.832,215.0,180.0,180.0,226.1,226.1,226.1
time,lat,lon,hdg,rsa_0,rsa_1,rsa_2,rpm_0,rpm_1,rpm_2
1600949670.0612566,0.0283035,0.004744333333333334,281.666,215.0,180.0,180.0,226.1,226.1,226.1
time,lat,lon,hdg,rsa_0,rsa_1,rsa_2,rpm_0,rpm_1,rpm_2
1600949670.1703434,0.028305333333333335,0.004740833333333333,281.017,215.0,180.0,180.0,226.1,226.1,226.1
time,lat,lon,hdg,rsa_0,rsa_1,rsa_2,rpm_0,rpm_1,rpm_2
1600949670.3657174,0.028309166666666667,0.004733333333333333,279.83,215.0,180.0,180.0,226.1,226.1,226.1
time,lat,lon,hdg,rsa_0,rsa_1,rsa_2,rpm_0,rpm_1,rpm_2
1600949670.5624933,0.028312833333333332,0.004726166666666667,278.622,215.0,180.0,180.0,226.1,226.1,226.1
time,lat,lon,hdg,rsa_0,rsa_1,rsa_2,rpm_0,rpm_1,rpm_2
1600949670.662733,0.028314500000000003,0.004722333333333333,278.023,215.0,180.0,180.0,226.1,226.1,226.1
time,lat,lon,hdg,rsa_0,rsa_1,rsa_2,rpm_0,rpm_1,rpm_2
1600949670.7682831,0.028316333333333332,0.004718666666666666,277.394,215.0,180.0,180.0,226.1,226.1,226.1
time,lat,lon,hdg,rsa_0,rsa_1,rsa_2,rpm_0,rpm_1,rpm_2
1600949670.961898,0.028319666666666667,0.004711000000000001,276.186,215.0,180.0,180.0,226.1,226.1,226.1
time,lat,lon,hdg,rsa_0,rsa_1,rsa_2,rpm_0,rpm_1,rpm_2
1600949671.168893,0.028322833333333335,0.004703666666666667,274.937,215.0,180.0,180.0,226.1,226.1,226.1
time,lat,lon,hdg,rsa_0,rsa_1,rsa_2,rpm_0,rpm_1,rpm_2
1600949671.2688377,0.028324333333333333,0.0046995,274.328,215.0,180.0,180.0,226.1,226.1,226.1
time,lat,lon,hdg,rsa_0,rsa_1,rsa_2,rpm_0,rpm_1,rpm_2
1600949671.464147,0.028327333333333333,0.0046918333333333334,273.14,215.0,180.0,180.0,226.1,226.1,226.1
time,lat,lon,hdg,rsa_0,rsa_1,rsa_2,rpm_0,rpm_1,rpm_2
1600949671.5647433,0.02833,0.004684166666666667,272.53,215.0,180.0,180.0,226.1,226.1,226.1
time,lat,lon,hdg,rsa_0,rsa_1,rsa_2,rpm_0,rpm_1,rpm_2
1600949671.6648204,0.028331333333333333,0.004680333333333333,271.92,215.0,180.0,180.0,226.1,226.1,226.1
time,lat,lon,hdg,rsa_0,rsa_1,rsa_2,rpm_0,rpm_1,rpm_2
1600949671.7648878,0.028331333333333333,0.004680333333333333,271.31,215.0,180.0,180.0,226.1,226.1,226.1
time,lat,lon,hdg,rsa_0,rsa_1,rsa_2,rpm_0,rpm_1,rpm_2
1600949671.8680365,0.028332666666666666,0.0046763333333333336,270.68,215.0,180.0,180.0,226.1,226.1,226.1
time,lat,lon,hdg,rsa_0,rsa_1,rsa_2,rpm_0,rpm_1,rpm_2
1600949672.0672758,0.028335166666666668,0.004668333333333333,269.459,215.0,180.0,180.0,226.1,226.1,226.1
time,lat,lon,hdg,rsa_0,rsa_1,rsa_2,rpm_0,rpm_1,rpm_2
1600949672.1688578,0.028336166666666666,0.0046645,268.849,215.0,180.0,180.0,226.1,226.1,226.1
time,lat,lon,hdg,rsa_0,rsa_1,rsa_2,rpm_0,rpm_1,rpm_2
1600949672.2700944,0.028337333333333332,0.0046605,268.228,215.0,180.0,180.0,226.1,226.1,226.1
time,lat,lon,hdg,rsa_0,rsa_1,rsa_2,rpm_0,rpm_1,rpm_2
1600949672.462487,0.028339333333333334,0.004652833333333333,267.057,215.0,180.0,180.0,226.1,226.1,226.1
time,lat,lon,hdg,rsa_0,rsa_1,rsa_2,rpm_0,rpm_1,rpm_2
1600949672.5640998,0.028340333333333335,0.004648833333333334,266.436,215.0,180.0,180.0,226.1,226.1,226.1
time,lat,lon,hdg,rsa_0,rsa_1,rsa_2,rpm_0,rpm_1,rpm_2
1600949672.6662405,0.028341333333333333,0.004644666666666667,265.814,215.0,180.0,180.0,226.1,226.1,226.1
time,lat,lon,hdg,rsa_0,rsa_1,rsa_2,rpm_0,rpm_1,rpm_2
1600949672.7693996,0.02834216666666667,0.004640666666666667,265.183,215.0,180.0,180.0,226.1,226.1,226.1
time,lat,lon,hdg,rsa_0,rsa_1,rsa_2,rpm_0,rpm_1,rpm_2
1600949672.9639187,0.028343833333333335,0.004632833333333333,264.0,215.0,180.0,180.0,226.1,226.1,226.1
time,lat,lon,hdg,rsa_0,rsa_1,rsa_2,rpm_0,rpm_1,rpm_2
1600949673.0665925,0.028344666666666667,0.004628833333333333,263.368,215.0,180.0,180.0,226.1,226.1,226.1
time,lat,lon,hdg,rsa_0,rsa_1,rsa_2,rpm_0,rpm_1,rpm_2
1600949673.1687593,0.028345333333333333,0.004624666666666667,262.735,215.0,180.0,180.0,226.1,226.1,226.1
time,lat,lon,hdg,rsa_0,rsa_1,rsa_2,rpm_0,rpm_1,rpm_2
1600949673.362757,0.02834666666666667,0.004616833333333333,261.552,215.0,180.0,180.0,226.1,226.1,226.1
time,lat,lon,hdg,rsa_0,rsa_1,rsa_2,rpm_0,rpm_1,rpm_2
1600949673.4652152,0.028347333333333332,0.004612666666666667,260.919,215.0,180.0,180.0,226.1,226.1,226.1
time,lat,lon,hdg,rsa_0,rsa_1,rsa_2,rpm_0,rpm_1,rpm_2
1600949673.568983,0.028347833333333336,0.0046085,260.286,215.0,180.0,180.0,226.1,226.1,226.1
time,lat,lon,hdg,rsa_0,rsa_1,rsa_2,rpm_0,rpm_1,rpm_2
1600949673.7643936,0.028348833333333334,0.004600666666666667,259.092,215.0,180.0,180.0,226.1,226.1,226.1
time,lat,lon,hdg,rsa_0,rsa_1,rsa_2,rpm_0,rpm_1,rpm_2
1600949673.8675478,0.028349333333333334,0.0045965,258.459,215.0,180.0,180.0,226.1,226.1,226.1
time,lat,lon,hdg,rsa_0,rsa_1,rsa_2,rpm_0,rpm_1,rpm_2
1600949674.0636294,0.02835,0.0045885,257.255,215.0,180.0,180.0,226.1,226.1,226.1
time,lat,lon,hdg,rsa_0,rsa_1,rsa_2,rpm_0,rpm_1,rpm_2
1600949674.1674643,0.02835033333333333,0.0045843333333333335,256.621,215.0,180.0,180.0,226.1,226.1,226.1
time,lat,lon,hdg,rsa_0,rsa_1,rsa_2,rpm_0,rpm_1,rpm_2
1600949674.270311,0.02835066666666667,0.004580166666666666,255.999,215.0,180.0,180.0,226.1,226.1,226.1
time,lat,lon,hdg,rsa_0,rsa_1,rsa_2,rpm_0,rpm_1,rpm_2
1600949674.4669943,0.028351166666666667,0.004572333333333333,254.783,215.0,180.0,180.0,226.1,226.1,226.1
time,lat,lon,hdg,rsa_0,rsa_1,rsa_2,rpm_0,rpm_1,rpm_2
1600949674.6663175,0.028351333333333333,0.004564166666666666,253.578,215.0,180.0,180.0,226.1,226.1,226.1
time,lat,lon,hdg,rsa_0,rsa_1,rsa_2,rpm_0,rpm_1,rpm_2
1600949674.86509,0.028351333333333333,0.004556166666666667,252.353,215.0,180.0,180.0,226.1,226.1,226.1
time,lat,lon,hdg,rsa_0,rsa_1,rsa_2,rpm_0,rpm_1,rpm_2
1600949674.9702425,0.028351333333333333,0.004551833333333334,251.71,215.0,180.0,180.0,226.1,226.1,226.1
time,lat,lon,hdg,rsa_0,rsa_1,rsa_2,rpm_0,rpm_1,rpm_2
1600949675.1696863,0.028351166666666667,0.004543666666666666,250.485,215.0,180.0,180.0,226.1,226.1,226.1
time,lat,lon,hdg,rsa_0,rsa_1,rsa_2,rpm_0,rpm_1,rpm_2
1600949675.3691454,0.02835066666666667,0.0045355,249.261,215.0,180.0,180.0,226.1,226.1,226.1
time,lat,lon,hdg,rsa_0,rsa_1,rsa_2,rpm_0,rpm_1,rpm_2
1600949675.5687778,0.028350166666666666,0.004527333333333333,248.046,215.0,180.0,180.0,226.1,226.1,226.1
time,lat,lon,hdg,rsa_0,rsa_1,rsa_2,rpm_0,rpm_1,rpm_2
1600949675.769659,0.028349333333333334,0.004519166666666667,246.811,215.0,180.0,180.0,226.1,226.1,226.1
time,lat,lon,hdg,rsa_0,rsa_1,rsa_2,rpm_0,rpm_1,rpm_2
1600949675.9694169,0.0283485,0.004511,245.586,215.0,180.0,180.0,226.1,226.1,226.1
time,lat,lon,hdg,rsa_0,rsa_1,rsa_2,rpm_0,rpm_1,rpm_2
1600949676.1600838,0.028347333333333332,0.0045028333333333335,244.432,215.0,180.0,180.0,226.1,226.1,226.1
time,lat,lon,hdg,rsa_0,rsa_1,rsa_2,rpm_0,rpm_1,rpm_2
1600949676.265343,0.02834666666666667,0.004499,243.778,215.0,180.0,180.0,226.1,226.1,226.1
time,lat,lon,hdg,rsa_0,rsa_1,rsa_2,rpm_0,rpm_1,rpm_2
1600949676.4650698,0.028345333333333333,0.004490833333333334,242.552,215.0,180.0,180.0,226.1,226.1,226.1
time,lat,lon,hdg,rsa_0,rsa_1,rsa_2,rpm_0,rpm_1,rpm_2
1600949676.6642797,0.028343833333333335,0.0044828333333333335,241.325,215.0,180.0,180.0,226.1,226.1,226.1
time,lat,lon,hdg,rsa_0,rsa_1,rsa_2,rpm_0,rpm_1,rpm_2
1600949676.7710218,0.02834283333333333,0.004478666666666667,240.681,215.0,180.0,180.0,226.1,226.1,226.1
time,lat,lon,hdg,rsa_0,rsa_1,rsa_2,rpm_0,rpm_1,rpm_2
1600949676.9666374,0.028341166666666664,0.004470666666666666,239.464,215.0,180.0,180.0,226.1,226.1,226.1
time,lat,lon,hdg,rsa_0,rsa_1,rsa_2,rpm_0,rpm_1,rpm_2
1600949677.164452,0.02833916666666667,0.004462833333333333,238.267,215.0,180.0,180.0,226.1,226.1,226.1
time,lat,lon,hdg,rsa_0,rsa_1,rsa_2,rpm_0,rpm_1,rpm_2
1600949677.26724,0.028338166666666668,0.004458833333333333,237.622,215.0,180.0,180.0,226.1,226.1,226.1
time,lat,lon,hdg,rsa_0,rsa_1,rsa_2,rpm_0,rpm_1,rpm_2
1600949677.3699455,0.028337,0.004454666666666667,236.988,215.0,180.0,180.0,226.1,226.1,226.1
time,lat,lon,hdg,rsa_0,rsa_1,rsa_2,rpm_0,rpm_1,rpm_2
1600949677.564108,0.028334666666666668,0.004447166666666667,235.8,215.0,180.0,180.0,226.1,226.1,226.1
time,lat,lon,hdg,rsa_0,rsa_1,rsa_2,rpm_0,rpm_1,rpm_2
1600949677.6660295,0.0283335,0.0044431666666666664,235.176,215.0,180.0,180.0,226.1,226.1,226.1
time,lat,lon,hdg,rsa_0,rsa_1,rsa_2,rpm_0,rpm_1,rpm_2
1600949677.7675889,0.028332333333333334,0.004439166666666666,234.541,215.0,180.0,180.0,226.1,226.1,226.1
time,lat,lon,hdg,rsa_0,rsa_1,rsa_2,rpm_0,rpm_1,rpm_2
1600949677.8679168,0.028331,0.004435166666666667,233.927,215.0,180.0,180.0,226.1,226.1,226.1
time,lat,lon,hdg,rsa_0,rsa_1,rsa_2,rpm_0,rpm_1,rpm_2
1600949677.9679694,0.028328333333333334,0.0044276666666666666,233.312,215.0,180.0,180.0,226.1,226.1,226.1
time,lat,lon,hdg,rsa_0,rsa_1,rsa_2,rpm_0,rpm_1,rpm_2
1600949678.1657088,0.028326833333333336,0.0044238333333333334,232.093,215.0,180.0,180.0,226.1,226.1,226.1
time,lat,lon,hdg,rsa_0,rsa_1,rsa_2,rpm_0,rpm_1,rpm_2
1600949678.3614168,0.028324000000000002,0.004416333333333333,230.885,215.0,180.0,180.0,226.1,226.1,226.1
time,lat,lon,hdg,rsa_0,rsa_1,rsa_2,rpm_0,rpm_1,rpm_2
1600949678.4677684,0.028322499999999997,0.004412666666666666,230.229,215.0,180.0,180.0,226.1,226.1,226.1
time,lat,lon,hdg,rsa_0,rsa_1,rsa_2,rpm_0,rpm_1,rpm_2
1600949678.669025,0.028319333333333332,0.004405166666666667,228.98,215.0,180.0,180.0,226.1,226.1,226.1
time,lat,lon,hdg,rsa_0,rsa_1,rsa_2,rpm_0,rpm_1,rpm_2
1600949678.8668747,0.028316,0.0043978333333333335,227.761,215.0,180.0,180.0,226.1,226.1,226.1
time,lat,lon,hdg,rsa_0,rsa_1,rsa_2,rpm_0,rpm_1,rpm_2
1600949679.0629623,0.028312666666666667,0.004390666666666667,226.563,215.0,180.0,180.0,226.1,226.1,226.1
time,lat,lon,hdg,rsa_0,rsa_1,rsa_2,rpm_0,rpm_1,rpm_2
1600949679.2624574,0.028308999999999997,0.004383333333333334,225.324,215.0,180.0,180.0,226.1,226.1,226.1
time,lat,lon,hdg,rsa_0,rsa_1,rsa_2,rpm_0,rpm_1,rpm_2
1600949679.3633165,0.028307000000000002,0.004379666666666667,224.71,215.0,180.0,180.0,226.1,226.1,226.1
time,lat,lon,hdg,rsa_0,rsa_1,rsa_2,rpm_0,rpm_1,rpm_2
1600949679.464284,0.028305166666666666,0.004376166666666667,224.127,215.0,180.0,180.0,226.1,226.1,226.1
time,lat,lon,hdg,rsa_0,rsa_1,rsa_2,rpm_0,rpm_1,rpm_2
1600949679.5676346,0.028303166666666667,0.004372833333333334,223.451,215.0,180.0,180.0,226.1,226.1,226.1
time,lat,lon,hdg,rsa_0,rsa_1,rsa_2,rpm_0,rpm_1,rpm_2
1600949679.7622354,0.028299166666666667,0.004365666666666667,222.264,215.0,180.0,180.0,226.1,226.1,226.1
time,lat,lon,hdg,rsa_0,rsa_1,rsa_2,rpm_0,rpm_1,rpm_2
1600949679.8641434,0.028297000000000003,0.004362166666666667,221.63,215.0,180.0,180.0,226.1,226.1,226.1
time,lat,lon,hdg,rsa_0,rsa_1,rsa_2,rpm_0,rpm_1,rpm_2
1600949679.9670162,0.02829483333333333,0.0043585,221.006,215.0,180.0,180.0,226.1,226.1,226.1
time,lat,lon,hdg,rsa_0,rsa_1,rsa_2,rpm_0,rpm_1,rpm_2
1600949680.0691257,0.028292666666666667,0.0043549999999999995,220.382,215.0,180.0,180.0,226.1,226.1,226.1
time,lat,lon,hdg,rsa_0,rsa_1,rsa_2,rpm_0,rpm_1,rpm_2
1600949680.2638514,0.028288333333333335,0.0043485,219.185,215.0,180.0,180.0,226.1,226.1,226.1
time,lat,lon,hdg,rsa_0,rsa_1,rsa_2,rpm_0,rpm_1,rpm_2
1600949680.3639672,0.028283666666666665,0.004341666666666666,218.592,215.0,180.0,180.0,226.1,226.1,226.1
time,lat,lon,hdg,rsa_0,rsa_1,rsa_2,rpm_0,rpm_1,rpm_2
1600949680.4675884,0.028283666666666665,0.004341666666666666,217.958,215.0,180.0,180.0,226.1,226.1,226.1
time,lat,lon,hdg,rsa_0,rsa_1,rsa_2,rpm_0,rpm_1,rpm_2
1600949680.6700673,0.028278833333333333,0.004335,216.73,215.0,180.0,180.0,226.1,226.1,226.1
time,lat,lon,hdg,rsa_0,rsa_1,rsa_2,rpm_0,rpm_1,rpm_2
1600949680.8689528,0.028273833333333335,0.004328333333333333,215.462,215.0,180.0,180.0,226.1,226.1,226.1
time,lat,lon,hdg,rsa_0,rsa_1,rsa_2,rpm_0,rpm_1,rpm_2
1600949681.0656722,0.028268833333333333,0.004322166666666667,214.275,215.0,180.0,180.0,226.1,226.1,226.1
time,lat,lon,hdg,rsa_0,rsa_1,rsa_2,rpm_0,rpm_1,rpm_2
1600949681.168495,0.028266333333333334,0.004318833333333333,213.63,215.0,180.0,180.0,226.1,226.1,226.1
time,lat,lon,hdg,rsa_0,rsa_1,rsa_2,rpm_0,rpm_1,rpm_2
1600949681.365783,0.028260999999999998,0.004312666666666667,212.412,215.0,180.0,180.0,226.1,226.1,226.1
time,lat,lon,hdg,rsa_0,rsa_1,rsa_2,rpm_0,rpm_1,rpm_2
1600949681.4667695,0.028258333333333333,0.0043095,211.788,215.0,180.0,180.0,226.1,226.1,226.1
time,lat,lon,hdg,rsa_0,rsa_1,rsa_2,rpm_0,rpm_1,rpm_2
1600949681.6636093,0.028252999999999997,0.0043035,210.6,215.0,180.0,180.0,226.1,226.1,226.1
time,lat,lon,hdg,rsa_0,rsa_1,rsa_2,rpm_0,rpm_1,rpm_2
1600949681.8627512,0.0282475,0.004297666666666667,209.401,215.0,180.0,180.0,226.1,226.1,226.1
time,lat,lon,hdg,rsa_0,rsa_1,rsa_2,rpm_0,rpm_1,rpm_2
1600949681.9632232,0.028244666666666664,0.004294666666666667,208.766,215.0,180.0,180.0,226.1,226.1,226.1
time,lat,lon,hdg,rsa_0,rsa_1,rsa_2,rpm_0,rpm_1,rpm_2
1600949682.0693262,0.028241833333333334,0.004291833333333333,208.12,215.0,180.0,180.0,226.1,226.1,226.1
time,lat,lon,hdg,rsa_0,rsa_1,rsa_2,rpm_0,rpm_1,rpm_2
1600949682.2608685,0.028236166666666666,0.004286166666666666,206.983,215.0,180.0,180.0,226.1,226.1,226.1
time,lat,lon,hdg,rsa_0,rsa_1,rsa_2,rpm_0,rpm_1,rpm_2
1600949682.3616893,0.028233333333333333,0.0042835,206.378,215.0,180.0,180.0,226.1,226.1,226.1
time,lat,lon,hdg,rsa_0,rsa_1,rsa_2,rpm_0,rpm_1,rpm_2
1600949682.465006,0.0282305,0.0042808333333333335,205.701,215.0,180.0,180.0,226.1,226.1,226.1
time,lat,lon,hdg,rsa_0,rsa_1,rsa_2,rpm_0,rpm_1,rpm_2
1600949682.565718,0.028227166666666668,0.004277833333333333,205.055,215.0,180.0,180.0,226.1,226.1,226.1
time,lat,lon,hdg,rsa_0,rsa_1,rsa_2,rpm_0,rpm_1,rpm_2
1600949682.7673564,0.02822116666666667,0.004272333333333334,203.804,215.0,180.0,180.0,226.1,226.1,226.1
time,lat,lon,hdg,rsa_0,rsa_1,rsa_2,rpm_0,rpm_1,rpm_2
1600949682.961559,0.028215,0.0042671666666666665,202.605,215.0,180.0,180.0,226.1,226.1,226.1
time,lat,lon,hdg,rsa_0,rsa_1,rsa_2,rpm_0,rpm_1,rpm_2
1600949683.0631533,0.028211833333333332,0.0042645,201.979,215.0,180.0,180.0,226.1,226.1,226.1
time,lat,lon,hdg,rsa_0,rsa_1,rsa_2,rpm_0,rpm_1,rpm_2
1600949683.1659267,0.028208666666666667,0.004262,201.344,215.0,180.0,180.0,226.1,226.1,226.1
time,lat,lon,hdg,rsa_0,rsa_1,rsa_2,rpm_0,rpm_1,rpm_2
1600949683.3633845,0.028202500000000002,0.0042569999999999995,200.144,215.0,180.0,180.0,226.1,226.1,226.1
time,lat,lon,hdg,rsa_0,rsa_1,rsa_2,rpm_0,rpm_1,rpm_2
1600949683.4659295,0.028199166666666668,0.0042545,199.498,215.0,180.0,180.0,226.1,226.1,226.1
time,lat,lon,hdg,rsa_0,rsa_1,rsa_2,rpm_0,rpm_1,rpm_2
1600949683.5657814,0.028192500000000002,0.004249666666666666,198.883,215.0,180.0,180.0,226.1,226.1,226.1
time,lat,lon,hdg,rsa_0,rsa_1,rsa_2,rpm_0,rpm_1,rpm_2
1600949683.6679418,0.028192500000000002,0.004249666666666666,198.258,215.0,180.0,180.0,226.1,226.1,226.1
time,lat,lon,hdg,rsa_0,rsa_1,rsa_2,rpm_0,rpm_1,rpm_2
1600949683.8624244,0.02818616666666667,0.004245166666666666,197.069,215.0,180.0,180.0,226.1,226.1,226.1
time,lat,lon,hdg,rsa_0,rsa_1,rsa_2,rpm_0,rpm_1,rpm_2
1600949683.964832,0.02818266666666667,0.004242999999999999,196.423,215.0,180.0,180.0,226.1,226.1,226.1
time,lat,lon,hdg,rsa_0,rsa_1,rsa_2,rpm_0,rpm_1,rpm_2
1600949684.066083,0.028179166666666665,0.004240666666666667,195.808,215.0,180.0,180.0,226.1,226.1,226.1
time,lat,lon,hdg,rsa_0,rsa_1,rsa_2,rpm_0,rpm_1,rpm_2
1600949684.2613707,0.0281725,0.004236500000000001,194.61,215.0,180.0,180.0,226.1,226.1,226.1
time,lat,lon,hdg,rsa_0,rsa_1,rsa_2,rpm_0,rpm_1,rpm_2
1600949684.3629658,0.028169,0.004234333333333334,193.985,215.0,180.0,180.0,226.1,226.1,226.1
time,lat,lon,hdg,rsa_0,rsa_1,rsa_2,rpm_0,rpm_1,rpm_2
1600949684.4652987,0.0281655,0.004232166666666666,193.349,215.0,180.0,180.0,226.1,226.1,226.1
time,lat,lon,hdg,rsa_0,rsa_1,rsa_2,rpm_0,rpm_1,rpm_2
1600949684.5658486,0.028161833333333334,0.00423,192.725,215.0,180.0,180.0,226.1,226.1,226.1
time,lat,lon,hdg,rsa_0,rsa_1,rsa_2,rpm_0,rpm_1,rpm_2
1600949684.667964,0.028158333333333334,0.004228,192.11,215.0,180.0,180.0,226.1,226.1,226.1
time,lat,lon,hdg,rsa_0,rsa_1,rsa_2,rpm_0,rpm_1,rpm_2
1600949684.8601189,0.02815133333333333,0.004224333333333333,190.922,215.0,180.0,180.0,226.1,226.1,226.1
time,lat,lon,hdg,rsa_0,rsa_1,rsa_2,rpm_0,rpm_1,rpm_2
1600949684.9665232,0.028147833333333334,0.004222333333333333,190.287,215.0,180.0,180.0,226.1,226.1,226.1
time,lat,lon,hdg,rsa_0,rsa_1,rsa_2,rpm_0,rpm_1,rpm_2
1600949685.168962,0.028140500000000002,0.004218833333333334,189.028,215.0,180.0,180.0,226.1,226.1,226.1
time,lat,lon,hdg,rsa_0,rsa_1,rsa_2,rpm_0,rpm_1,rpm_2
1600949685.3641503,0.028133166666666667,0.004215166666666667,187.84,215.0,180.0,180.0,226.1,226.1,226.1
time,lat,lon,hdg,rsa_0,rsa_1,rsa_2,rpm_0,rpm_1,rpm_2
1600949685.4673033,0.028129333333333333,0.004213499999999999,187.194,215.0,180.0,180.0,226.1,226.1,226.1
time,lat,lon,hdg,rsa_0,rsa_1,rsa_2,rpm_0,rpm_1,rpm_2
1600949685.5685074,0.0281255,0.004211833333333333,186.57,215.0,180.0,180.0,226.1,226.1,226.1
time,lat,lon,hdg,rsa_0,rsa_1,rsa_2,rpm_0,rpm_1,rpm_2
1600949685.7630918,0.028118166666666666,0.004208666666666667,185.381,215.0,180.0,180.0,226.1,226.1,226.1
time,lat,lon,hdg,rsa_0,rsa_1,rsa_2,rpm_0,rpm_1,rpm_2
1600949685.8637047,0.028114333333333335,0.004207166666666666,184.766,215.0,180.0,180.0,226.1,226.1,226.1
time,lat,lon,hdg,rsa_0,rsa_1,rsa_2,rpm_0,rpm_1,rpm_2
1600949685.9654608,0.0281105,0.004205666666666667,184.131,215.0,180.0,180.0,226.1,226.1,226.1
time,lat,lon,hdg,rsa_0,rsa_1,rsa_2,rpm_0,rpm_1,rpm_2
1600949686.1630557,0.028103,0.004202833333333334,182.932,215.0,180.0,180.0,226.1,226.1,226.1
time,lat,lon,hdg,rsa_0,rsa_1,rsa_2,rpm_0,rpm_1,rpm_2
1600949686.265044,0.028099166666666668,0.004201333333333334,182.307,215.0,180.0,180.0,226.1,226.1,226.1
time,lat,lon,hdg,rsa_0,rsa_1,rsa_2,rpm_0,rpm_1,rpm_2
1600949686.3654408,0.028095166666666668,0.0042,181.671,215.0,180.0,180.0,226.1,226.1,226.1
time,lat,lon,hdg,rsa_0,rsa_1,rsa_2,rpm_0,rpm_1,rpm_2
1600949686.467758,0.028091166666666667,0.0041986666666666665,181.046,215.0,180.0,180.0,226.1,226.1,226.1
time,lat,lon,hdg,rsa_0,rsa_1,rsa_2,rpm_0,rpm_1,rpm_2
1600949686.6593819,0.028083666666666667,0.004196333333333333,179.866,215.0,180.0,180.0,226.1,226.1,226.1
time,lat,lon,hdg,rsa_0,rsa_1,rsa_2,rpm_0,rpm_1,rpm_2
1600949686.7606351,0.028079833333333335,0.0041951666666666665,179.241,215.0,180.0,180.0,226.1,226.1,226.1
time,lat,lon,hdg,rsa_0,rsa_1,rsa_2,rpm_0,rpm_1,rpm_2
1600949686.8629339,0.028075833333333335,0.004194,178.615,215.0,180.0,180.0,226.1,226.1,226.1
time,lat,lon,hdg,rsa_0,rsa_1,rsa_2,rpm_0,rpm_1,rpm_2
1600949686.9644873,0.028071833333333334,0.004192833333333334,177.989,215.0,180.0,180.0,226.1,226.1,226.1
time,lat,lon,hdg,rsa_0,rsa_1,rsa_2,rpm_0,rpm_1,rpm_2
1600949687.0650918,0.028067833333333334,0.004191833333333334,177.363,215.0,180.0,180.0,226.1,226.1,226.1
time,lat,lon,hdg,rsa_0,rsa_1,rsa_2,rpm_0,rpm_1,rpm_2
1600949687.263327,0.028060333333333333,0.004189833333333334,176.152,215.0,180.0,180.0,226.1,226.1,226.1
time,lat,lon,hdg,rsa_0,rsa_1,rsa_2,rpm_0,rpm_1,rpm_2
1600949687.3636405,0.028056166666666667,0.0041888333333333335,175.526,215.0,180.0,180.0,226.1,226.1,226.1
time,lat,lon,hdg,rsa_0,rsa_1,rsa_2,rpm_0,rpm_1,rpm_2
1600949687.4691622,0.028052166666666666,0.004188,174.89,215.0,180.0,180.0,226.1,226.1,226.1
time,lat,lon,hdg,rsa_0,rsa_1,rsa_2,rpm_0,rpm_1,rpm_2
1600949687.6598516,0.028044500000000003,0.004186333333333334,173.7,215.0,180.0,180.0,226.1,226.1,226.1
time,lat,lon,hdg,rsa_0,rsa_1,rsa_2,rpm_0,rpm_1,rpm_2
1600949687.7620757,0.028040500000000003,0.0041856666666666665,173.073,215.0,180.0,180.0,226.1,226.1,226.1
time,lat,lon,hdg,rsa_0,rsa_1,rsa_2,rpm_0,rpm_1,rpm_2
1600949687.8659067,0.028036500000000002,0.004184833333333333,172.447,215.0,180.0,180.0,226.1,226.1,226.1
time,lat,lon,hdg,rsa_0,rsa_1,rsa_2,rpm_0,rpm_1,rpm_2
1600949687.9678812,0.028032333333333333,0.004184166666666667,171.811,215.0,180.0,180.0,226.1,226.1,226.1
time,lat,lon,hdg,rsa_0,rsa_1,rsa_2,rpm_0,rpm_1,rpm_2
1600949688.0682476,0.028028333333333332,0.004183500000000001,171.185,215.0,180.0,180.0,226.1,226.1,226.1
time,lat,lon,hdg,rsa_0,rsa_1,rsa_2,rpm_0,rpm_1,rpm_2
1600949688.2658951,0.0280205,0.0041825000000000005,169.984,215.0,180.0,180.0,226.1,226.1,226.1
time,lat,lon,hdg,rsa_0,rsa_1,rsa_2,rpm_0,rpm_1,rpm_2
1600949688.3668447,0.0280165,0.004181833333333333,169.348,215.0,180.0,180.0,226.1,226.1,226.1
time,lat,lon,hdg,rsa_0,rsa_1,rsa_2,rpm_0,rpm_1,rpm_2
1600949688.4685757,0.02801233333333333,0.0041815,168.722,215.0,180.0,180.0,226.1,226.1,226.1
time,lat,lon,hdg,rsa_0,rsa_1,rsa_2,rpm_0,rpm_1,rpm_2
1600949688.6604028,0.028004666666666667,0.004180666666666667,167.552,215.0,180.0,180.0,226.1,226.1,226.1
time,lat,lon,hdg,rsa_0,rsa_1,rsa_2,rpm_0,rpm_1,rpm_2
1600949688.7620077,0.028000499999999998,0.004180333333333333,166.916,215.0,180.0,180.0,226.1,226.1,226.1
time,lat,lon,hdg,rsa_0,rsa_1,rsa_2,rpm_0,rpm_1,rpm_2
1600949688.8619537,0.027996333333333335,0.0041800000000000006,166.301,215.0,180.0,180.0,226.1,226.1,226.1
time,lat,lon,hdg,rsa_0,rsa_1,rsa_2,rpm_0,rpm_1,rpm_2
1600949688.9638686,0.027992333333333334,0.004179833333333333,165.675,215.0,180.0,180.0,226.1,226.1,226.1
time,lat,lon,hdg,rsa_0,rsa_1,rsa_2,rpm_0,rpm_1,rpm_2
1600949689.0652328,0.027988333333333334,0.004179666666666667,165.05,215.0,180.0,180.0,226.1,226.1,226.1
time,lat,lon,hdg,rsa_0,rsa_1,rsa_2,rpm_0,rpm_1,rpm_2
1600949689.2608576,0.027980500000000002,0.004179333333333333,163.85,215.0,180.0,180.0,226.1,226.1,226.1
time,lat,lon,hdg,rsa_0,rsa_1,rsa_2,rpm_0,rpm_1,rpm_2
1600949689.3634658,0.027976166666666667,0.004179333333333333,163.224,215.0,180.0,180.0,226.1,226.1,226.1
time,lat,lon,hdg,rsa_0,rsa_1,rsa_2,rpm_0,rpm_1,rpm_2
1600949689.466156,0.02797216666666667,0.004179333333333333,162.588,215.0,180.0,180.0,226.1,226.1,226.1
time,lat,lon,hdg,rsa_0,rsa_1,rsa_2,rpm_0,rpm_1,rpm_2
1600949689.5693746,0.027967833333333334,0.004179333333333333,161.953,215.0,180.0,180.0,226.1,226.1,226.1
time,lat,lon,hdg,rsa_0,rsa_1,rsa_2,rpm_0,rpm_1,rpm_2
1600949689.7612178,0.02796,0.0041795,160.774,215.0,180.0,180.0,226.1,226.1,226.1
time,lat,lon,hdg,rsa_0,rsa_1,rsa_2,rpm_0,rpm_1,rpm_2
1600949689.8625093,0.027955999999999998,0.004179666666666667,160.148,215.0,180.0,180.0,226.1,226.1,226.1
time,lat,lon,hdg,rsa_0,rsa_1,rsa_2,rpm_0,rpm_1,rpm_2
1600949689.9629552,0.027951833333333335,0.004179833333333333,159.533,215.0,180.0,180.0,226.1,226.1,226.1
time,lat,lon,hdg,rsa_0,rsa_1,rsa_2,rpm_0,rpm_1,rpm_2
1600949690.0630686,0.027943666666666665,0.004180333333333333,158.918,215.0,180.0,180.0,226.1,226.1,226.1
time,lat,lon,hdg,rsa_0,rsa_1,rsa_2,rpm_0,rpm_1,rpm_2
1600949690.1638584,0.0279395,0.004180666666666667,158.293,215.0,180.0,180.0,226.1,226.1,226.1
time,lat,lon,hdg,rsa_0,rsa_1,rsa_2,rpm_0,rpm_1,rpm_2
1600949690.2649136,0.0279395,0.004180666666666667,157.668,215.0,180.0,180.0,226.1,226.1,226.1
time,lat,lon,hdg,rsa_0,rsa_1,rsa_2,rpm_0,rpm_1,rpm_2
1600949690.3682518,0.027935333333333333,0.004181000000000001,157.042,215.0,180.0,180.0,226.1,226.1,226.1
time,lat,lon,hdg,rsa_0,rsa_1,rsa_2,rpm_0,rpm_1,rpm_2
1600949690.559104,0.0279275,0.004181833333333333,155.853,215.0,180.0,180.0,226.1,226.1,226.1
time,lat,lon,hdg,rsa_0,rsa_1,rsa_2,rpm_0,rpm_1,rpm_2
1600949690.661201,0.0279235,0.0041825000000000005,155.238,215.0,180.0,180.0,226.1,226.1,226.1
time,lat,lon,hdg,rsa_0,rsa_1,rsa_2,rpm_0,rpm_1,rpm_2
1600949690.7612612,0.027915333333333334,0.004183500000000001,154.623,215.0,180.0,180.0,226.1,226.1,226.1
time,lat,lon,hdg,rsa_0,rsa_1,rsa_2,rpm_0,rpm_1,rpm_2
1600949690.8633592,0.027915333333333334,0.004183500000000001,153.997,215.0,180.0,180.0,226.1,226.1,226.1
time,lat,lon,hdg,rsa_0,rsa_1,rsa_2,rpm_0,rpm_1,rpm_2
1600949690.963975,0.027911333333333333,0.004184166666666667,153.372,215.0,180.0,180.0,226.1,226.1,226.1
time,lat,lon,hdg,rsa_0,rsa_1,rsa_2,rpm_0,rpm_1,rpm_2
1600949691.064186,0.027907166666666667,0.004184833333333333,152.756,215.0,180.0,180.0,226.1,226.1,226.1
time,lat,lon,hdg,rsa_0,rsa_1,rsa_2,rpm_0,rpm_1,rpm_2
1600949691.165839,0.027903166666666666,0.0041856666666666665,152.13,215.0,180.0,180.0,226.1,226.1,226.1
time,lat,lon,hdg,rsa_0,rsa_1,rsa_2,rpm_0,rpm_1,rpm_2
1600949691.2672274,0.027899166666666666,0.004186333333333334,151.505,215.0,180.0,180.0,226.1,226.1,226.1
time,lat,lon,hdg,rsa_0,rsa_1,rsa_2,rpm_0,rpm_1,rpm_2
1600949691.4673777,0.027891,0.004188,150.273,215.0,180.0,180.0,226.1,226.1,226.1
time,lat,lon,hdg,rsa_0,rsa_1,rsa_2,rpm_0,rpm_1,rpm_2
1600949691.6630397,0.027883500000000002,0.004189833333333334,149.073,215.0,180.0,180.0,226.1,226.1,226.1
time,lat,lon,hdg,rsa_0,rsa_1,rsa_2,rpm_0,rpm_1,rpm_2
1600949691.7635336,0.0278795,0.004190833333333334,148.446,215.0,180.0,180.0,226.1,226.1,226.1
time,lat,lon,hdg,rsa_0,rsa_1,rsa_2,rpm_0,rpm_1,rpm_2
1600949691.8636174,0.0278755,0.004191833333333334,147.83,215.0,180.0,180.0,226.1,226.1,226.1
time,lat,lon,hdg,rsa_0,rsa_1,rsa_2,rpm_0,rpm_1,rpm_2
1600949691.9638617,0.02786766666666667,0.004194,147.214,215.0,180.0,180.0,226.1,226.1,226.1
time,lat,lon,hdg,rsa_0,rsa_1,rsa_2,rpm_0,rpm_1,rpm_2
1600949692.064152,0.02786766666666667,0.004194,146.598,215.0,180.0,180.0,226.1,226.1,226.1
time,lat,lon,hdg,rsa_0,rsa_1,rsa_2,rpm_0,rpm_1,rpm_2
1600949692.164607,0.02786383333333333,0.0041951666666666665,145.982,215.0,180.0,180.0,226.1,226.1,226.1
time,lat,lon,hdg,rsa_0,rsa_1,rsa_2,rpm_0,rpm_1,rpm_2
1600949692.2654226,0.02785983333333333,0.004196333333333333,145.356,215.0,180.0,180.0,226.1,226.1,226.1
time,lat,lon,hdg,rsa_0,rsa_1,rsa_2,rpm_0,rpm_1,rpm_2
1600949692.370706,0.027856,0.004197500000000001,144.729,215.0,180.0,180.0,226.1,226.1,226.1
time,lat,lon,hdg,rsa_0,rsa_1,rsa_2,rpm_0,rpm_1,rpm_2
1600949692.5650098,0.027848499999999998,0.0042,143.507,215.0,180.0,180.0,226.1,226.1,226.1
time,lat,lon,hdg,rsa_0,rsa_1,rsa_2,rpm_0,rpm_1,rpm_2
1600949692.6675715,0.0278445,0.004201333333333334,142.881,215.0,180.0,180.0,226.1,226.1,226.1
time,lat,lon,hdg,rsa_0,rsa_1,rsa_2,rpm_0,rpm_1,rpm_2
1600949692.7679343,0.02783683333333333,0.004204166666666666,142.254,215.0,180.0,180.0,226.1,226.1,226.1
time,lat,lon,hdg,rsa_0,rsa_1,rsa_2,rpm_0,rpm_1,rpm_2
1600949692.868302,0.02783683333333333,0.004204166666666666,141.638,215.0,180.0,180.0,226.1,226.1,226.1
time,lat,lon,hdg,rsa_0,rsa_1,rsa_2,rpm_0,rpm_1,rpm_2
1600949692.9686537,0.02783316666666667,0.004205666666666667,141.022,215.0,180.0,180.0,226.1,226.1,226.1
time,lat,lon,hdg,rsa_0,rsa_1,rsa_2,rpm_0,rpm_1,rpm_2
1600949693.1689003,0.027826,0.0042085000000000004,139.789,215.0,180.0,180.0,226.1,226.1,226.1
time,lat,lon,hdg,rsa_0,rsa_1,rsa_2,rpm_0,rpm_1,rpm_2
1600949693.360393,0.027818666666666665,0.0042116666666666665,138.609,215.0,180.0,180.0,226.1,226.1,226.1
time,lat,lon,hdg,rsa_0,rsa_1,rsa_2,rpm_0,rpm_1,rpm_2
1600949693.568559,0.027811333333333334,0.004215,137.325,215.0,180.0,180.0,226.1,226.1,226.1
time,lat,lon,hdg,rsa_0,rsa_1,rsa_2,rpm_0,rpm_1,rpm_2
1600949693.7658086,0.027804,0.0042183333333333335,136.125,215.0,180.0,180.0,226.1,226.1,226.1
time,lat,lon,hdg,rsa_0,rsa_1,rsa_2,rpm_0,rpm_1,rpm_2
1600949693.8675685,0.027800333333333333,0.004220333333333334,135.488,215.0,180.0,180.0,226.1,226.1,226.1
time,lat,lon,hdg,rsa_0,rsa_1,rsa_2,rpm_0,rpm_1,rpm_2
1600949693.9675863,0.027793,0.004224,134.873,215.0,180.0,180.0,226.1,226.1,226.1
time,lat,lon,hdg,rsa_0,rsa_1,rsa_2,rpm_0,rpm_1,rpm_2
1600949694.1679842,0.0277895,0.004226,133.641,215.0,180.0,180.0,226.1,226.1,226.1
time,lat,lon,hdg,rsa_0,rsa_1,rsa_2,rpm_0,rpm_1,rpm_2
1600949694.2683637,0.027785833333333333,0.004228,133.005,215.0,180.0,180.0,226.1,226.1,226.1
time,lat,lon,hdg,rsa_0,rsa_1,rsa_2,rpm_0,rpm_1,rpm_2
1600949694.3685713,0.027778833333333332,0.004232,132.4,215.0,180.0,180.0,226.1,226.1,226.1
time,lat,lon,hdg,rsa_0,rsa_1,rsa_2,rpm_0,rpm_1,rpm_2
1600949694.5680115,0.027775666666666664,0.004234,131.169,215.0,180.0,180.0,226.1,226.1,226.1
time,lat,lon,hdg,rsa_0,rsa_1,rsa_2,rpm_0,rpm_1,rpm_2
1600949694.6685436,0.027771833333333332,0.004236166666666667,130.554,215.0,180.0,180.0,226.1,226.1,226.1
time,lat,lon,hdg,rsa_0,rsa_1,rsa_2,rpm_0,rpm_1,rpm_2
1600949694.86379,0.027765333333333333,0.004240333333333333,129.364,215.0,180.0,180.0,226.1,226.1,226.1
time,lat,lon,hdg,rsa_0,rsa_1,rsa_2,rpm_0,rpm_1,rpm_2
1600949695.0619218,0.027758333333333333,0.004245,128.124,215.0,180.0,180.0,226.1,226.1,226.1
time,lat,lon,hdg,rsa_0,rsa_1,rsa_2,rpm_0,rpm_1,rpm_2
1600949695.162734,0.027755,0.004247333333333334,127.519,215.0,180.0,180.0,226.1,226.1,226.1
time,lat,lon,hdg,rsa_0,rsa_1,rsa_2,rpm_0,rpm_1,rpm_2
1600949695.2629235,0.027751833333333333,0.004249666666666666,126.903,215.0,180.0,180.0,226.1,226.1,226.1
time,lat,lon,hdg,rsa_0,rsa_1,rsa_2,rpm_0,rpm_1,rpm_2
1600949695.3637762,0.0277485,0.004252000000000001,126.278,215.0,180.0,180.0,226.1,226.1,226.1
time,lat,lon,hdg,rsa_0,rsa_1,rsa_2,rpm_0,rpm_1,rpm_2
1600949695.4639878,0.027741833333333334,0.004256833333333334,125.662,215.0,180.0,180.0,226.1,226.1,226.1
time,lat,lon,hdg,rsa_0,rsa_1,rsa_2,rpm_0,rpm_1,rpm_2
1600949695.563944,0.027741833333333334,0.004256833333333334,125.047,215.0,180.0,180.0,226.1,226.1,226.1
time,lat,lon,hdg,rsa_0,rsa_1,rsa_2,rpm_0,rpm_1,rpm_2
1600949695.6648326,0.02773866666666667,0.004259333333333334,124.431,215.0,180.0,180.0,226.1,226.1,226.1
time,lat,lon,hdg,rsa_0,rsa_1,rsa_2,rpm_0,rpm_1,rpm_2
1600949695.867995,0.027732333333333335,0.0042645,123.18,215.0,180.0,180.0,226.1,226.1,226.1
time,lat,lon,hdg,rsa_0,rsa_1,rsa_2,rpm_0,rpm_1,rpm_2
1600949696.0598822,0.027726166666666666,0.0042695,121.989,215.0,180.0,180.0,226.1,226.1,226.1
time,lat,lon,hdg,rsa_0,rsa_1,rsa_2,rpm_0,rpm_1,rpm_2
1600949696.1602755,0.027723166666666667,0.004272166666666666,121.374,215.0,180.0,180.0,226.1,226.1,226.1
time,lat,lon,hdg,rsa_0,rsa_1,rsa_2,rpm_0,rpm_1,rpm_2
1600949696.2603514,0.027720166666666667,0.004274833333333334,120.758,215.0,180.0,180.0,226.1,226.1,226.1
time,lat,lon,hdg,rsa_0,rsa_1,rsa_2,rpm_0,rpm_1,rpm_2
1600949696.4692137,0.027714000000000003,0.004280333333333333,119.464,215.0,180.0,180.0,226.1,226.1,226.1
time,lat,lon,hdg,rsa_0,rsa_1,rsa_2,rpm_0,rpm_1,rpm_2
1600949696.569257,0.027710833333333334,0.0042833333333333334,118.848,215.0,180.0,180.0,226.1,226.1,226.1
time,lat,lon,hdg,rsa_0,rsa_1,rsa_2,rpm_0,rpm_1,rpm_2
1600949696.7662838,0.027705333333333335,0.004288666666666666,117.627,215.0,180.0,180.0,226.1,226.1,226.1
time,lat,lon,hdg,rsa_0,rsa_1,rsa_2,rpm_0,rpm_1,rpm_2
1600949696.8678591,0.027702333333333332,0.004291833333333333,117.01,215.0,180.0,180.0,226.1,226.1,226.1
time,lat,lon,hdg,rsa_0,rsa_1,rsa_2,rpm_0,rpm_1,rpm_2
1600949697.0610645,0.027697000000000003,0.0042973333333333336,115.83,215.0,180.0,180.0,226.1,226.1,226.1
time,lat,lon,hdg,rsa_0,rsa_1,rsa_2,rpm_0,rpm_1,rpm_2
1600949697.162543,0.02769416666666667,0.0043001666666666665,115.203,215.0,180.0,180.0,226.1,226.1,226.1
time,lat,lon,hdg,rsa_0,rsa_1,rsa_2,rpm_0,rpm_1,rpm_2
1600949697.262773,0.027688833333333333,0.0043061666666666665,114.587,215.0,180.0,180.0,226.1,226.1,226.1
time,lat,lon,hdg,rsa_0,rsa_1,rsa_2,rpm_0,rpm_1,rpm_2
1600949697.3629496,0.027686166666666668,0.004309166666666667,113.971,215.0,180.0,180.0,226.1,226.1,226.1
time,lat,lon,hdg,rsa_0,rsa_1,rsa_2,rpm_0,rpm_1,rpm_2
1600949697.561012,0.027683500000000003,0.004312333333333334,112.739,215.0,180.0,180.0,226.1,226.1,226.1
time,lat,lon,hdg,rsa_0,rsa_1,rsa_2,rpm_0,rpm_1,rpm_2
1600949697.6610937,0.027681,0.004315333333333333,112.123,215.0,180.0,180.0,226.1,226.1,226.1
time,lat,lon,hdg,rsa_0,rsa_1,rsa_2,rpm_0,rpm_1,rpm_2
1600949697.7616396,0.027675833333333334,0.004321500000000001,111.507,215.0,180.0,180.0,226.1,226.1,226.1
time,lat,lon,hdg,rsa_0,rsa_1,rsa_2,rpm_0,rpm_1,rpm_2
1600949697.8617485,0.027673333333333335,0.004324666666666667,110.891,215.0,180.0,180.0,226.1,226.1,226.1
time,lat,lon,hdg,rsa_0,rsa_1,rsa_2,rpm_0,rpm_1,rpm_2
1600949697.9653022,0.027673333333333335,0.004324666666666667,110.265,215.0,180.0,180.0,226.1,226.1,226.1
time,lat,lon,hdg,rsa_0,rsa_1,rsa_2,rpm_0,rpm_1,rpm_2
1600949698.066354,0.027670833333333332,0.004328,109.639,215.0,180.0,180.0,226.1,226.1,226.1
time,lat,lon,hdg,rsa_0,rsa_1,rsa_2,rpm_0,rpm_1,rpm_2
1600949698.1683414,0.0276685,0.004331166666666666,109.013,215.0,180.0,180.0,226.1,226.1,226.1
time,lat,lon,hdg,rsa_0,rsa_1,rsa_2,rpm_0,rpm_1,rpm_2
1600949698.2688327,0.027666000000000003,0.004334500000000001,108.387,215.0,180.0,180.0,226.1,226.1,226.1
time,lat,lon,hdg,rsa_0,rsa_1,rsa_2,rpm_0,rpm_1,rpm_2
1600949698.368952,0.027661333333333333,0.004341166666666666,107.771,215.0,180.0,180.0,226.1,226.1,226.1
time,lat,lon,hdg,rsa_0,rsa_1,rsa_2,rpm_0,rpm_1,rpm_2
1600949698.4691148,0.02765916666666667,0.0043445,107.155,215.0,180.0,180.0,226.1,226.1,226.1
time,lat,lon,hdg,rsa_0,rsa_1,rsa_2,rpm_0,rpm_1,rpm_2
1600949698.6672032,0.027656833333333335,0.004347833333333333,105.924,215.0,180.0,180.0,226.1,226.1,226.1
time,lat,lon,hdg,rsa_0,rsa_1,rsa_2,rpm_0,rpm_1,rpm_2
1600949698.7672153,0.027654666666666668,0.004351166666666667,105.319,215.0,180.0,180.0,226.1,226.1,226.1
time,lat,lon,hdg,rsa_0,rsa_1,rsa_2,rpm_0,rpm_1,rpm_2
1600949698.867241,0.027650333333333332,0.004357833333333333,104.704,215.0,180.0,180.0,226.1,226.1,226.1
time,lat,lon,hdg,rsa_0,rsa_1,rsa_2,rpm_0,rpm_1,rpm_2
1600949698.9688153,0.027650333333333332,0.004357833333333333,104.068,215.0,180.0,180.0,226.1,226.1,226.1
time,lat,lon,hdg,rsa_0,rsa_1,rsa_2,rpm_0,rpm_1,rpm_2
1600949699.1686304,0.02764616666666667,0.004364833333333333,102.858,215.0,180.0,180.0,226.1,226.1,226.1
time,lat,lon,hdg,rsa_0,rsa_1,rsa_2,rpm_0,rpm_1,rpm_2
1600949699.3603966,0.02764233333333333,0.004371666666666666,101.658,215.0,180.0,180.0,226.1,226.1,226.1
time,lat,lon,hdg,rsa_0,rsa_1,rsa_2,rpm_0,rpm_1,rpm_2
1600949699.4609897,0.0276385,0.004378666666666667,101.043,215.0,180.0,180.0,226.1,226.1,226.1
time,lat,lon,hdg,rsa_0,rsa_1,rsa_2,rpm_0,rpm_1,rpm_2
1600949699.569203,0.0276385,0.004378666666666667,100.376,215.0,180.0,180.0,226.1,226.1,226.1
time,lat,lon,hdg,rsa_0,rsa_1,rsa_2,rpm_0,rpm_1,rpm_2
1600949699.767615,0.027634666666666665,0.004386166666666667,99.1564,215.0,180.0,180.0,226.1,226.1,226.1
time,lat,lon,hdg,rsa_0,rsa_1,rsa_2,rpm_0,rpm_1,rpm_2
1600949699.9672477,0.027631333333333334,0.004393166666666667,97.9261,215.0,180.0,180.0,226.1,226.1,226.1
time,lat,lon,hdg,rsa_0,rsa_1,rsa_2,rpm_0,rpm_1,rpm_2
1600949700.1587713,0.027627833333333334,0.0044005,96.7574,215.0,180.0,180.0,226.1,226.1,226.1
time,lat,lon,hdg,rsa_0,rsa_1,rsa_2,rpm_0,rpm_1,rpm_2
1600949700.2623324,0.027626166666666667,0.0044041666666666665,96.1319,215.0,180.0,180.0,226.1,226.1,226.1
time,lat,lon,hdg,rsa_0,rsa_1,rsa_2,rpm_0,rpm_1,rpm_2
1600949700.36357,0.0276245,0.004408,95.5065,215.0,180.0,180.0,226.1,226.1,226.1
time,lat,lon,hdg,rsa_0,rsa_1,rsa_2,rpm_0,rpm_1,rpm_2
1600949700.4637337,0.0276215,0.0044155,94.881,215.0,180.0,180.0,226.1,226.1,226.1
time,lat,lon,hdg,rsa_0,rsa_1,rsa_2,rpm_0,rpm_1,rpm_2
1600949700.6609662,0.02762,0.004419333333333333,93.6606,215.0,180.0,180.0,226.1,226.1,226.1
time,lat,lon,hdg,rsa_0,rsa_1,rsa_2,rpm_0,rpm_1,rpm_2
1600949700.761536,0.0276185,0.004423,93.0452,215.0,180.0,180.0,226.1,226.1,226.1
time,lat,lon,hdg,rsa_0,rsa_1,rsa_2,rpm_0,rpm_1,rpm_2
1600949700.9688635,0.027615833333333333,0.0044305,91.7733,215.0,180.0,180.0,226.1,226.1,226.1
time,lat,lon,hdg,rsa_0,rsa_1,rsa_2,rpm_0,rpm_1,rpm_2
1600949701.0688941,0.027614333333333334,0.004434666666666667,91.1578,215.0,180.0,180.0,226.1,226.1,226.1
time,lat,lon,hdg,rsa_0,rsa_1,rsa_2,rpm_0,rpm_1,rpm_2
1600949701.1692252,0.027611833333333332,0.004442333333333334,90.5422,215.0,180.0,180.0,226.1,226.1,226.1
time,lat,lon,hdg,rsa_0,rsa_1,rsa_2,rpm_0,rpm_1,rpm_2
1600949701.369855,0.02761083333333333,0.004445833333333333,89.311,215.0,180.0,180.0,226.1,226.1,226.1
time,lat,lon,hdg,rsa_0,rsa_1,rsa_2,rpm_0,rpm_1,rpm_2
1600949701.5590298,0.027608499999999998,0.0044535,88.1309,215.0,180.0,180.0,226.1,226.1,226.1
time,lat,lon,hdg,rsa_0,rsa_1,rsa_2,rpm_0,rpm_1,rpm_2
1600949701.659922,0.0276075,0.0044575000000000005,87.5152,215.0,180.0,180.0,226.1,226.1,226.1
time,lat,lon,hdg,rsa_0,rsa_1,rsa_2,rpm_0,rpm_1,rpm_2
1600949701.7610064,0.027606333333333333,0.004461333333333333,86.8995,215.0,180.0,180.0,226.1,226.1,226.1
time,lat,lon,hdg,rsa_0,rsa_1,rsa_2,rpm_0,rpm_1,rpm_2
1600949701.8678904,0.027605333333333332,0.004465166666666667,86.2221,215.0,180.0,180.0,226.1,226.1,226.1
time,lat,lon,hdg,rsa_0,rsa_1,rsa_2,rpm_0,rpm_1,rpm_2
1600949701.9679608,0.027604333333333335,0.0044695,85.6166,215.0,180.0,180.0,226.1,226.1,226.1
time,lat,lon,hdg,rsa_0,rsa_1,rsa_2,rpm_0,rpm_1,rpm_2
1600949702.0684655,0.0276035,0.0044733333333333335,85.0008,215.0,180.0,180.0,226.1,226.1,226.1
time,lat,lon,hdg,rsa_0,rsa_1,rsa_2,rpm_0,rpm_1,rpm_2
1600949702.2597742,0.027601833333333332,0.004480833333333333,83.8206,215.0,180.0,180.0,226.1,226.1,226.1
time,lat,lon,hdg,rsa_0,rsa_1,rsa_2,rpm_0,rpm_1,rpm_2
1600949702.3689775,0.027601166666666666,0.004484833333333333,83.1432,215.0,180.0,180.0,226.1,226.1,226.1
time,lat,lon,hdg,rsa_0,rsa_1,rsa_2,rpm_0,rpm_1,rpm_2
1600949702.5612671,0.027599666666666668,0.004492666666666667,81.9733,215.0,180.0,180.0,226.1,226.1,226.1
time,lat,lon,hdg,rsa_0,rsa_1,rsa_2,rpm_0,rpm_1,rpm_2
1600949702.661355,0.0275985,0.004500666666666667,81.3474,215.0,180.0,180.0,226.1,226.1,226.1
time,lat,lon,hdg,rsa_0,rsa_1,rsa_2,rpm_0,rpm_1,rpm_2
1600949702.8662746,0.027598,0.0045045,80.075,215.0,180.0,180.0,226.1,226.1,226.1
time,lat,lon,hdg,rsa_0,rsa_1,rsa_2,rpm_0,rpm_1,rpm_2
1600949702.9667013,0.02759733333333333,0.0045088333333333334,79.4697,215.0,180.0,180.0,226.1,226.1,226.1
time,lat,lon,hdg,rsa_0,rsa_1,rsa_2,rpm_0,rpm_1,rpm_2
1600949703.0668943,0.027597,0.004512833333333333,78.8544,215.0,180.0,180.0,226.1,226.1,226.1
time,lat,lon,hdg,rsa_0,rsa_1,rsa_2,rpm_0,rpm_1,rpm_2
1600949703.264129,0.027596166666666665,0.004520666666666667,77.6375,211.2,180.0,180.0,226.1,226.1,226.1
time,lat,lon,hdg,rsa_0,rsa_1,rsa_2,rpm_0,rpm_1,rpm_2
1600949703.4605575,0.0275955,0.004528666666666667,76.4285,202.25,180.0,180.0,226.1,226.1,226.1
time,lat,lon,hdg,rsa_0,rsa_1,rsa_2,rpm_0,rpm_1,rpm_2
1600949703.5624392,0.027595333333333336,0.004532666666666667,75.8332,202.25,180.0,180.0,226.1,226.1,226.1
time,lat,lon,hdg,rsa_0,rsa_1,rsa_2,rpm_0,rpm_1,rpm_2
1600949703.6633868,0.027594999999999998,0.004536666666666666,75.2209,202.25,180.0,180.0,226.1,226.1,226.1
time,lat,lon,hdg,rsa_0,rsa_1,rsa_2,rpm_0,rpm_1,rpm_2
1600949703.7636147,0.027594666666666667,0.004544833333333333,74.622,193.25,180.0,180.0,226.1,226.1,226.1
time,lat,lon,hdg,rsa_0,rsa_1,rsa_2,rpm_0,rpm_1,rpm_2
1600949703.9591713,0.027594666666666667,0.004548666666666667,73.4452,193.25,180.0,180.0,226.1,226.1,226.1
time,lat,lon,hdg,rsa_0,rsa_1,rsa_2,rpm_0,rpm_1,rpm_2
1600949704.0676124,0.0275945,0.004552833333333334,72.819,184.3,180.0,180.0,226.1,226.1,226.1
time,lat,lon,hdg,rsa_0,rsa_1,rsa_2,rpm_0,rpm_1,rpm_2
1600949704.263016,0.0275945,0.004560666666666667,71.6969,184.3,180.0,180.0,226.1,226.1,226.1
time,lat,lon,hdg,rsa_0,rsa_1,rsa_2,rpm_0,rpm_1,rpm_2
1600949704.4602933,0.027594666666666667,0.004569166666666667,70.5527,180.0,180.0,180.0,226.1,226.1,226.1
time,lat,lon,hdg,rsa_0,rsa_1,rsa_2,rpm_0,rpm_1,rpm_2
1600949704.6595194,0.027594999999999998,0.004577333333333333,69.4431,180.0,180.0,180.0,226.1,226.1,226.1
time,lat,lon,hdg,rsa_0,rsa_1,rsa_2,rpm_0,rpm_1,rpm_2
1600949704.7680285,0.027595166666666667,0.004581333333333334,68.8196,180.0,180.0,180.0,226.1,226.1,226.1
time,lat,lon,hdg,rsa_0,rsa_1,rsa_2,rpm_0,rpm_1,rpm_2
1600949704.9652402,0.027595666666666668,0.004589833333333334,67.7414,180.0,180.0,180.0,226.1,226.1,226.1
time,lat,lon,hdg,rsa_0,rsa_1,rsa_2,rpm_0,rpm_1,rpm_2
1600949705.1613302,0.027596333333333334,0.004597833333333333,66.6583,180.0,180.0,180.0,226.1,226.1,226.1
time,lat,lon,hdg,rsa_0,rsa_1,rsa_2,rpm_0,rpm_1,rpm_2
1600949705.261385,0.02759733333333333,0.004606,66.1262,180.0,180.0,180.0,226.1,226.1,226.1
time,lat,lon,hdg,rsa_0,rsa_1,rsa_2,rpm_0,rpm_1,rpm_2
1600949705.3618488,0.02759733333333333,0.004606,65.5883,180.0,180.0,180.0,226.1,226.1,226.1
time,lat,lon,hdg,rsa_0,rsa_1,rsa_2,rpm_0,rpm_1,rpm_2
1600949705.5682864,0.027598333333333332,0.004614333333333333,64.4779,180.0,180.0,180.0,226.1,226.1,226.1
time,lat,lon,hdg,rsa_0,rsa_1,rsa_2,rpm_0,rpm_1,rpm_2
1600949705.6685603,0.027599666666666668,0.004622666666666666,63.9585,180.0,180.0,180.0,226.1,226.1,226.1
time,lat,lon,hdg,rsa_0,rsa_1,rsa_2,rpm_0,rpm_1,rpm_2
1600949705.769314,0.027599666666666668,0.004622666666666666,63.442,180.0,180.0,180.0,226.1,226.1,226.1
time,lat,lon,hdg,rsa_0,rsa_1,rsa_2,rpm_0,rpm_1,rpm_2
1600949705.9670684,0.027601166666666666,0.0046303333333333335,62.3919,180.0,180.0,180.0,226.1,226.1,226.1
time,lat,lon,hdg,rsa_0,rsa_1,rsa_2,rpm_0,rpm_1,rpm_2
1600949706.1623654,0.027603,0.004638666666666667,61.3879,180.0,180.0,180.0,226.1,226.1,226.1
time,lat,lon,hdg,rsa_0,rsa_1,rsa_2,rpm_0,rpm_1,rpm_2
1600949706.2630873,0.027603833333333334,0.0046425,60.8773,180.0,180.0,180.0,226.1,226.1,226.1
time,lat,lon,hdg,rsa_0,rsa_1,rsa_2,rpm_0,rpm_1,rpm_2
1600949706.363127,0.027604833333333335,0.0046465,60.3694,180.0,180.0,180.0,226.1,226.1,226.1
time,lat,lon,hdg,rsa_0,rsa_1,rsa_2,rpm_0,rpm_1,rpm_2
1600949706.5579708,0.027607,0.004654500000000001,59.3788,180.0,180.0,180.0,226.1,226.1,226.1
time,lat,lon,hdg,rsa_0,rsa_1,rsa_2,rpm_0,rpm_1,rpm_2
1600949706.6673033,0.027608,0.004658333333333334,58.8377,180.0,180.0,180.0,226.1,226.1,226.1
time,lat,lon,hdg,rsa_0,rsa_1,rsa_2,rpm_0,rpm_1,rpm_2
1600949706.8662548,0.0276105,0.0046665000000000005,57.8633,180.0,180.0,180.0,226.1,226.1,226.1
time,lat,lon,hdg,rsa_0,rsa_1,rsa_2,rpm_0,rpm_1,rpm_2
1600949707.0614796,0.027613,0.004674166666666666,56.8909,180.0,180.0,180.0,226.1,226.1,226.1
time,lat,lon,hdg,rsa_0,rsa_1,rsa_2,rpm_0,rpm_1,rpm_2
1600949707.2588494,0.027615833333333333,0.004681833333333333,55.9367,180.0,180.0,180.0,226.1,226.1,226.1
time,lat,lon,hdg,rsa_0,rsa_1,rsa_2,rpm_0,rpm_1,rpm_2
1600949707.3674462,0.02761716666666667,0.004685666666666667,55.4152,180.0,180.0,180.0,226.1,226.1,226.1
time,lat,lon,hdg,rsa_0,rsa_1,rsa_2,rpm_0,rpm_1,rpm_2
1600949707.5632613,0.027620333333333334,0.004693666666666666,54.4838,180.0,180.0,180.0,226.1,226.1,226.1
time,lat,lon,hdg,rsa_0,rsa_1,rsa_2,rpm_0,rpm_1,rpm_2
1600949707.7671437,0.027623500000000002,0.004701166666666667,53.5067,180.0,180.0,180.0,226.1,226.1,226.1
time,lat,lon,hdg,rsa_0,rsa_1,rsa_2,rpm_0,rpm_1,rpm_2
1600949707.8672738,0.027626833333333333,0.004708833333333333,53.0532,180.0,180.0,180.0,226.1,226.1,226.1
time,lat,lon,hdg,rsa_0,rsa_1,rsa_2,rpm_0,rpm_1,rpm_2
1600949707.9679265,0.027626833333333333,0.004708833333333333,52.5863,180.0,180.0,180.0,226.1,226.1,226.1
time,lat,lon,hdg,rsa_0,rsa_1,rsa_2,rpm_0,rpm_1,rpm_2
1600949708.068021,0.027630333333333333,0.0047165,52.1141,180.0,180.0,180.0,226.1,226.1,226.1
time,lat,lon,hdg,rsa_0,rsa_1,rsa_2,rpm_0,rpm_1,rpm_2
1600949708.2630627,0.027632,0.004720166666666667,51.2148,180.0,180.0,180.0,226.1,226.1,226.1
time,lat,lon,hdg,rsa_0,rsa_1,rsa_2,rpm_0,rpm_1,rpm_2
1600949708.3635192,0.027633833333333333,0.004723666666666667,50.757,180.0,180.0,180.0,226.1,226.1,226.1
time,lat,lon,hdg,rsa_0,rsa_1,rsa_2,rpm_0,rpm_1,rpm_2
1600949708.4634962,0.0276375,0.0047311666666666665,50.3015,180.0,180.0,180.0,226.1,226.1,226.1
time,lat,lon,hdg,rsa_0,rsa_1,rsa_2,rpm_0,rpm_1,rpm_2
1600949708.6670678,0.027639333333333335,0.004734833333333333,49.367,180.0,180.0,180.0,226.1,226.1,226.1
time,lat,lon,hdg,rsa_0,rsa_1,rsa_2,rpm_0,rpm_1,rpm_2
1600949708.767343,0.027643333333333336,0.0047425,48.9331,180.0,180.0,180.0,226.1,226.1,226.1
time,lat,lon,hdg,rsa_0,rsa_1,rsa_2,rpm_0,rpm_1,rpm_2
1600949708.9597704,0.027645333333333334,0.004746,48.0565,180.0,180.0,180.0,226.1,226.1,226.1
time,lat,lon,hdg,rsa_0,rsa_1,rsa_2,rpm_0,rpm_1,rpm_2
1600949709.0598838,0.027647333333333336,0.004749666666666667,47.6287,180.0,180.0,180.0,226.1,226.1,226.1
time,lat,lon,hdg,rsa_0,rsa_1,rsa_2,rpm_0,rpm_1,rpm_2
1600949709.1599486,0.027649333333333335,0.004753166666666667,47.1736,180.0,180.0,180.0,226.1,226.1,226.1
time,lat,lon,hdg,rsa_0,rsa_1,rsa_2,rpm_0,rpm_1,rpm_2
1600949709.2609267,0.0276515,0.004757,46.7426,180.0,180.0,180.0,226.1,226.1,226.1
time,lat,lon,hdg,rsa_0,rsa_1,rsa_2,rpm_0,rpm_1,rpm_2
1600949709.3675287,0.0276535,0.0047606666666666665,46.2701,180.0,180.0,180.0,226.1,226.1,226.1
time,lat,lon,hdg,rsa_0,rsa_1,rsa_2,rpm_0,rpm_1,rpm_2
1600949709.5626576,0.027657833333333333,0.004768166666666667,45.433,180.0,180.0,180.0,226.1,226.1,226.1
time,lat,lon,hdg,rsa_0,rsa_1,rsa_2,rpm_0,rpm_1,rpm_2
1600949709.7662475,0.027662166666666665,0.004775166666666666,44.561,180.0,180.0,180.0,226.1,226.1,226.1
time,lat,lon,hdg,rsa_0,rsa_1,rsa_2,rpm_0,rpm_1,rpm_2
1600949709.9589443,0.027666666666666666,0.004782333333333333,43.7256,180.0,180.0,180.0,226.1,226.1,226.1
time,lat,lon,hdg,rsa_0,rsa_1,rsa_2,rpm_0,rpm_1,rpm_2
1600949710.0598025,0.027669,0.004786,43.3178,180.0,180.0,180.0,226.1,226.1,226.1
time,lat,lon,hdg,rsa_0,rsa_1,rsa_2,rpm_0,rpm_1,rpm_2
1600949710.1617892,0.027671166666666667,0.0047895,42.891,180.0,180.0,180.0,226.1,226.1,226.1
time,lat,lon,hdg,rsa_0,rsa_1,rsa_2,rpm_0,rpm_1,rpm_2
1600949710.2636175,0.027673666666666666,0.004793,42.4871,180.0,180.0,180.0,226.1,226.1,226.1
time,lat,lon,hdg,rsa_0,rsa_1,rsa_2,rpm_0,rpm_1,rpm_2
1600949710.4604716,0.027678333333333336,0.004800166666666666,41.6505,180.0,180.0,180.0,226.1,226.1,226.1
time,lat,lon,hdg,rsa_0,rsa_1,rsa_2,rpm_0,rpm_1,rpm_2
1600949710.5683699,0.02768066666666667,0.004803666666666666,41.1906,180.0,180.0,180.0,226.1,226.1,226.1
time,lat,lon,hdg,rsa_0,rsa_1,rsa_2,rpm_0,rpm_1,rpm_2
1600949710.7630389,0.027685833333333333,0.004810833333333334,40.407,180.0,180.0,180.0,226.1,226.1,226.1
time,lat,lon,hdg,rsa_0,rsa_1,rsa_2,rpm_0,rpm_1,rpm_2
1600949710.9663272,0.027690833333333335,0.004817666666666666,39.5701,180.0,180.0,180.0,226.1,226.1,226.1
time,lat,lon,hdg,rsa_0,rsa_1,rsa_2,rpm_0,rpm_1,rpm_2
1600949711.1615288,0.027696166666666668,0.0048245,38.7945,180.0,180.0,180.0,226.1,226.1,226.1
time,lat,lon,hdg,rsa_0,rsa_1,rsa_2,rpm_0,rpm_1,rpm_2
1600949711.2638173,0.027698666666666667,0.004827833333333333,38.4027,180.0,180.0,180.0,226.1,226.1,226.1
time,lat,lon,hdg,rsa_0,rsa_1,rsa_2,rpm_0,rpm_1,rpm_2
1600949711.4599044,0.027704,0.0048345,37.6115,180.0,180.0,180.0,226.1,226.1,226.1
time,lat,lon,hdg,rsa_0,rsa_1,rsa_2,rpm_0,rpm_1,rpm_2
1600949711.5666134,0.027706833333333333,0.004837833333333333,37.1925,180.0,180.0,180.0,226.1,226.1,226.1
time,lat,lon,hdg,rsa_0,rsa_1,rsa_2,rpm_0,rpm_1,rpm_2
1600949711.7620194,0.027712499999999998,0.0048445,36.4318,180.0,180.0,180.0,226.1,226.1,226.1
time,lat,lon,hdg,rsa_0,rsa_1,rsa_2,rpm_0,rpm_1,rpm_2
1600949711.9650497,0.027718,0.004850833333333333,35.646,180.0,180.0,180.0,226.1,226.1,226.1
time,lat,lon,hdg,rsa_0,rsa_1,rsa_2,rpm_0,rpm_1,rpm_2
1600949712.1679485,0.027723833333333333,0.004857333333333333,34.8611,180.0,180.0,180.0,226.1,226.1,226.1
time,lat,lon,hdg,rsa_0,rsa_1,rsa_2,rpm_0,rpm_1,rpm_2
1600949712.366397,0.027729999999999998,0.004863833333333333,34.1213,180.0,180.0,180.0,226.1,226.1,226.1
time,lat,lon,hdg,rsa_0,rsa_1,rsa_2,rpm_0,rpm_1,rpm_2
1600949712.5620627,0.027735833333333335,0.00487,33.3817,180.0,180.0,180.0,226.1,226.1,226.1
time,lat,lon,hdg,rsa_0,rsa_1,rsa_2,rpm_0,rpm_1,rpm_2
1600949712.766575,0.027742,0.004876166666666667,32.6178,180.0,180.0,180.0,226.1,226.1,226.1
time,lat,lon,hdg,rsa_0,rsa_1,rsa_2,rpm_0,rpm_1,rpm_2
