Time, PropellorRPM,RSA,Longitude,Latitude, Heading, speed_knts, ROT, surge, sway, PropRPM_demand_pct,Rudder_demand_pct
0,-5.03E-08,0,4.481623333,51.90571717,232.788,0,0.186874,-126.39,-128.32,0,0
0.418540001,-4.79E-08,0,4.481623333,51.90571717,232.789,0,0.186874,-126.39,-128.32,0,0
0.838089943,-0.000000046,0,4.481623333,51.90571717,232.791,0,0.157368,-126.39,-128.32,0,0
1.273689985,-4.38E-08,0,4.481623333,51.90571717,232.792,0,0.147532,-126.39,-128.32,0,0
1.693719864,-0.000000042,0,4.481623333,51.90571717,232.793,0,0.137697,-126.39,-128.32,0,0
2.112309933,-4.07E-08,0,4.481623333,51.90571717,232.794,0,0.137697,-126.39,-128.32,0,0
2.551499844,-3.88E-08,0,4.481623333,51.90571717,232.795,0,0.167203,-126.39,-128.32,0,0
2.964489937,-3.72E-08,0,4.481623333,51.90571717,232.796,0,0.196709,-126.39,-128.32,0,0
3.38000989,-3.55E-08,0,4.481623333,51.90571717,232.797,0,0.186874,-126.39,-128.32,0,0
3.814990044,-3.41E-08,0,4.481623333,51.90571717,232.799,0,0.147532,-126.39,-128.32,100,0
4.258970022,85.1861,0,4.481623333,51.90571717,232.8,0,0.147532,-126.39,-128.32,100,0
4.678659916,242.804,0,4.481623333,51.90571717,232.801,0,0.0196709,-126.39,-128.33,100,0
5.10036993,359.706,0,4.481623167,51.905717,232.8,0.2,-0.265558,-126.41,-128.35,100,0
5.526859999,407.671,0,4.4816225,51.90571667,232.798,0.5,-0.354077,-126.46,-128.42,100,0
5.950949907,419.709,0,4.4816205,51.90571583,232.796,0.9,-0.0983547,-126.59,-128.59,100,0
6.366909981,434.002,0,4.481618,51.90571467,232.797,1.2,0.373748,-126.74,-128.78,100,0
6.785349846,445.65,0,4.481614833,51.90571317,232.801,1.5,0.668812,-126.93,-129.03,100,0
7.207229853,454.919,0,4.481610833,51.90571133,232.806,1.9,0.836015,-127.16,-129.34,100,0
7.641829967,472.368,0,4.481604333,51.90570817,232.811,2.4,0.481938,-127.52,-129.81,100,0
8.07660985,480.949,0,4.481598333,51.90570533,232.811,2.7,-0.708154,-127.87,-130.28,100,0
8.498389959,496.126,0,4.481591167,51.90570217,232.804,3.1,-1.2196,-128.26,-130.78,100,0
8.926749945,507.815,0,4.481581667,51.9056975,232.797,3.5,-0.717989,-128.69,-131.36,100,0
9.364670038,522.108,0,4.4815725,51.90569333,232.796,4,0.501609,-129.28,-132.13,100,0
9.787359953,533.978,0,4.481562667,51.90568867,232.801,4.4,0.983547,-129.82,-132.85,100,0
10.20914984,542.725,0,4.481551667,51.9056835,232.807,4.8,0.73766,-130.41,-133.63,100,0
10.62835002,557.81,0,4.481539667,51.90567783,232.81,5.2,0.0983547,-131.06,-134.47,100,0
11.04532981,569.271,0,4.481524167,51.90567067,232.808,5.7,-0.570457,-131.9,-135.58,100,0
11.46331,583.88,0,4.48151,51.905664,232.804,6.1,-0.914699,-132.68,-136.62,100,0
11.88561988,595.687,0,4.481494833,51.90565683,232.798,6.5,-0.334406,-133.49,-137.68,100,0
12.30752993,604.351,0,4.481478833,51.90564933,232.799,6.9,0.658977,-134.38,-138.86,100,0
12.73320985,619.342,0,4.481456833,51.905639,232.805,7.3,1.23927,-135.26,-140.01,100,0
13.15241003,631.532,0,4.481439167,51.90563067,232.815,7.8,1.01305,-136.46,-141.6,100,0
13.57409,646.037,0,4.481419833,51.90562167,232.818,8.2,-0.245887,-137.53,-143,100,0
14.00120997,657.502,0,4.4814,51.90561233,232.813,8.6,-1.15075,-138.56,-144.36,100,0
14.4214499,666.168,0,4.481374167,51.90560017,232.805,9,-1.10157,-139.72,-145.9,100,0
14.84636998,683.794,0,4.481351833,51.90558967,232.799,9.5,-0.295064,-141.15,-147.77,100,0
15.28812003,692.684,0.01666665,4.481327833,51.9055785,232.801,9.9,0.678647,-142.43,-149.47,100,15
15.71742988,708.055,1.558333,4.481303333,51.90556683,232.886,10.3,33.3521,-143.72,-151.15,100,15
16.15129995,719.583,3.949995,4.4812735,51.90555267,233.374,10.8,80.1296,-145.36,-153.26,100,15
16.5803299,734.225,5.25,4.481247167,51.90554,234.123,11.2,122.943,-146.77,-155.06,100,20
17.01218987,745.771,6.541675,4.4812205,51.905527,234.995,11.5,148.122,-148.23,-156.93,100,25
17.43253994,755.047,7.958335,4.481193333,51.905514,236.063,11.8,179.468,-149.71,-158.86,100,30
17.85285997,769.383,9.96667,4.481156,51.90549633,237.431,12.3,228.291,-151.67,-161.44,100,30
18.29079986,780.868,10.5,4.481129167,51.905484,239.346,12.5,239.435,-153.06,-163.36,100,30
18.71247983,795.622,10.5,4.481096667,51.90546983,240.997,12.9,234.399,-154.63,-165.62,100,30
19.16945982,807.332,10.5,4.4810555,51.90545283,242.97,13.2,230.219,-156.47,-168.46,100,30
19.60172987,822.295,10.5,4.481022667,51.90544017,244.449,13.5,229.206,-157.92,-170.83,100,30
20.04171991,834.055,10.5,4.4809765,51.90542333,246.013,13.8,230.917,-159.34,-173.29,100,35
20.46279001,848.43,11.9,4.480943167,51.905412,247.583,14.1,263.866,-161.06,-176.49,100,35
20.88481998,860.088,12.25,4.480904667,51.90539967,249.96,14.4,298.723,-162.38,-179.14,100,35
21.30657983,869.495,12.25,4.480864833,51.905388,252.006,14.7,305.116,-163.64,-181.88,100,35
21.73757982,884.453,12.25,4.480813333,51.90537417,254.178,15,310.063,-164.86,-184.83,100,35
22.1584599,895.532,12.25,4.480771,51.90536417,256.702,15.2,311.804,-166.17,-188.37,100,20
22.58134985,910.783,10.974985,4.480727,51.90535483,258.726,15.5,272.315,-167.19,-191.54,100,5
23.01131988,922.426,8.983345,4.480682333,51.90534667,260.309,15.8,203.299,-168.05,-194.67,100,0
23.45143986,936.968,6.966645,4.480625333,51.90533783,261.443,16.3,133.182,-168.98,-198.59,100,0
23.87344003,948.721,4.491655,4.480576667,51.90533117,262.189,16.6,47.0332,-169.68,-201.94,100,0
24.29519987,957.273,2.491657,4.480527333,51.90532533,262.283,17,-19.6709,-170.35,-205.51,100,0
24.71692991,971.966,0.583324,4.480479,51.90531983,261.972,17.3,-78.2313,-170.94,-208.88,100,0
25.13406992,984.376,0,4.480413,51.90531283,261.356,17.8,-79.3919,-171.58,-212.63,100,0
25.56882,998.768,0,4.480359667,51.90530717,260.828,18.2,-51.1838,-172.35,-217.07,100,0
25.99108005,1000,0,4.480307833,51.9053015,260.559,18.5,-33.539,-173.01,-220.83,100,0
26.41290998,1000,0,4.480252667,51.90529567,260.383,18.9,-19.3169,-173.68,-224.65,100,0
26.83071995,1000,0,4.480195833,51.90528933,260.284,19.2,-10.819,-174.36,-228.53,100,0
27.25452995,1000,0,4.480123167,51.9052815,260.208,19.5,-8.15361,-175.23,-233.45,100,0
27.67411995,1000,0,4.480065667,51.90527517,260.153,19.7,-8.5962,-175.93,-237.44,100,0
28.09592986,1000,0,4.4800085,51.905269,260.095,19.9,-8.86176,-176.64,-241.47,100,0
28.5285399,1000,0,4.479951,51.90526267,260.041,20,-7.3766,-177.35,-245.53,100,0
28.96852994,1000,0,4.4798735,51.90525433,259.993,20.2,-3.3539,-178.29,-250.81,100,0
29.38587999,1000,0,4.479814,51.90524783,259.982,20.4,-0.10819,-179.02,-254.94,100,0
29.81285,1000,0,4.479753,51.90524117,259.988,20.5,1.41631,-179.75,-259.09,100,0
30.25366998,1000,0,4.479677,51.90523283,259.996,20.6,0.609799,-180.67,-264.3,100,0
30.67679,1000,0,4.479621667,51.90522667,259.993,20.7,-1.26878,-181.38,-268.31,100,0
31.09956002,1000,0,4.4795585,51.90521983,259.981,20.7,-1.96709,-182.13,-272.52,100,-20
31.52948999,1000,-0.558334,4.479484,51.90521167,259.941,20.8,-23.8904,-182.89,-276.91,100,-100
31.95246983,1000,-3.025001,4.479421667,51.90520517,259.336,20.9,-105.397,-183.76,-282.03,100,-100
32.37348986,1000,-5.03335,4.479359833,51.90519883,258.301,20.9,-188.703,-184.47,-286.27,100,-100
32.79132986,1000,-7.15001,4.479294833,51.905192,256.727,20.9,-258.545,-185.23,-290.67,100,-100
33.21320987,1000,-9.024995,4.479237333,51.9051855,254.916,20.8,-322.958,-185.98,-294.71,100,-100
33.64946985,1000,-11.00001,4.47916,51.905176,252.563,20.6,-393.419,-187.09,-299.91,100,-100
34.07147002,1000,-13.60002,4.4790995,51.905167,248.749,20.4,-488.243,-188.18,-304.15,100,-100
34.49322987,1000,-15.591695,4.479041333,51.90515683,245.267,20.2,-562.186,-189.35,-307.96,100,-100
34.91233993,1000,-17.5917,4.478984667,51.905145,241.274,19.8,-636.306,-190.76,-311.8,100,-100
35.33572984,1000,-19.600035,4.478918833,51.905128,236.792,19.3,-709.718,-192.82,-316.34,100,-100
35.75682998,1000,-22.03334,4.478868,51.905112,230.663,18.9,-797.514,-194.72,-319.73,100,-100
36.17582989,1000,-24.150035,4.478818,51.90509267,224.761,18.3,-868.733,-196.93,-322.97,100,-100
36.60267997,1000,-26.066705,4.478777,51.9050735,219.05,17.7,-914.468,-199.16,-325.66,100,-100
37.04683995,1000,-28.033355,4.4787295,51.90504567,212.996,17,-937.842,-202.42,-328.81,100,-100
37.47661996,1000,-30.566655,4.478697833,51.9050225,204.983,16.4,-952.295,-204.99,-330.77,100,-100
37.89839983,1000,-32.608275,4.4786705,51.90499717,198.48,15.8,-958.25,-207.78,-332.46,100,-100
38.33438993,1000,-34.549935,4.478644167,51.9049655,192.211,15.2,-962.568,-211.36,-334.09,100,-100
38.75835991,1000,-35,4.478628667,51.9049395,184.046,14.7,-961.629,-214.26,-335,100,-100
39.17701983,1000,-35,4.478618,51.90491233,177.398,14.3,-952.216,-217.28,-335.59,100,-100
39.60409999,1000,-35,4.478612667,51.90488717,171.276,14,-938.84,-220.04,-335.82,100,-100
40.04069996,1000,-35,4.478612333,51.9048545,164.946,13.7,-921.308,-223.58,-335.69,100,-100
40.46991992,1000,-35,4.478616667,51.90483067,159.187,13.6,-905.739,-226.34,-335.25,100,-100
40.89384985,1000,-34.875015,4.478625833,51.90480483,151.288,13.4,-889.082,-229.01,-334.54,100,0
41.31557989,1000,-33.075035,4.4786385,51.90478183,145.484,13.3,-872.741,-231.68,-333.52,100,0
41.75186992,1000,-30.58342,4.4786595,51.90475417,138.372,13.3,-845.093,-234.7,-331.92,100,0
42.16907001,1000,-28.5418,4.478681167,51.90473267,132.679,13.4,-820.121,-236.97,-330.36,100,0
42.59030986,1000,-26.66678,4.478704167,51.90471433,127.687,13.5,-772.202,-239.01,-328.64,100,0
43.01220989,1000,-24.57511,4.4787335,51.90469517,122.525,13.8,-708.449,-241.07,-326.53,100,0
43.43493986,1000,-22.533455,4.478773667,51.90467383,117.934,14.1,-646.151,-242.89,-324.28,100,0
43.8645699,1000,-20.141765,4.478806667,51.9046595,113.069,14.5,-574.148,-244.88,-321.3,100,0
44.28110981,1000,-18.1251,4.478844833,51.9046455,109.407,14.9,-510.136,-246.36,-318.62,80,0
44.70275998,996.563,-16.17511,4.478884,51.90463333,106.318,15.3,-448.06,-247.74,-315.64,80,0
45.1280899,923.653,-14.08344,4.47894,51.90461917,103.412,15.7,-376.861,-248.86,-312.76,80,0
45.54392982,863.074,-11.67509,4.478982667,51.90461017,101.121,16,-304.605,-250.13,-308.86,80,0
45.98786998,800,-9.56676,4.479031,51.90460133,98.9684,16.1,-213.654,-251.03,-305.54,80,0
46.41503,800,-7.541765,4.479078333,51.90459417,97.765,16.1,-141.186,-251.79,-302.32,80,0
46.84405994,800,-5.15011,4.479134667,51.90458667,97.0854,16.1,-76.6134,-252.58,-298.39,80,0
47.31446004,800,-3.066763,4.479184,51.904581,96.7914,16.2,7.31759,-253.19,-294.98,80,20
47.75146985,800,-0.6167595,4.479242333,51.904575,97.1438,16.3,63.2765,-253.84,-290.99,80,30
48.18372989,800,1.441573,4.479292,51.90457017,97.858,16.3,128.483,-254.37,-287.53,80,35
48.60620999,800,3.483242,4.479341333,51.9045655,98.8777,16.4,169.9,-254.87,-284.2,80,40
49.03605986,800,5.374915,4.479399333,51.90456017,100.055,16.4,203.181,-255.47,-280.15,80,40
49.47580981,800,7.41657,4.479449167,51.90455567,101.565,16.4,241.468,-255.99,-276.67,80,40
49.89776993,800,9.899925,4.479496833,51.904551,103.78,16.4,297.624,-256.51,-273.47,80,40
50.34303999,800,11.93325,4.4795585,51.90454433,105.984,16.3,351.375,-257.13,-270.02,80,25
50.76601982,800,11.44157,4.479604667,51.9045385,108.902,16.3,323.066,-257.99,-266.06,80,15
51.18774986,800,9.416575,4.4796525,51.90453117,110.799,16.2,236.57,-258.84,-262.84,80,15
51.60833001,800,7.37492,4.4797,51.90452267,112.123,16.2,153.46,-259.85,-259.51,80,15
52.02936983,800,5.60826,4.479741667,51.90451433,112.836,16.2,84.4424,-260.91,-256.34,80,15
52.47247982,800,5.25,4.479801,51.90450167,113.437,16.3,68.7524,-262.26,-252.52,80,15
52.89429998,800,5.25,4.479847833,51.90449117,113.931,16.3,77.0953,-263.43,-249.37,80,15
53.33134985,800,5.25,4.4799065,51.9044775,114.496,16.4,87.0242,-264.68,-246.09,80,25
53.75524998,800,6.62501,4.47995,51.904467,115.339,16.4,142.806,-266.16,-242.29,80,25
54.17146993,800,8.674995,4.479996833,51.9044555,116.587,16.4,220.049,-267.48,-239.03,80,30
54.59329987,800,10.383345,4.480040333,51.90444433,118.215,16.4,282.317,-268.72,-236.06,80,30
55.03238988,800,10.5,4.480097833,51.90442867,120.167,16.3,283.493,-270.1,-233,40,30
55.47093987,766.251,10.5,4.4801395,51.90441633,122.431,16.2,273.938,-271.95,-229.25,40,30
55.89276981,708.826,10.5,4.480173,51.90440567,123.831,16.1,264.786,-273.51,-226.33,40,30
56.32973003,634.78,10.5,4.480226,51.9043875,125.999,15.8,247.942,-275.2,-223.39,40,35
56.74100995,590.376,10.633315,4.480274333,51.9043695,127.637,15.5,239.051,-276.87,-220.66,40,35
57.17027998,504.145,12.25,4.4803135,51.90435417,129.792,15.2,292.182,-278.94,-217.49,40,40
57.59745002,458.035,13.45834,4.480352167,51.90433783,131.893,14.9,328.613,-280.77,-214.86,40,30
58.03013992,400,13.391665,4.480394333,51.90431867,133.948,14.7,334.917,-282.98,-211.94,40,20
58.46808004,400,10.791655,4.480429333,51.90430133,136.493,14.6,246.088,-284.9,-209.64,40,10
58.89018989,400,8.76666,4.480462167,51.9042835,137.902,14.5,173.217,-286.98,-207.34,40,5
59.31213999,400,6.783315,4.480493333,51.9042655,138.82,14.4,104.025,-288.94,-205.29,40,0
59.72477984,400,4.725,4.480524833,51.90424633,139.299,14.3,35.6044,-291.11,-203.12,40,0
60.15199995,400,2.274986,4.480561167,51.90422333,139.338,14.2,-22.3265,-293.66,-200.67,40,0
60.58659983,400,0.2666587,4.4805915,51.9042035,138.849,14.2,-86.6456,-295.87,-198.6,40,0
61.0290699,400,0,4.480626,51.9041805,138.307,14.1,-77.892,-298.44,-196.2,40,0
61.4456799,400,0,4.480654,51.904162,137.844,14.1,-56.4359,-300.55,-194.22,40,0
61.87173986,400,0,4.480683667,51.9041425,137.469,14,-36.1109,-302.65,-192.25,40,0
62.29350996,400,0,4.4807125,51.90412367,137.27,14,-23.7527,-304.74,-190.27,40,0
62.73380995,400,0,4.480741667,51.9041045,137.135,13.9,-16.8531,-306.83,-188.31,40,-5
63.14753985,400,-0.9583315,4.480776333,51.90408167,136.969,13.9,-25.8329,-309.43,-185.86,40,-5
63.57851982,400,-1.7499965,4.480805167,51.90406267,136.566,13.8,-63.8568,-311.5,-183.92,40,-5
64.00151992,400,-1.7499965,4.4808335,51.90404383,136.158,13.8,-57.4195,-313.65,-181.91,40,-5
64.44455981,400,-1.7499965,4.480867667,51.9040215,135.814,13.7,-49.8265,-316.14,-179.57,40,0
64.87709999,400,-0.916664,4.4808965,51.90400267,135.473,13.6,-16.0466,-318.25,-177.55,40,5
65.29885983,400,1.0000025,4.4809235,51.90398517,135.579,13.6,47.6578,-320.18,-175.69,40,5
65.72082996,400,1.75,4.480952833,51.90396667,136.039,13.5,70.5007,-322.18,-173.74,40,5
66.16597986,400,1.75,4.480988667,51.90394383,136.595,13.5,62.0028,-324.75,-171.24,40,0
66.58767986,400,0.541667,4.4810155,51.90392667,136.876,13.4,16.0761,-326.66,-169.41,40,0
67.01448989,400,0,4.4810495,51.9039045,136.851,13.4,-11.6009,-328.65,-167.52,40,0
67.49358988,400,-0.008333325,4.481077333,51.9038865,136.729,13.3,-16.5433,-331.13,-165.16,40,-10
67.91384983,400,-1.6000005,4.4811105,51.90386467,136.506,13.2,-57.9801,-333.2,-163.22,40,-10
68.34239984,400,-3.3666675,4.4811385,51.90384617,135.975,13.2,-101.138,-335.6,-160.98,40,-10
68.75592995,400,-3.5,4.481165667,51.903828,135.308,13.1,-90.9584,-337.65,-159.06,40,-10
69.17770004,400,-3.5,4.481191667,51.903811,134.63,13,-75.1282,-339.52,-157.29,40,-10
69.59947991,400,-3.5,4.481219,51.90379333,134.157,13,-64.8158,-341.45,-155.45,40,-10
70.02149987,400,-3.5,4.4812455,51.90377617,133.756,12.9,-56.9523,-343.37,-153.6,40,-10
70.44080997,400,-3.5,4.481278167,51.90375533,133.384,12.8,-51.3215,-345.73,-151.29,40,-10
70.85301995,400,-3.5,4.4813055,51.90373817,133.067,12.8,-48.3561,-347.6,-149.45,40,-10
71.27635002,400,-3.5,4.481333167,51.903721,132.66,12.7,-47.0873,-349.52,-147.53,40,-10
71.69646001,400,-3.5,4.481360167,51.90370433,132.344,12.6,-46.9988,-351.35,-145.68,40,-10
72.11383986,400,-3.5,4.481392,51.90368483,132.06,12.5,-46.5365,-353.09,-143.92,40,-10
72.54576993,400,-3.5,4.481418833,51.90366867,131.744,12.4,-45.0661,-355.33,-141.63,40,-10
72.98274994,400,-3.5,4.481444833,51.90365317,131.386,12.4,-42.1007,-357.09,-139.79,40,-10
73.41852999,400,-3.5,4.481473167,51.90363633,131.098,12.3,-39.1157,-358.84,-137.96,40,-20
73.84500003,400,-3.941665,4.4815065,51.90361683,130.835,12.2,-46.4136,-361.07,-135.6,40,-20
74.26811981,400,-6.350015,4.481531667,51.903602,130.204,12.1,-111.057,-362.72,-133.87,40,-20
74.68934989,400,-7,4.481558833,51.90358617,129.32,12,-131.608,-364.48,-131.99,40,-20
75.11115003,400,-7,4.481585333,51.903571,128.443,11.9,-128.736,-366.14,-130.18,40,-20
75.55218983,400,-7,4.481617167,51.90355317,127.429,11.8,-122.717,-368.1,-127.99,40,-20
75.97435999,400,-7,4.481644,51.9035385,126.64,11.7,-112.744,-369.69,-126.18,40,-20
76.39612985,400,-7,4.4816705,51.9035245,125.907,11.6,-105.667,-371.3,-124.28,40,-20
76.81501985,400,-7,4.481702833,51.90350783,125.245,11.5,-101.123,-372.74,-122.53,40,-20
77.24887991,400,-7,4.48173,51.90349417,124.564,11.4,-99.5792,-374.58,-120.25,40,-25
77.66369987,400,-8.20834,4.481757,51.90348083,123.866,11.3,-113.177,-376.08,-118.35,40,-30
78.08545995,400,-9.916655,4.481782667,51.9034685,122.702,11.1,-169.018,-377.43,-116.62,40,-30
78.50988984,400,-10.616655,4.481809333,51.90345567,121.462,11,-188.035,-378.86,-114.74,40,-40
78.93571997,400,-12.92501,4.481841833,51.90344083,119.716,10.8,-227.342,-380.46,-112.56,40,-40
79.35107994,400,-14,4.481866833,51.90342967,118.081,10.7,-263.537,-381.73,-110.77,40,-40
79.77698994,400,-14,4.481893833,51.90341833,116.297,10.5,-254.331,-382.93,-108.97,40,-40
80.22175002,400,-13.933325,4.481925333,51.90340583,114.612,10.3,-244.34,-384.1,-107.09,40,-5
80.64573002,400,-11.74166,4.481953,51.90339567,112.794,10.2,-200.024,-385.41,-104.82,40,15
81.05796003,400,-9.77501,4.481979,51.90338683,111.743,10,-134.935,-386.34,-103.07,40,15
81.47811985,400,-7.791665,4.482005,51.90337867,111.021,9.9,-85.9178,-387.26,-101.25,40,15
81.91639996,400,-5.80832,4.482031333,51.90337067,110.603,9.8,-39.9566,-388.12,-99.42,40,-5
82.33094001,400,-3.84167,4.482057333,51.90336317,110.478,9.7,1.64006,-388.95,-97.61,40,-10
82.75677991,400,-3.4749995,4.482090833,51.903354,110.608,9.6,7.9446,-389.95,-95.35,40,-10
83.18244004,400,-3.4583325,4.482118,51.9033465,110.619,9.5,-3.00965,-390.78,-93.48,40,0
83.60794997,400,-1.791664,4.482144167,51.9033395,110.652,9.5,19.8972,-391.55,-91.69,40,0
84.06035995,400,0,4.482175833,51.90333117,110.97,9.4,52.0026,-392.46,-89.53,40,0
84.47679996,400,0,4.4822025,51.90332433,111.228,9.4,47.3062,-393.24,-87.68,40,0
84.89868999,400,0,4.482228167,51.9033175,111.597,9.3,41.3754,-393.98,-85.91,40,0
85.32081985,400,0,4.482253167,51.90331117,111.852,9.3,37.124,-394.69,-84.22,40,-5
85.76848984,400,-1.633331,4.482284333,51.903303,112.03,9.2,-1.76055,-395.62,-82.04,40,-5
86.19014001,400,-1.7499965,4.482309667,51.90329617,111.973,9.2,-11.4952,-396.37,-80.3,40,-5
86.61208987,400,-1.8333315,4.4823355,51.90328933,111.88,9.1,-16.3269,-397.11,-78.57,40,-10
87.03397989,400,-3.399998,4.482365667,51.90328117,111.669,9.1,-48.511,-398.04,-76.42,40,-10
87.46637988,400,-3.5,4.482392,51.90327417,111.338,9.1,-49.6421,-398.82,-74.64,40,-10
87.90935993,400,-3.5,4.482421667,51.90326633,110.942,9,-43.4408,-399.55,-72.93,40,5
88.33078003,400,-2.3583315,4.482447333,51.90325967,110.711,9,-20.6004,-400.24,-71.29,40,5
88.77691984,400,0.2083347,4.482472833,51.90325317,110.772,9,34.225,-401.14,-69.08,40,5
89.22000003,400,1.716666,4.4825025,51.90324583,111.098,8.9,66.4189,-401.76,-67.51,40,0
89.63697004,400,0.3000004,4.4825285,51.90323933,111.501,8.9,38.7616,-402.5,-65.66,40,0
90.07728982,400,0,4.482553333,51.90323317,111.727,8.9,20.9446,-403.36,-63.54,40,0
90.49897003,400,0,4.482576333,51.90322733,111.836,8.9,14.1114,-404.02,-61.92,40,0
90.92088985,400,0,4.482602,51.90322083,111.911,8.9,7.53889,-404.71,-60.23,40,0
91.34580994,400,0,4.482631833,51.90321333,111.948,8.8,4.80709,-405.58,-58.13,40,0
91.77865982,400,0,4.482657167,51.90320683,111.991,8.8,5.68244,-406.29,-56.38,40,0
92.20052981,400,0,4.482681833,51.90320067,112.035,8.8,7.59298,-406.98,-54.7,40,0
92.62235999,400,0,4.482706,51.9031945,112.09,8.8,8.49539,-407.67,-53.03,40,0
93.04951,400,0,4.482735667,51.903187,112.154,8.8,6.86762,-408.49,-51.01,40,0
93.46518993,400,0,4.482759833,51.90318083,112.192,8.8,5.13657,-409.18,-49.34,40,0
93.88329983,400,0,4.4827835,51.90317483,112.214,8.7,2.34822,-409.86,-47.67,40,0
94.30523992,400,0,4.482809,51.90316833,112.225,8.7,1.09666,-410.57,-45.94,40,0
94.72342992,400,0,4.482832833,51.90316233,112.232,8.7,1.02043,-411.23,-44.35,40,0
95.15365982,400,0,4.482862667,51.90315467,112.243,8.7,1.65236,-412.08,-42.28,40,0
95.56660986,400,0,4.4828865,51.90314867,112.257,8.7,2.62361,-412.76,-40.62,40,0
95.98844004,400,0,4.482910333,51.90314267,112.276,8.7,3.15964,-413.44,-38.96,40,0
96.41049004,400,0,4.482935333,51.90313633,112.298,8.7,2.94326,-414.14,-37.24,40,0
96.83152986,400,0,4.4829645,51.90312883,112.314,8.7,1.76301,-414.96,-35.25,40,0
97.27015996,400,0,4.4829885,51.90312283,112.319,8.7,-0.449973,-415.64,-33.6,80,0
97.69227004,410.226,0,4.483012167,51.90311683,112.313,8.7,-1.13846,-416.32,-31.95,80,0
98.11398983,419.54,0,4.4830355,51.90311083,112.306,8.7,-0.634388,-417,-30.3,80,0
98.53954983,437.046,0,4.483067,51.90310283,112.308,8.7,1.01551,-417.85,-28.23,80,0
98.98414993,445.55,0,4.483090333,51.90309683,112.318,8.7,1.98431,-418.53,-26.57,80,-30
99.41157985,460.439,-1.225,4.483114333,51.90309083,112.294,8.8,-17.7825,-419.22,-24.91,80,-30
99.8542099,472.104,-3.750005,4.483145,51.90308283,111.931,8.8,-68.2336,-420.1,-22.82,80,-30
100.2758999,486.713,-5.708325,4.483168833,51.9030765,111.361,8.9,-106.044,-420.83,-21.14,80,-30
100.6976099,498.48,-7.72499,4.483193667,51.90306983,110.519,9,-143.322,-421.57,-19.44,80,-25
101.12326,507.188,-9.024995,4.483219667,51.90306283,109.395,9.1,-169.057,-422.34,-17.67,80,-25
101.5636699,525.084,-8.75,4.48325,51.90305483,108.112,9.2,-151.336,-423.21,-15.57,80,-25
101.9869099,533.933,-8.75,4.483275333,51.9030485,107.141,9.3,-142.575,-423.92,-13.8,80,-15
102.4087799,548.64,-7.34167,4.483301167,51.90304217,106.276,9.4,-109.373,-424.61,-12,80,-15
102.8420899,560.298,-5.25833,4.483334667,51.90303467,105.612,9.6,-60.8939,-425.44,-9.69,80,-10
103.25998,574.948,-4.775015,4.483361167,51.903029,105.283,9.7,-43.608,-426.08,-7.8,80,-10
103.6841099,586.701,-3.3833345,4.483389167,51.90302317,105.116,9.9,-11.6698,-426.72,-5.87,80,-5
104.1033499,595.406,-1.8499985,4.483417333,51.9030175,105.128,10.1,17.9965,-427.34,-3.91,80,0
104.52141,610.651,-1.5583295,4.483453,51.90301067,105.258,10.2,17.3694,-427.99,-1.81,80,0
104.9341199,622.418,-0.03333274,4.483484667,51.90300467,105.473,10.4,46.2857,-428.62,0.24,80,0
105.35673,636.929,0,4.483514167,51.90299917,105.823,10.7,40.5615,-429.39,2.77,80,0
105.78088,648.314,0,4.483544,51.9029935,106.053,10.9,32.9415,-430.04,4.92,80,-10
106.20294,657.207,-1.1666655,4.483577667,51.90298717,106.221,11.1,2.24986,-430.74,7.2,80,-10
106.6252999,672.351,-3.1000025,4.483609167,51.90298117,106.057,11.4,-52.0542,-431.44,9.43,80,-10
107.0388,684.018,-3.5,4.48365,51.90297317,105.628,11.6,-67.7074,-432.13,11.6,80,-10
107.4615998,698.704,-3.5,4.483683333,51.90296667,105.181,11.9,-67.7,-433.03,14.51,80,-10
107.88361,710.489,-3.5,4.483717333,51.90296033,104.633,12.1,-63.3699,-433.78,16.99,80,-10
108.3194599,719.33,-3.5,4.483753,51.90295367,104.223,12.4,-57.6727,-434.51,19.42,80,-20
108.7590899,736.772,-4.441675,4.4837975,51.9029455,103.737,12.7,-74.2701,-435.39,22.43,80,-20
109.1763399,745.762,-6.45001,4.483834333,51.90293883,103.054,12.9,-130.005,-436.13,24.98,80,-20
109.5981798,760.412,-7,4.4838715,51.90293217,102.09,13.1,-148.737,-436.87,27.57,80,-20
110.0200498,771.953,-7,4.483909,51.90292583,101.119,13.4,-147.989,-437.59,30.22,80,-20
110.4440598,780.92,-7,4.483958333,51.90291783,100.125,13.7,-147.242,-438.48,33.73,80,-20
110.8683698,798.302,-7,4.4839965,51.90291217,98.9524,13.9,-143.686,-439.11,36.4,80,-20
111.29546,800,-7,4.484038,51.90290633,97.9943,14.2,-140.197,-439.73,39.24,80,-20
111.7172799,800,-7,4.484082,51.90290067,97.0209,14.4,-136.966,-440.34,42.26,80,-20
112.14937,800,-7,4.484131667,51.90289483,95.963,14.6,-135.683,-441,45.83,80,-20
112.5703499,800,-7,4.484176167,51.90289,95.0271,14.8,-137.593,-441.49,48.84,80,-20
112.9972,800,-7,4.484219333,51.90288583,94.1176,15,-141.21,-441.95,51.88,80,-20
113.4190199,800,-7,4.484266333,51.90288183,93.1077,15.1,-144.97,-442.37,55.09,80,-20
113.85414,800,-7,4.484322833,51.90287767,91.8864,15.3,-146.487,-442.8,58.86,80,-20
114.2810099,800,-7,4.4843675,51.90287483,90.9347,15.4,-144.967,-443.1,62.01,80,-20
114.7116599,800,-7.091665,4.484414167,51.90287233,89.9585,15.5,-144.749,-443.35,65.19,80,-25
115.1436598,800,-8.75,4.484471333,51.90287,88.8421,15.6,-197.506,-443.6,69.18,80,-25
115.5722299,800,-8.75,4.484517833,51.9028685,87.1701,15.6,-203.164,-443.73,72.4,80,-10
115.99541,800,-7.54166,4.484566,51.90286783,85.8492,15.7,-165.885,-443.78,75.77,80,-5
116.44681,800,-5.549985,4.484624833,51.902868,84.9821,15.8,-95.1484,-443.74,79.01,80,5
116.8613799,800,-3.008327,4.484673167,51.90286883,84.5567,15.9,-5.90374,-443.6,83.1,80,5
117.2922499,800,-1.1083275,4.484718167,51.90287017,84.7196,16,56.4654,-443.43,86.25,80,10
117.7098598,800,0.9166745,4.484766333,51.90287183,85.3052,16.1,115.97,-443.22,89.69,80,0
118.1482599,800,2.291674,4.484827833,51.90287433,86.2502,16.2,145.309,-442.96,93.84,80,0
118.566,800,0.14166985,4.484874,51.902876,86.9583,16.3,32.2874,-442.79,97.05,80,0
118.9876699,800,0,4.484925667,51.9028775,87.0804,16.3,9.62155,-442.61,100.54,80,0
119.4094598,800,0,4.484973167,51.902879,87.1112,16.4,0.484397,-442.45,103.77,80,0
119.82932,800,0,4.485034333,51.90288083,87.099,16.5,-3.01457,-442.28,107.3,80,0
120.2464099,800,0,4.485083333,51.90288233,87.083,16.5,-1.19747,-442.08,111.4,80,0
120.66733,800,0,4.4851335,51.90288383,87.0917,16.6,3.36619,-441.91,114.95,80,0
121.0942199,800,0,4.485183833,51.90288533,87.1261,16.6,6.50371,-441.74,118.37,80,0
121.51613,800,0,4.4852325,51.90288683,87.1713,16.7,6.80123,-441.57,121.79,80,0
121.9416699,800,0,4.485293833,51.90288867,87.2086,16.7,4.17762,-441.37,125.94,80,0
122.37305,800,0,4.4853445,51.90289033,87.2241,16.7,-0.440137,-441.2,129.38,80,0
122.7927699,800,0,4.485394333,51.90289167,87.213,16.8,-2.48592,-441.03,132.83,80,0
123.2292299,800,0,4.485456333,51.90289367,87.1965,16.8,-2.24986,-440.87,136.28,80,0
123.66659,800,0,4.485506,51.90289517,87.1851,16.8,-0.299982,-440.66,140.6,80,0
124.0885599,800,0,4.485558167,51.90289667,87.1899,16.8,1.63761,-440.49,144.06,80,0
124.5103998,800,0,4.485607667,51.90289817,87.2055,16.9,2.92113,-440.31,147.67,80,0
124.9318299,800,0,4.485670667,51.9029,87.2251,16.9,2.55968,-440.15,150.99,80,0
125.34711,800,0,4.485720167,51.9029015,87.236,16.9,0.627011,-439.94,155.33,80,0
125.77492,800,0,4.4857715,51.90290317,87.2297,16.9,-1.88595,-439.76,158.94,80,0
126.1968398,800,0,4.485821333,51.90290467,87.2158,16.9,-2.0384,-439.6,162.27,80,0
126.6187,800,0,4.485870833,51.902906,87.2051,16.9,-1.1778,-439.43,165.74,80,0
127.04565,800,0,4.485934333,51.902908,87.2,16.9,-0.243428,-439.22,170.09,80,0
127.4765098,800,0,4.4859835,51.9029095,87.2036,16.9,0.887651,-439.05,173.56,80,0
127.8982599,800,0,4.486034833,51.902911,87.213,16.9,1.61548,-438.88,177.04,80,0
128.3185499,800,0,4.486088,51.90291267,87.2243,16.9,1.50729,-438.71,180.66,80,0
128.7434399,800,0,4.486147833,51.90291433,87.2314,16.9,0.816344,-438.5,185.01,80,0
129.2262599,800,0.033333335,4.486212,51.90291633,87.2318,16.9,-0.383583,-438.33,188.35,80,15
129.6612899,800,2.1416675,4.486261833,51.902918,87.4774,16.9,70.9137,-438.1,192.7,80,15
130.08304,800,4.16668,4.486313167,51.90291983,88.177,16.9,134.643,-437.89,196.18,80,15
130.50471,800,5.25,4.486363167,51.90292167,89.2102,16.9,162.096,-437.69,199.65,80,15
130.9283099,800,5.25,4.486427667,51.90292367,90.2571,16.9,146.499,-437.52,203.27,80,15
131.34799,800,5.25,4.486479333,51.90292483,91.1728,16.9,132.914,-437.37,207.6,80,15
131.7748499,800,5.25,4.4865255,51.90292567,92.1876,16.8,117.92,-437.3,210.92,80,15
132.2017999,800,5.25,4.486578833,51.90292617,92.9854,16.8,107.851,-437.26,214.53,80,15
132.6204898,800,5.25,4.486639833,51.90292617,93.6609,16.8,101.573,-437.28,217.84,80,15
133.0578198,800,5.25,4.486690167,51.90292567,94.4949,16.8,99.6358,-437.34,222.15,80,15
133.47981,800,5.25,4.486740667,51.902925,95.1701,16.8,101.578,-437.44,225.6,80,15
133.9015598,800,5.25,4.486789833,51.90292383,95.8449,16.8,104.266,-437.58,229.05,80,15
134.3283899,800,5.25,4.486854167,51.90292183,96.5796,16.7,106.105,-437.77,232.63,80,15
134.7498,800,5.25,4.486903833,51.90292,97.2743,16.7,105.468,-438.05,236.92,80,15
135.1664798,800,5.25,4.4869535,51.90291767,98.1417,16.7,102.503,-438.33,240.35,80,5
135.5801699,800,4.21666,4.487003167,51.902915,98.7562,16.7,65.846,-438.65,243.78,80,5
136.0019,800,2.1999985,4.487053667,51.90291167,98.9514,16.7,-6.97089,-439.03,247.19,80,5
136.4582598,800,1.75,4.487114667,51.90290733,98.8191,16.7,-19.9586,-439.52,251.33,80,-10
136.8808799,800,0.3333337,4.487163667,51.90290367,98.5796,16.8,-58.7719,-439.95,254.75,80,-15
137.30322,800,-1.6749985,4.4872135,51.90289967,97.9887,16.8,-115.562,-440.42,258.31,80,-20
137.7348499,800,-3.69999,4.487276333,51.90289433,97.049,16.8,-161.324,-440.89,261.73,80,-20
138.1689298,800,-6.175015,4.487325167,51.90289017,95.5108,16.8,-211.75,-441.47,265.86,80,-15
138.59781,800,-6.45001,4.487375,51.902886,94.047,16.8,-199.613,-441.93,269.43,80,-10
139.0341299,800,-4.34168,4.487436667,51.9028815,92.8347,16.8,-98.0228,-442.37,273.57,80,0
139.45172,800,-2.791663,4.487487667,51.9028785,92.503,16.8,-31.4243,-442.69,277.15,80,5
139.87784,800,-0.29166375,4.487537667,51.902876,92.6463,16.8,63.097,-442.95,280.6,80,0
140.3227398,800,0.03333421,4.487599,51.90287333,93.1634,16.8,70.0704,-443.18,283.9,80,0
140.7587399,800,0,4.487649667,51.90287117,93.6513,16.8,52.155,-443.51,288.36,80,0
141.17589,800,0,4.487699333,51.90286883,93.9137,16.8,31.8743,-443.75,291.67,80,0
141.59759,800,0,4.4877485,51.9028665,94.0776,16.8,18.8349,-444.02,295.13,80,0
142.03757,800,0,4.487811833,51.9028635,94.1686,16.9,8.7339,-444.35,299.46,80,0
142.4577599,800,0,4.487864667,51.902861,94.2083,16.9,4.31285,-444.63,303.06,80,0
142.87867,800,0,4.487914833,51.90285867,94.2437,16.9,4.54891,-444.89,306.53,80,0
143.3004799,800,0,4.487964333,51.90285633,94.2794,16.9,6.41273,-445.16,310,80,0
143.7170699,800,0,4.488024333,51.90285333,94.3246,16.9,7.89788,-445.42,313.33,80,0
144.12836,800,0,4.488078167,51.90285083,94.3801,16.9,6.92171,-445.7,316.95,80,0
144.56077,800,0,4.488128,51.9028485,94.4228,16.9,3.40307,-446.02,321.15,80,0
144.9874799,800,0,4.488178667,51.902846,94.435,17,0.206545,-446.3,324.77,80,0
145.4092798,800,0,4.488228,51.90284367,94.4269,17,-2.41953,-446.56,328.11,80,0
145.8243699,800,0,4.488291167,51.90284067,94.4083,17,-2.7318,-446.83,331.59,80,5
146.2697999,800,1.083334,4.488341833,51.90283817,94.4619,17,36.1896,-447.16,335.94,80,-10
146.6942799,800,0.541667,4.488391333,51.902836,94.7485,17,19.607,-447.42,339.43,80,-15
147.1275899,800,-1.4583345,4.4884545,51.90283283,94.6272,17,-54.4565,-447.79,343.78,80,-15
147.5399799,800,-3.550015,4.488507,51.90282983,94.0001,17,-123.138,-448.04,346.53,80,-15
147.97364,800,-5.25,4.488558,51.902827,92.7009,16.9,-168.981,-448.43,350.87,80,-15
148.4005198,800,-5.25,4.488608833,51.90282433,91.6258,16.9,-151.461,-448.71,354.34,80,-15
148.8224099,800,-5.25,4.488658667,51.90282217,90.6835,16.9,-134.913,-448.95,357.81,80,-15
149.25032,800,-5.25,4.488718167,51.90281983,89.6878,16.9,-118.385,-449.18,362,80,-15
149.6681299,800,-5.25,4.4887695,51.90281833,88.9196,16.9,-107.903,-449.32,365.46,80,-15
150.0924599,800,-5.25,4.48882,51.90281733,88.2215,16.8,-101.522,-449.43,368.93,80,-5
150.5145099,800,-3.87499,4.488882333,51.9028165,87.6644,16.8,-53.0427,-449.48,372.39,80,0
150.9378998,800,-1.8499985,4.4889335,51.9028165,87.5452,16.8,16.499,-449.47,376.71,80,0
151.36151,800,0,4.488982833,51.90281683,87.9813,16.8,74.5184,-449.43,380.18,80,0
151.7781498,800,0,4.489033167,51.90281717,88.4287,16.8,60.171,-449.39,383.64,80,0
152.19994,800,0,4.489083833,51.9028175,88.788,16.9,46.4136,-449.35,387.11,80,0
152.63394,800,0,4.489145667,51.902818,89.0568,16.9,31.5497,-449.31,390.73,80,-10
153.0727198,800,-0.791665,4.489196833,51.90281817,89.2115,16.9,-8.45359,-449.28,394.92,80,-25
153.4963498,800,-2.8916685,4.48925,51.90281833,88.8616,16.9,-88.1775,-449.28,398.54,80,-25
153.9208,800,-4.808335,4.489310667,51.90281817,88.1003,16.9,-149.189,-449.3,401.87,80,-25
154.3596499,800,-7.37499,4.489363,51.902818,86.5012,16.8,-208.999,-449.3,406.35,80,-25
154.78739,800,-8.74167,4.489409667,51.90281817,84.9816,16.8,-258.142,-449.27,409.66,80,-25
155.20909,800,-8.75,4.4894625,51.90281883,83.2272,16.7,-239.145,-449.17,413.1,80,-25
155.63678,800,-8.75,4.489523167,51.90282067,81.7202,16.7,-225.247,-448.92,417.39,80,-25
156.0655298,800,-8.75,4.489574833,51.902823,79.8536,16.6,-212.018,-448.63,420.8,80,-25
156.49227,800,-8.75,4.4896225,51.902826,78.5105,16.6,-205.372,-448.26,424.19,80,-25
156.9140599,800,-8.75,4.4896705,51.90282967,77.1809,16.5,-202.726,-447.81,427.56,80,-25
157.3299398,800,-8.75,4.489734167,51.9028355,75.7554,16.5,-203.363,-447.26,431.05,80,-25
157.7530198,800,-8.75,4.489781,51.90284083,74.0901,16.4,-205.891,-446.52,435.07,80,-25
158.1798198,800,-8.75,4.48983,51.90284683,72.6892,16.4,-207.199,-445.79,438.51,80,-25
158.6015399,800,-8.75,4.489878167,51.90285367,71.2978,16.4,-206.471,-445.01,441.8,80,-25
159.02636,800,-8.75,4.489936833,51.90286283,69.9386,16.4,-204.622,-444.19,444.92,80,-25
159.4452698,800,-8.75,4.489985667,51.9028715,68.6043,16.3,-202.436,-443.26,448.15,80,-25
159.8703399,800,-8.75,4.490029,51.90287983,66.9492,16.3,-200.501,-441.99,452.15,80,-25
160.2920699,800,-8.75,4.490077333,51.90288983,65.551,16.3,-200.904,-440.89,455.32,80,-25
160.7137499,800,-8.75,4.4901215,51.90289983,64.2516,16.3,-202.421,-439.72,458.46,80,-30
161.17801,800,-10.066665,4.490178667,51.9029135,62.4424,16.3,-248.26,-438.17,462.35,80,-35
161.6095099,800,-11.133325,4.490222833,51.902925,60.6838,16.2,-285.138,-436.85,465.41,80,-40
162.0558798,800,-13.200005,4.490277,51.90294017,58.4652,16.1,-345.331,-435.04,469.29,80,-65
162.5067298,800,-15.291675,4.490322167,51.90295383,55.2605,16,-431.834,-433.54,472.22,80,-75
162.9305198,800,-17.29168,4.490374,51.9029715,52.1562,15.7,-498.336,-431.53,475.74,80,-90
163.3504698,800,-19.26666,4.490413167,51.90298633,48.6722,15.5,-559.889,-429.8,478.41,80,-100
163.77632,800,-21.783335,4.490451,51.90300267,43.6592,15.2,-634.261,-427.96,480.93,80,-100
164.19804,800,-23.75835,4.490485667,51.90301967,39.3057,14.8,-687.061,-426.08,483.17,80,-100
164.6470799,800,-26.258365,4.4905255,51.90304233,33.3797,14.3,-730.514,-423.49,485.82,80,-100
165.07283,800,-28.29169,4.490554333,51.903062,28.3501,13.9,-752.364,-421.22,487.75,80,-100
165.49457,800,-30.29166,4.490579167,51.903082,23.2784,13.5,-768.317,-418.97,489.37,80,-100
165.9163299,800,-32.266605,4.4906005,51.90310233,18.1815,13.1,-779.395,-416.65,490.75,80,-100
166.3322299,800,-34.16658,4.490621833,51.90312767,13.222,12.6,-786.344,-413.81,492.1,80,-100
166.7604499,800,-35,4.4906365,51.90315,6.3238,12.2,-786.843,-411.44,492.96,80,-100
167.1902299,800,-35,4.490646667,51.90317117,1.17474,11.9,-776.621,-409.07,493.59,80,-90
167.6178899,800,-33.8667,4.490654833,51.903197,356.149,11.6,-761.806,-406.7,493.99,80,-70
168.0659699,800,-31.30008,4.490658167,51.903219,349.788,11.4,-728.297,-403.67,494.19,80,-55
168.4835598,800,-29.30011,4.490658167,51.90324,345.032,11.3,-698.692,-401.44,494.12,80,-50
168.91294,800,-27.30847,4.490655333,51.90326067,340.518,11.3,-655.741,-399.03,493.83,80,-40
169.33266,800,-25.29177,4.490647833,51.9032865,336.293,11.4,-601.832,-396.84,493.37,80,-30
169.7861099,800,-22.875125,4.490639,51.90330617,331.697,11.5,-539.24,-394.01,492.53,80,-15
170.2081699,800,-20.8418,4.490627167,51.90332667,328.223,11.7,-485.685,-391.76,491.65,80,-15
170.64678,800,-18.81677,4.490608833,51.903352,325.132,12,-430.066,-388.9,490.28,80,-10
171.0706899,800,-16.275105,4.4905915,51.90337217,321.78,12.3,-361.709,-386.7,489.04,80,-5
171.4923098,800,-14.300125,4.4905725,51.9033915,319.571,12.6,-309.09,-384.61,487.72,80,0
171.9089799,800,-12.29179,4.490551167,51.903411,317.682,12.9,-255.221,-382.36,486.14,80,0
172.3246598,800,-10.291785,4.490522333,51.903435,316.162,13.2,-200.752,-380.3,484.58,80,0
172.76735,800,-7.76678,4.490496667,51.90345467,314.764,13.5,-130.989,-377.54,482.3,80,0
173.1942,800,-5.783435,4.490470333,51.9034735,314.086,13.8,-74.4545,-375.41,480.43,80,0
173.6147399,800,-3.80842,4.490442667,51.9034925,313.782,14.1,-17.1531,-373.37,478.56,80,0
174.0310299,800,-1.850093,4.490407,51.90351617,313.853,14.4,38.2403,-371.23,476.54,80,0
174.4698398,800,0,4.490377,51.9035355,314.423,14.6,84.7818,-368.53,473.94,80,0
174.8915598,800,0,4.490344833,51.903556,314.944,14.9,64.7961,-366.24,471.72,80,0
175.31337,800,0,4.490314667,51.90357533,315.308,15.1,47.5053,-364.1,469.66,80,0
175.77721,800,0,4.490275833,51.90360033,315.62,15.3,29.3589,-361.27,466.94,80,-10
176.20736,800,-0.33333335,4.4902445,51.9036205,315.769,15.5,10.2977,-358.98,464.75,80,-35
176.63993,800,-2.291667,4.490204667,51.9036465,315.607,15.6,-59.239,-356.06,461.99,80,-45
177.05984,800,-4.824995,4.490172,51.903668,314.774,15.8,-136.339,-353.69,459.78,80,-45
177.48159,800,-6.79168,4.490140333,51.903689,313.697,15.8,-191.91,-351.31,457.55,80,-45
177.9282999,800,-8.90001,4.4901,51.90371533,312.133,15.9,-251.227,-348.35,454.73,80,-55
178.3567998,800,-11.408355,4.4900645,51.903738,310.386,15.9,-305.175,-345.93,452.34,80,-55
178.78141,800,-13.375005,4.4900315,51.90375817,307.436,15.8,-380.249,-343.66,450,80,-55
179.20314,800,-15.283345,4.489998667,51.90377717,304.837,15.7,-436.842,-341.57,447.7,80,-55
179.6413798,800,-17.391675,4.489952667,51.90380167,301.535,15.5,-498.619,-339.42,445.15,80,-65
180.07201,800,-19.87503,4.489916333,51.903819,297.124,15.3,-570.546,-337.05,441.99,80,-65
180.4943399,800,-21.84168,4.489879833,51.90383467,293.197,15,-627.474,-335.43,439.52,80,-70
180.91643,800,-23.841685,4.489842,51.90384883,288.842,14.7,-683.506,-333.93,436.89,80,-75
181.3420699,800,-26.05001,4.489794167,51.90386383,284.13,14.2,-720.556,-332.37,433.56,80,-75
181.7637398,800,-26.25,4.489755667,51.90387333,278.111,13.8,-737.09,-331.4,430.89,80,-75
182.18487,800,-26.25,4.489715333,51.903881,273.041,13.5,-725.946,-330.65,428.09,80,-35
182.6156199,800,-25.04999,4.489676667,51.90388617,268.35,13.2,-680.988,-330.18,425.52,80,-10
183.03633,800,-23.07501,4.489628167,51.90388967,264.108,13.1,-608.776,-329.92,422.72,80,-10
183.4528699,800,-20.558335,4.489589,51.90389033,259.361,13.1,-523.532,-329.9,419.46,80,-10
183.87026,800,-18.58332,4.489550333,51.90388917,256.134,13.2,-457.172,-330.1,416.76,80,5
184.3008399,800,-16.599975,4.4895115,51.9038865,253.334,13.3,-394.196,-330.47,414.05,80,-5
184.7889099,800,-14.124985,4.4894625,51.90388117,250.376,13.5,-320.725,-331.15,410.65,80,-5
185.21086,800,-12.224975,4.489425167,51.90387567,248.525,13.7,-266.423,-331.85,407.92,80,-5
185.6289098,800,-10.01665,4.489371333,51.90386617,246.782,13.9,-203.122,-332.71,405.07,80,0
186.0749099,800,-7.54999,4.489332,51.903858,245.418,14.2,-129.72,-333.89,401.62,80,0
186.50193,800,-5.599965,4.489292667,51.90384917,244.764,14.4,-70.5302,-334.9,398.97,80,0
186.9237199,800,-3.54165,4.489251167,51.903839,244.495,14.6,-8.74373,-336.06,396.06,80,0
187.37009,800,-1.0999765,4.489201667,51.90382633,244.709,14.9,60.2521,-337.5,392.66,80,0
187.79175,800,0,4.489158833,51.903815,245.263,15.1,83.4048,-338.78,389.69,80,0
188.21349,800,0,4.489118333,51.90380417,245.738,15.3,63.2027,-339.96,386.93,80,0
188.6340699,800,0,4.489065667,51.90379017,246.099,15.5,44.6924,-341.52,383.29,80,0
189.0628998,800,0,4.489024,51.90377917,246.387,15.6,27.2049,-342.78,380.34,80,0
189.4828799,800,0,4.488978833,51.90376733,246.54,15.7,19.9955,-344.1,377.24,80,0
189.9096999,800,0,4.488935833,51.903756,246.638,15.8,12.9336,-345.38,374.24,80,0
190.37918,800,0,4.488881,51.9037415,246.737,16,11.2714,-346.98,370.47,80,0
190.8009498,800,0,4.488839,51.9037305,246.808,16,10.8879,-348.22,367.56,80,0
191.2215199,800,0,4.488784833,51.90371633,246.881,16.1,10.0715,-349.57,364.38,80,0
191.65818,800,0,4.488738167,51.903704,246.952,16.2,7.64216,-351.2,360.54,80,0
192.0821099,800,0,4.4886955,51.90369283,246.984,16.3,3.28505,-352.45,357.59,80,0
192.5039198,800,0,4.488649167,51.90368067,246.996,16.3,0.334406,-353.76,354.49,80,0
192.9165599,800,0,4.4885925,51.90366583,246.993,16.4,-0.855686,-355.08,351.39,80,0
193.33322,800,0,4.488547333,51.903654,246.988,16.4,-0.354077,-356.4,348.27,80,0
193.7511199,800,0,4.488501667,51.903642,246.991,16.5,1.51466,-358.1,344.24,80,0
194.17977,800,0,4.488455833,51.90363,247.015,16.5,3.72764,-359.43,341.11,80,0
194.6071699,800,0,4.488410333,51.903618,247.04,16.6,3.45225,-360.76,337.98,80,0
195.0280399,800,0,4.488355167,51.90360367,247.057,16.6,1.70154,-362.03,334.97,80,0
195.4568698,800,0,4.488309667,51.90359167,247.061,16.6,-0.570457,-363.7,331.04,80,0
195.8787899,800,0,4.488263833,51.90357967,247.047,16.6,-2.47854,-365.03,327.88,80,0
196.3004699,800,0,4.488217333,51.9035675,247.03,16.6,-2.10479,-366.37,324.73,80,0
196.7312999,800,0,4.48816,51.9035525,247.021,16.7,-0.432761,-367.71,321.57,80,0
197.1568799,800,0,4.488115667,51.90354083,247.024,16.7,1.32779,-369.43,317.49,80,0
197.5786099,800,0,4.488069833,51.90352883,247.043,16.7,2.75393,-370.72,314.46,80,0
198.00036,800,0,4.488023167,51.90351667,247.061,16.7,2.26216,-372.06,311.29,80,0
198.4390099,800,0,4.487964667,51.90350133,247.07,16.7,0.373748,-373.74,307.33,80,0
198.85829,800,0,4.4879195,51.9034895,247.063,16.7,-1.88841,-375.08,304.16,80,0
199.2801099,800,0,4.487873333,51.90347733,247.048,16.7,-2.32117,-376.42,300.99,80,0
199.7121599,800,0,4.4878265,51.90346517,247.036,16.7,-1.19009,-377.82,297.68,80,0
200.1337399,800,0,4.487768167,51.90344983,247.033,16.8,0.383583,-379.17,294.51,80,0
200.55633,800,0,4.487721333,51.9034375,247.04,16.8,1.46549,-380.85,290.54,80,0
200.97808,800,0,4.487677833,51.90342617,247.052,16.8,1.41631,-382.14,287.5,80,0
201.3998799,800,0,4.487631667,51.90341417,247.059,16.8,0.540951,-383.48,284.32,80,0
201.82528,800,0,4.487573833,51.903399,247.058,16.8,-0.963876,-384.83,281.14,80,0
202.2463698,800,0,4.487527667,51.90338683,247.048,16.8,-1.75071,-386.57,277.04,80,0
202.67816,800,0,4.487479833,51.90337433,247.036,16.8,-0.668812,-387.91,273.86,80,0
203.0999498,800,0,4.487433833,51.90336233,247.036,16.8,0.698318,-389.26,270.68,80,0
203.52177,800,0,4.487378833,51.90334783,247.044,16.8,1.40647,-390.61,267.5,80,0
203.95699,800,0,4.487331833,51.9033355,247.055,16.8,1.02289,-392.24,263.65,80,0
204.37885,800,0,4.487285333,51.90332333,247.058,16.8,-0.186874,-393.58,260.47,80,0
204.8005998,800,0,4.487238667,51.90331117,247.053,16.8,-0.963876,-394.93,257.29,80,0
205.23404,800,0,4.4871805,51.90329583,247.047,16.8,-0.786838,-396.28,254.11,80,0
205.6672499,800,0,4.4871345,51.90328383,247.043,16.8,-0.255722,-397.96,250.13,80,0
206.08902,800,0,4.487087333,51.9032715,247.042,16.8,0,-399.37,246.81,80,0
206.51597,800,0,4.487043333,51.90326,247.043,16.8,0.491774,-400.71,243.63,80,0
206.9581599,800,0,4.486983667,51.90324433,247.047,16.8,0.481938,-402.4,239.65,80,0
207.3796899,800,0,4.486939167,51.90323267,247.049,16.8,-0.0786838,-403.69,236.6,80,0
207.80144,800,0,4.48689,51.90321983,247.047,16.8,-0.314735,-405.1,233.28,80,0
208.2228799,800,0,4.486846,51.90320817,247.046,16.8,0.00983547,-406.39,230.23,80,5
208.64466,800,1.349999,4.486787167,51.90319267,247.152,16.8,45.6759,-408.15,226.13,80,10
209.06515,800,2.850001,4.4867435,51.90318117,247.67,16.8,90.2109,-409.46,223.09,80,10
209.4869199,800,3.5,4.486696167,51.9031685,248.395,16.8,105.24,-410.83,219.92,80,10
209.9088099,800,3.5,4.486649667,51.90315617,249.067,16.8,94.0959,-412.18,216.75,80,10
210.34179,800,3.5,4.486593167,51.9031415,249.638,16.8,83.7195,-413.83,212.77,80,10
210.75862,800,3.5,4.486546667,51.90312967,250.288,16.7,70.6285,-415.13,209.58,80,10
211.1803,800,3.5,4.486499667,51.903118,250.735,16.7,62.2094,-416.45,206.24,80,10
211.6072199,800,3.5,4.486451667,51.90310633,251.145,16.7,57.4588,-417.7,203.04,80,10
212.0290899,800,3.5,4.486405667,51.90309533,251.52,16.7,57.2031,-418.93,199.83,80,10
212.44258,800,3.5,4.486348,51.90308183,251.893,16.7,59.1997,-420.14,196.61,80,10
212.8713698,800,3.5,4.4863005,51.903071,252.414,16.7,61.7569,-421.62,192.58,80,10
213.2931299,800,3.5,4.486254,51.90306067,252.822,16.7,61.393,-422.78,189.34,80,10
213.71224,800,3.5,4.486196833,51.90304817,253.212,16.7,59.4063,-423.87,186.24,80,10
214.1303,800,3.5,4.486159333,51.90304017,253.617,16.7,57.0162,-425.03,182.85,80,10
214.56305,800,3.675,4.486101,51.903028,254.08,16.7,55.4426,-426.39,178.78,80,15
214.9813399,800,5.20835,4.486053167,51.90301817,254.68,16.7,117.072,-427.43,175.66,80,15
215.3991799,800,5.25,4.486006333,51.90300867,255.459,16.7,117.229,-428.52,172.26,80,10
215.8234198,800,5.075,4.4859485,51.9029975,256.21,16.6,111.16,-429.49,169.12,80,10
216.2563598,800,3.4916665,4.485900833,51.90298883,256.823,16.6,47.1316,-430.68,165.01,80,-5
216.6755099,800,1.983331,4.485853833,51.90298067,257.001,16.6,-5.16362,-431.59,161.71,80,-5
217.0973399,800,-0.08333465,4.485803833,51.90297233,256.717,16.7,-76.1659,-432.46,158.39,80,-5
217.52193,800,-1.7166625,4.485754833,51.9029645,256.004,16.7,-123.986,-433.35,154.93,80,-10
217.96489,800,-3.241665,4.485693667,51.90295483,254.93,16.7,-136.762,-434.42,150.77,80,5
218.3833699,800,-2.083333,4.485649,51.90294767,254.16,16.7,-82.8245,-435.25,147.58,80,5
218.80158,800,1.21E-06,4.485599,51.90293933,253.933,16.7,14.3893,-436.17,144.27,80,0
219.2402399,800,0.400001,4.485539667,51.902929,254.242,16.7,56.6622,-437.33,140.12,80,0
219.67378,800,0,4.485489167,51.90292033,254.472,16.8,16.8875,-438.29,136.65,80,0
220.0956099,800,0,4.4854405,51.902912,254.566,16.8,10.5731,-439.21,133.32,80,0
220.5313199,800,0.0416668,4.485382833,51.90290217,254.611,16.8,4.83905,-440.32,129.29,80,20
220.9399099,800,2.150001,4.485335667,51.902894,254.791,16.8,57.6359,-441.27,125.95,80,20
221.3669,800,4.20833,4.485285667,51.90288517,255.579,16.8,133.644,-442.22,122.62,80,30
221.7835,800,6.208335,4.485237333,51.90287667,256.663,16.8,191.28,-443.18,119.29,80,30
222.21035,800,8.266685,4.485187833,51.902868,258.168,16.8,248.965,-444.15,115.83,80,30
222.6308599,800,10.216675,4.485126667,51.90285767,260.039,16.7,304.821,-445.04,112.51,80,30
223.0478799,800,10.5,4.485081667,51.90285067,262.469,16.6,297.021,-446,108.49,80,30
223.47212,800,10.5,4.485032167,51.902844,264.435,16.5,281.255,-446.69,105.15,80,30
223.8938198,800,10.5,4.484983333,51.9028385,266.284,16.5,269.649,-447.26,101.81,80,30
224.31567,800,10.5,4.4849345,51.90283383,268.068,16.4,261.742,-447.73,98.47,80,30
224.72736,800,10.5,4.484874,51.90282933,269.762,16.3,257.739,-448.1,95.13,80,30
225.1608498,800,10.5,4.484825667,51.90282683,271.928,16.3,257.807,-448.42,90.95,80,30
225.58129,800,10.5,4.484776667,51.90282517,273.674,16.2,259.479,-448.56,87.61,80,30
226.0209398,800,10.46668,4.484728167,51.9028245,275.409,16.2,260.365,-448.6,84.28,80,20
226.45105,800,8.41666,4.484669833,51.90282483,277.267,16.2,188.418,-448.49,80.12,80,5
226.8733699,800,6.32499,4.4846195,51.90282633,278.307,16.2,111.593,-448.29,76.79,80,5
227.2952399,800,4.324985,4.484571,51.90282867,278.818,16.2,40.5615,-448.01,73.46,80,5
227.7173898,800,2.29999,4.484522,51.9028315,278.856,16.3,-28.2376,-447.66,69.99,80,5
228.1626899,800,1.75,4.484464333,51.9028355,278.526,16.4,-37.2174,-447.2,65.95,80,0
228.5843499,800,1.191666,4.4844145,51.902839,278.313,16.4,-35.8503,-446.82,62.6,80,0
229.01173,800,0,4.484364333,51.90284267,277.918,16.5,-63.9404,-446.41,59.24,80,0
229.4312599,800,0,4.4843055,51.902847,277.579,16.5,-45.5677,-446.01,55.86,80,0
229.8665199,800,0,4.484252833,51.90285083,277.259,16.6,-27.6573,-445.49,51.49,80,0
230.2881398,800,0,4.4842045,51.90285433,277.105,16.6,-20.0939,-445.09,48.1,80,0
230.7294099,800,0,4.484145667,51.90285867,276.986,16.7,-15.9433,-444.61,43.98,80,0
231.1472499,800,0,4.484095,51.90286233,276.87,16.7,-13.3861,-444.21,40.57,80,0
231.56707,800,0,4.4840445,51.902866,276.79,16.7,-10.583,-443.81,37.15,80,0
231.9890199,800,0,4.483993833,51.90286967,276.727,16.8,-8.06509,-443.4,33.59,80,0
232.42068,800,0,4.483944333,51.90287317,276.683,16.8,-4.95708,-443,30.16,80,0
232.83549,800,0,4.483885167,51.9028775,276.661,16.8,-1.83923,-442.52,26.01,80,0
233.2495298,800.743,0,4.483832833,51.90288117,276.655,16.8,-0.422925,-442.1,22.42,100,0
233.6577199,809.035,0,4.483784833,51.90288467,276.65,16.9,-1.17042,-441.72,19.12,100,0
234.07952,823.892,0,4.483734167,51.90288817,276.637,16.9,-2.48837,-441.32,15.66,100,0
234.5013199,835.776,0,4.483683167,51.90289183,276.617,17,-3.25554,-440.92,12.2,100,0
234.95872,850.394,0,4.483619833,51.90289633,276.593,17.1,-2.3015,-440.42,7.84,100,0
235.3743598,862.418,0,4.483567833,51.90290017,276.583,17.2,-0.472103,-440.01,4.33,100,0
235.7960899,871.332,0,4.483516667,51.90290383,276.586,17.3,1.31795,-439.59,0.64,100,0
236.2307799,885.554,0,4.4834545,51.90290817,276.597,17.5,1.95726,-439.09,-3.67,100,0
236.65694,897.348,0,4.483401833,51.902912,276.609,17.6,0.609799,-438.67,-7.27,100,0
237.0838499,912.224,0,4.483348333,51.90291583,276.607,17.8,-1.09174,-438.25,-10.91,100,0
237.50561,924.192,0,4.483294167,51.90291967,276.596,18,-2.00644,-437.81,-14.74,100,0
237.9536099,938.409,0,4.483229333,51.90292433,276.58,18.2,-1.77038,-437.29,-19.23,100,0
238.3852499,950.264,0,4.483175167,51.90292817,276.572,18.4,-0.501609,-436.86,-22.99,100,0
238.81213,959.252,0,4.483119333,51.90293217,276.574,18.6,0.963876,-436.42,-26.8,100,0
239.2645199,976.942,0,4.48305,51.90293717,276.586,18.9,1.49499,-435.86,-31.61,100,0
239.6945798,985.332,0,4.482994833,51.902941,276.593,19.1,0.777002,-435.41,-35.51,100,0
240.1164498,1000,0,4.482934167,51.90294533,276.595,19.3,-0.275393,-434.94,-39.63,100,0
240.54915,1000,0,4.482862667,51.9029505,276.591,19.6,-0.983547,-434.36,-44.63,100,0
240.9696898,1000,0,4.482803,51.90295483,276.582,19.8,-0.93437,-433.89,-48.67,100,0
241.3914499,1000,0,4.482748167,51.90295867,276.578,20,-0.137697,-433.44,-52.58,100,0
241.8132598,1000,0,4.482688,51.902963,276.581,20.1,0.855686,-432.95,-56.86,100,0
242.2470698,1000,0,4.482610833,51.9029685,276.588,20.3,1.2196,-432.37,-61.86,100,0
242.6790299,1000,0,4.4825515,51.90297267,276.597,20.4,0.93437,-431.87,-66.2,100,0
243.1008198,1000,0,4.4824935,51.90297683,276.601,20.5,0.0786838,-431.4,-70.21,100,0
243.5502799,1000,0,4.482416,51.90298233,276.595,20.6,-1.43598,-430.8,-75.46,100,0
243.96822,1000,0,4.482352833,51.902987,276.584,20.6,-1.42614,-430.29,-79.85,100,0
244.3900199,1000,0,4.482291,51.90299133,276.577,20.7,-0.383583,-429.8,-84.08,100,0
244.8201799,1000,0,4.482217333,51.90299667,276.578,20.7,0.599964,-429.33,-88.15,100,0
245.2634099,1000,0,4.4821515,51.90300133,276.586,20.8,0.914699,-428.7,-93.64,100,0
245.6852899,1000,0,4.482093333,51.9030055,276.59,20.8,0.432761,-428.23,-97.72,100,0
246.1072099,1000,0,4.482029833,51.90301,276.591,20.9,-0.0590128,-427.73,-101.99,100,0
246.5326998,1000,0,4.481952667,51.9030155,276.59,20.9,-0.373748,-427.24,-106.26,100,0
246.94714,1000,0,4.481889333,51.90302,276.588,20.9,-0.3049,-426.73,-110.71,100,0
247.3764699,1000,0,4.481825833,51.9030245,276.586,21,-0.10819,-426.11,-116.07,100,0
247.7953999,1000,0,4.4817685,51.90302867,276.586,21,0.10819,-425.63,-120.18,100,0
248.21649,1000,0,4.481691,51.90303417,276.586,21,-0.0885192,-425.14,-124.47,100,0
248.6382799,1000,0,4.481626833,51.90303883,276.585,21,-0.245887,-424.52,-129.84,100,0
249.0529399,1000,0,4.481563667,51.90304333,276.584,21,-0.0196709,-424.02,-134.13,100,0
249.4747698,1000,0,4.481500833,51.90304783,276.583,21,-0.186874,-423.51,-138.61,100,0
249.8965099,1000,0,4.4814405,51.90305217,276.581,21,-0.481938,-423.03,-142.73,100,0
250.3174698,1000,0,4.481363167,51.90305767,276.578,21.1,-0.344241,-422.51,-147.22,100,0
250.7428,1000,0,4.481301,51.903062,276.578,21.1,0.324571,-421.91,-152.42,100,0
251.1610599,1000,0,4.481237167,51.90306667,276.585,21.1,1.34746,-421.41,-156.73,100,0
251.5786099,1000,0,4.481174,51.90307117,276.594,21.1,1.15075,-420.92,-161.04,100,0
252.0004299,1000,0,4.4811095,51.90307567,276.598,21.1,-0.000000005,-420.4,-165.54,100,0
252.4218299,1000,0,4.481046833,51.90308017,276.595,21.1,-0.914699,-419.92,-169.68,100,0
252.8547099,1000,0,4.480968667,51.90308583,276.588,21.2,-0.963876,-419.27,-175.26,100,0
253.28652,1000,0,4.480905667,51.90309033,276.583,21.2,-0.314735,-418.77,-179.59,100,0
253.70837,1000,0,4.480845,51.90309467,276.583,21.2,0.295064,-418.29,-183.74,100,0
254.1317999,1000,0,4.480765667,51.90310033,276.586,21.2,0.816344,-417.67,-189.15,100,0
254.5543199,1000,0,4.480702667,51.90310483,276.594,21.2,0.993383,-417.17,-193.49,100,0
254.98107,1000,0,4.480637167,51.9031095,276.599,21.2,0.314735,-416.65,-198,100,0
255.4028299,1000,0,4.480575333,51.90311383,276.598,21.2,-0.639306,-416.15,-202.34,100,0
255.8219299,1000,0,4.480501,51.90311917,276.593,21.2,-0.914699,-415.64,-206.68,100,0
256.2479699,1000,0,4.480436,51.90312383,276.587,21.2,-0.609799,-415.04,-211.92,100,0
256.6702499,1000,0,4.480372667,51.90312833,276.583,21.2,-0.265558,-414.54,-216.26,100,0
257.0921199,1000,0,4.480307833,51.903133,276.584,21.2,0.452432,-414.01,-220.78,100,0
257.5183799,1000,0,4.480230167,51.90313867,276.589,21.2,1.18026,-413.53,-224.94,100,0
257.9535198,1000,0,4.480167833,51.903143,276.598,21.3,1.22943,-412.89,-230.56,100,0
258.38551,1000,0,4.4801035,51.90314767,276.604,21.3,0.000000005,-412.4,-234.72,100,0
258.8075099,1000,0,4.480041,51.90315217,276.599,21.3,-1.31795,-411.9,-239.06,100,0
259.22927,1000,0,4.479960833,51.90315783,276.589,21.3,-1.61302,-411.38,-243.59,100,0
259.65906,1000,0,4.479897667,51.90316233,276.579,21.3,-0.442596,-410.75,-249.02,100,0
260.0790598,1000,0,4.479837833,51.90316667,276.58,21.3,0.708154,-410.27,-253.19,100,0
260.5008399,1000,0,4.479774167,51.90317117,276.588,21.3,1.53433,-409.77,-257.54,100,0
260.9263699,1000,0,4.479713,51.9031755,276.598,21.3,1.23927,-409.27,-261.88,100,0
261.3636,1000,0,4.479633833,51.90318117,276.603,21.3,-0.177038,-408.64,-267.32,100,0
261.7874,1000,0,4.479573833,51.9031855,276.598,21.3,-1.27861,-408.13,-271.67,100,0
262.2091398,1000,0,4.479509667,51.90319017,276.588,21.3,-1.60318,-407.63,-276.02,100,0
262.65135,1000,0,4.479426333,51.903196,276.579,21.3,-0.806509,-406.98,-281.63,100,0
263.0682099,1000,0,4.479366667,51.90320033,276.579,21.3,0.983547,-406.5,-285.8,100,0
263.49001,1000,0,4.479301667,51.903205,276.589,21.3,1.65236,-406,-290.15,100,0
263.9177198,1000,0,4.479225,51.90321033,276.599,21.3,1.09174,-405.5,-294.5,100,0
264.34881,1000,0,4.479160167,51.903215,276.602,21.3,0.0885192,-404.87,-299.94,100,0
264.7781398,1000,0,4.479094667,51.90321967,276.597,21.3,-1.18026,-404.35,-304.47,100,0
265.19996,1000,0,4.479034833,51.903224,276.588,21.3,-1.62285,-403.86,-308.64,100,0
265.63834,1000,0,4.4789535,51.90322983,276.578,21.3,-1.22943,-403.36,-312.99,100,0
266.05424,1000,0,4.4788925,51.90323417,276.575,21.3,0.599964,-402.73,-318.43,100,0
266.4790399,1000,0,4.4788275,51.90323883,276.583,21.3,1.71137,-402.23,-322.78,100,0
266.9008598,1000,0,4.478767333,51.90324317,276.594,21.3,1.30812,-401.73,-327.13,100,0
267.34253,1000,0,4.478685167,51.903249,276.598,21.3,-0.00983546,-401.1,-332.56,100,0
267.7611599,1000,0,4.478622333,51.9032535,276.593,21.3,-0.963876,-400.58,-337.1,100,0
268.18207,1000,0,4.478561833,51.90325783,276.585,21.3,-1.0524,-400.1,-341.27,100,0
268.60392,1000,0,4.4784965,51.9032625,276.58,21.3,-0.462267,-399.59,-345.62,100,0
269.02353,1000,0,4.4784195,51.903268,276.579,21.3,0.137697,-399.07,-350.15,100,0
269.4482899,1000,0,4.478354,51.90327267,276.581,21.3,0.422925,-398.44,-355.59,100,0
269.86725,1000,0,4.478290667,51.90327717,276.587,21.3,1.13108,-397.94,-359.94,100,0
270.2891099,1000,0,4.478229333,51.9032815,276.595,21.3,1.26878,-397.44,-364.29,100,0
270.71609,1000,0,4.4781495,51.90328733,276.6,21.3,0.0590128,-396.96,-368.46,100,0
271.1417599,1000,0.008333325,4.478086333,51.90329183,276.593,21.3,-1.53433,-396.31,-374.08,100,50
271.5552499,1000,1.4250005,4.478023833,51.90329617,276.73,21.3,34.2865,-395.84,-378.25,100,100
271.97949,1000,3.49167,4.477958167,51.9033005,277.424,21.3,140.047,-395.36,-382.78,100,100
272.40118,1000,5.44999,4.4778965,51.90330467,278.556,21.2,206.732,-394.92,-386.94,100,100
272.82002,1000,7.49168,4.477819667,51.90330983,280.192,21.1,274.518,-394.4,-391.45,100,100
273.2395699,1000,9.41668,4.477759167,51.9033145,282.154,21,340.504,-393.72,-396.63,100,100
273.66307,1000,11.975005,4.477692833,51.90332067,285.444,20.8,430.135,-393,-401.04,100,100
274.0848699,1000,13.96668,4.477632333,51.9033275,288.537,20.6,502.858,-392.15,-405.19,100,100
274.50667,1000,15.90834,4.4775745,51.90333567,292.027,20.3,576.664,-391.17,-409.08,100,100
274.9287698,1000,17.933335,4.477501,51.90334917,296.196,19.9,653.459,-389.94,-412.99,100,100
275.3515499,1000,20.375005,4.477448833,51.90336117,301.842,19.4,743.581,-388.08,-417.64,100,100
275.77086,1000,22.416695,4.477395667,51.90337633,307.168,18.8,815.213,-386.33,-421.1,100,100
276.1926398,1000,24.45002,4.477347,51.9033935,312.893,18.3,880.452,-384.34,-424.3,100,100
276.6231098,1000,26.37502,4.4773045,51.90341167,318.686,17.7,920.502,-382.14,-427.2,100,100
277.04635,1000,28.43337,4.477254167,51.90343883,325.129,16.9,940.95,-379.12,-430.36,100,100
277.4703,1000,30.83332,4.477222833,51.90346017,332.692,16.4,955.29,-376.63,-432.42,100,100
277.8918998,1000,32.933285,4.477193167,51.90348533,339.406,15.8,962.352,-373.8,-434.3,100,100
278.3209698,1000,34.724935,4.477165167,51.90351617,345.518,15.3,967.899,-371.01,-435.74,100,100
278.7351499,1000,35,4.477148333,51.9035415,351.893,14.7,966.207,-368.17,-436.84,100,100
279.15572,1000,35,4.477136667,51.90356633,359.991,14.3,949.974,-364.7,-437.71,100,100
279.5896699,1000,35,4.477129333,51.90359267,6.40238,14,933.699,-361.72,-438.08,100,100
280.01139,1000,35,4.477126667,51.90361883,12.6995,13.8,916.922,-358.88,-438.12,100,100
280.4618499,1000,35,4.47713,51.90365133,18.914,13.5,902.254,-355.3,-437.73,100,100
280.88359,1000,35,4.477136667,51.90367433,26.1238,13.4,888.466,-352.72,-437.14,100,100
281.3055899,1000,35,4.477148167,51.90369883,32.2424,13.3,881.761,-350.02,-436.22,100,100
281.72838,1000,35,4.477163167,51.90372183,38.1617,13.2,879.717,-347.66,-435.13,100,100
282.14133,1000,35,4.477185833,51.9037475,44.0473,13.1,878.551,-344.77,-433.38,100,100
282.5752199,1000,35,4.477208833,51.9037675,51.1603,13.1,874.945,-342.64,-431.73,100,100
282.9968998,1000,35,4.4772335,51.90378517,56.8096,13,870.433,-340.7,-429.89,100,100
283.4153399,1000,35,4.477261167,51.90380133,62.4524,13,865.927,-338.96,-427.86,100,100
283.8317599,1000,35,4.477302,51.90382017,68.5003,13,862.256,-337.44,-425.67,100,100
284.26053,1000,35,4.477333667,51.9038315,75.483,12.9,859.667,-335.86,-422.74,100,100
284.67945,1000,35,4.4773695,51.90384167,81.3302,12.9,858.9,-334.87,-420.28,100,100
285.1010199,1000,35,4.477406667,51.9038495,87.1771,12.9,859.797,-334.1,-417.62,100,100
285.5218899,1000,35,4.477453833,51.90385583,92.7953,12.9,861.548,-333.64,-415.11,100,100
285.94964,1000,35,4.477492833,51.90385833,98.6638,12.9,862.942,-333.42,-412.47,100,0
286.37553,1000,34.62501,4.477530167,51.90385833,105.782,12.9,861.526,-333.52,-409.16,100,0
286.8022799,1000,32.6417,4.477568833,51.90385583,111.557,12.9,846.817,-333.91,-406.53,100,0
287.2229199,1000,30.60008,4.477607667,51.903851,117.267,13,823.637,-334.59,-403.84,100,0
287.6331999,1000,28.641795,4.477653833,51.9038415,122.57,13.1,801.025,-335.47,-401.41,100,0
288.0567598,1000,26.208455,4.477687833,51.903832,128.856,13.4,745.942,-336.98,-398.33,100,0
288.4832199,1000,24.158435,4.477723667,51.90381933,133.759,13.7,687.957,-338.48,-395.96,100,0
288.9052,1000,22.11678,4.477758167,51.90380417,138.263,14,629.116,-340.23,-393.68,100,0
289.36058,1000,19.65012,4.477797833,51.903783,143.124,14.5,556.073,-342.74,-390.96,100,0
289.7858598,1000,17.58344,4.477829667,51.903763,146.752,14.9,492.133,-345.09,-388.8,100,0
290.2128,1000,15.69176,4.477857333,51.90374283,149.671,15.3,432.987,-347.44,-386.91,100,0
290.6582799,1000,13.20011,4.477891667,51.903714,152.937,15.9,352.075,-350.78,-384.58,100,0
291.08004,1000,11.191775,4.477918,51.90368883,155.07,16.3,284.058,-353.64,-382.82,100,0
291.50178,1000,9.108435,4.477943833,51.90366133,156.787,16.8,211.886,-356.78,-381.07,100,0
291.92307,1000,7.166775,4.477973333,51.90362667,157.948,17.2,144.281,-359.8,-379.53,100,0
292.33653,1000,5.241775,4.4779955,51.90359817,158.659,17.7,77.8281,-363.91,-377.58,100,0
292.7986,1000,2.716763,4.478017333,51.90356867,158.956,18.1,-8.27655,-367.31,-376.06,100,60
293.23153,1000,3.525095,4.478040167,51.90353667,158.926,18.5,33.9176,-370.78,-374.53,100,90
293.6468,1000,5.991755,4.478067833,51.90349767,159.693,18.8,133.349,-375.21,-372.59,100,90
294.0732,1000,8.050105,4.478091,51.9034645,161.042,19,240.925,-378.95,-370.99,100,90
294.4949698,1000,10.016755,4.478112667,51.90343267,162.878,19.2,321.925,-382.45,-369.55,100,90
294.91539,1000,11.908435,4.478132667,51.9034015,165.145,19.2,398.656,-386.15,-368.14,100,90
295.35431,1000,14.05845,4.478157333,51.90335833,168.315,19.2,482.863,-390.05,-366.82,100,100
295.7765,1000,16.566795,4.478174667,51.903323,172.748,19.1,577.716,-394.77,-365.48,100,100
296.1983099,1000,18.4751,4.4781875,51.9032905,176.637,18.8,645.089,-398.4,-364.7,100,100
296.62532,1000,20.55011,4.478197667,51.9032555,181.328,18.5,717.434,-402.18,-364.14,100,100
297.0520599,1000,22.97512,4.478204,51.9032145,187.491,18.1,803.514,-406.83,-363.85,100,100
297.4783499,1000,24.491775,4.478204167,51.9031805,191.664,17.6,856.532,-410.6,-363.99,100,100
297.90025,1000,26.99179,4.478199833,51.90314933,199.095,17.1,913.942,-413.94,-364.43,100,100
298.3213298,1000,29.008455,4.4781905,51.90311883,205.293,16.6,935.309,-417.26,-365.21,100,100
298.74301,1000,31.47508,4.478172833,51.90308333,211.802,15.9,945.513,-421.14,-366.6,100,100
299.1599798,1000,33.48338,4.478154,51.90305667,219.411,15.4,949.757,-423.98,-368.02,100,100
299.58568,1000,34.97501,4.478131833,51.90303283,225.623,15,953.5,-426.58,-369.69,100,100
300.0076499,1000,35,4.478105,51.90301,232.21,14.5,949.812,-428.91,-371.56,100,100
300.4275799,1000,35,4.478076167,51.90299033,238.519,14.2,942.179,-431.06,-373.73,100,100
300.8610098,1000,35,4.478036667,51.9029695,246.265,13.9,928.114,-433.18,-376.46,100,100
301.28562,1000,34.99167,4.478002167,51.90295533,252.454,13.7,913.037,-434.62,-378.87,100,0
301.70735,1000,33.54169,4.4779675,51.902944,258.281,13.5,892.933,-435.75,-381.28,100,0
302.1301599,1000,31.50007,4.477919,51.9029325,264.284,13.4,862.935,-436.69,-384,100,0
302.5462599,1000,29.48344,4.477879333,51.9029265,269.959,13.5,832.592,-437.44,-387.5,100,0
302.9644799,1000,26.933445,4.4778395,51.902923,276.871,13.6,778.782,-437.71,-390.29,100,0
303.3862,1000,25.05013,4.477801167,51.902922,281.561,13.8,721.992,-437.7,-393,100,0
303.80831,1000,22.97512,4.477758,51.90292333,286.349,14.1,661.445,-437.44,-395.88,100,0
304.2268698,1000,20.9251,4.477706,51.90292817,290.682,14.5,600.878,-436.89,-398.92,100,0
304.64186,1000,19.0001,4.477662167,51.902935,294.35,14.9,541.059,-436.15,-401.74,100,0
305.0648398,1000,16.425115,4.477618667,51.90294367,298.646,15.3,459.1,-434.81,-405.55,100,0
305.4807498,1000,14.42511,4.477575667,51.9029545,300.765,15.7,411.929,-433.52,-408.52,100,0
305.9024799,1000,12.50011,4.4775345,51.9029665,303.807,16.2,329.744,-432.09,-411.36,100,0
306.3463099,1000,10.44176,4.477478333,51.90298533,305.841,16.7,259.194,-430.42,-414.34,100,0
306.7642798,1000,8.01675,4.4774375,51.90300067,307.598,17.1,174.885,-428.11,-418.06,100,0
307.1958899,1000,5.975095,4.477393167,51.90301867,308.551,17.5,103.469,-426.09,-421.05,100,-20
307.6420698,1000,3.95843,4.477337333,51.90304283,309.007,18,33.3521,-423.32,-424.94,100,-55
308.05708,1000,1.4750925,4.477295167,51.903062,308.937,18.4,-50.2986,-421.07,-427.98,100,-65
308.4788299,1000,-0.4749045,4.477251667,51.903082,308.412,18.7,-110.462,-418.84,-430.92,100,-65
308.90571,1000,-2.50824,4.477206167,51.9031035,307.478,19,-163.761,-416.47,-434.02,100,-65
309.32651,1000,-4.558225,4.477150333,51.90313,306.206,19.3,-207.981,-413.44,-437.95,100,-65
309.73912,1000,-6.999895,4.477103667,51.90315217,304.637,19.5,-252.526,-411.01,-441.13,100,-65
310.1630099,1000,-9.00823,4.477057,51.903174,302.387,19.6,-314.686,-408.6,-444.36,100,-65
310.5899999,1000,-11.06658,4.477008167,51.90319617,300.004,19.7,-379.738,-406.15,-447.79,100,-65
311.0167999,1000,-13.108235,4.476949,51.90322117,297.176,19.6,-453.602,-403.91,-451.15,100,-65
311.43453,1000,-15.033235,4.476900833,51.90323983,294.043,19.5,-528.007,-401.4,-455.29,100,-65
311.86097,1000,-17.52492,4.476848833,51.90325783,289.264,19.2,-622.939,-399.56,-458.8,100,-60
312.34393,1000,-19.383245,4.476786,51.90327617,283.835,18.9,-694.207,-397.61,-463.25,100,-15
312.78332,1000,-17.48327,4.476732333,51.90328867,279.353,18.6,-607.429,-396.39,-466.89,100,0
313.2061999,1000,-15.483265,4.476678833,51.90329817,275.616,18.6,-513.008,-395.47,-470.6,100,5
313.66132,1000,-12.99991,4.476611333,51.9033065,271.85,18.6,-397.087,-394.65,-475.31,100,0
314.0833299,1000,-10.991575,4.476556,51.903311,269.492,18.7,-306.463,-394.24,-479.13,100,0
314.5051398,1000,-9.049915,4.476501833,51.90331383,267.787,18.9,-222.891,-393.99,-483.01,100,0
314.92592,1000,-6.983235,4.476428167,51.9033155,266.524,19.1,-141.139,-393.88,-486.93,100,0
315.35653,1000,-4.47489,4.476371333,51.90331567,265.732,19.3,-49.5905,-393.9,-491.89,100,0
315.78174,1000,-2.566571,4.476316167,51.903315,265.627,19.5,16.2384,-394.01,-495.9,100,0
316.2045,1000,-0.5332495,4.476256167,51.90331383,265.965,19.7,82.6966,-394.16,-499.96,100,-5
316.64237,1000,-0.400001,4.4761835,51.903312,266.672,19.9,76.9822,-394.36,-505.07,100,-10
317.0998299,1000,-2.416666,4.476121667,51.90331067,266.733,20.1,-45.5186,-394.5,-509.2,100,-20
317.5141098,1000,-4.433345,4.476061,51.9033095,266.114,20.2,-136.674,-394.62,-513.36,100,-20
317.9519398,1000,-6.95835,4.475985,51.90330817,264.55,20.3,-214.738,-394.79,-518.57,100,-25
318.37131,1000,-8.39167,4.475923333,51.9033065,263.25,20.3,-290.343,-394.93,-521.7,100,-25
318.7944999,1000,-8.658335,4.475865333,51.90330433,260.811,20.3,-286.271,-395.29,-526.91,100,-20
319.21575,1000,-7.116655,4.475804,51.90330083,259.143,20.3,-201.185,-395.74,-531.07,100,-5
319.6582599,1000,-5.533325,4.4757305,51.90329517,257.752,20.3,-122.658,-396.45,-536.25,100,0
320.0801098,1000,-3.4999965,4.475669167,51.90328917,257.23,20.4,-30.5982,-397.14,-540.39,100,0
320.5018599,1000,-1.499995,4.475609167,51.90328267,257.303,20.5,52.2067,-397.9,-544.53,100,0
320.9371099,1000,0,4.475534333,51.90327383,257.893,20.6,101.414,-398.9,-549.73,100,0
321.35764,1000,0,4.475472667,51.90326667,258.569,20.7,72.4973,-399.69,-553.91,100,-20
321.78725,1000,-1.3916665,4.4754275,51.90326133,258.784,20.7,-18.6087,-400.27,-557.06,100,-30
322.22456,1000,-3.2916695,4.475335667,51.903251,258.37,20.8,-109.774,-401.22,-562.32,100,-45
322.64921,1000,-5.333335,4.475273167,51.90324417,257.347,20.8,-191.054,-402.19,-567.77,100,-50
323.0683999,1000,-7.925015,4.475210667,51.90323717,255.287,20.8,-284.147,-402.98,-571.98,100,-50
323.4871399,1000,-9.41668,4.475153,51.90323017,253.746,20.7,-335.616,-403.81,-575.98,100,-50
323.90885,1000,-11.87501,4.475091167,51.90322167,250.649,20.6,-421.401,-404.78,-580.1,100,-50
324.3636899,1000,-14.408345,4.475016333,51.9032095,247.634,20.3,-491.705,-406.24,-585.31,100,-45
324.7993,1000,-15.966685,4.474960333,51.9031985,243.164,20,-571.175,-407.58,-589.21,100,-15
325.2430999,1000,-13.875015,4.474893,51.90318233,239.503,19.8,-490.879,-409.51,-593.74,100,-10
325.67677,1000,-11.800005,4.474837833,51.903166,235.937,19.7,-375.4,-411.44,-597.51,100,-10
326.09881,1000,-9.76668,4.474785333,51.90314817,233.717,19.7,-279.268,-413.47,-601.02,100,-10
326.53741,1000,-7.86667,4.474724167,51.90312483,232.223,19.8,-191.87,-415.56,-604.31,100,0
326.9663,1000,-5.341665,4.4746755,51.9031045,231.078,19.9,-82.2049,-418.45,-608.52,100,0
327.38815,1000,-3.308333,4.474626167,51.90308283,230.788,20,-3.29488,-420.87,-611.86,100,0
327.8099198,1000,-1.2583305,4.474576667,51.90306033,231.008,20.2,67.0877,-423.45,-615.32,100,0
328.2534299,1000,0,4.4745155,51.90303167,231.613,20.3,97.2925,-426.6,-619.48,100,0
328.6788499,1000,0,4.474469833,51.90301033,232.24,20.4,60.1636,-429.03,-622.7,100,0
329.1007199,1000,0,4.474421333,51.90298767,232.562,20.5,37.9157,-431.57,-626.07,100,0
329.5188599,1000,0,4.474372333,51.90296483,232.761,20.6,22.3855,-434.12,-629.46,100,0
329.9332199,1000,0,4.474310167,51.902936,232.879,20.7,12.432,-437.31,-633.72,100,0
330.3780398,1000,0,4.4742575,51.90291167,232.962,20.8,8.19295,-439.98,-637.29,100,0
330.80511,1000,0,4.474211,51.90289017,233.012,20.8,8.23229,-442.45,-640.58,100,0
331.22363,1000,0,4.474148,51.90286083,233.068,20.9,8.7339,-445.03,-644.02,100,0
331.6496298,1000,0,4.474096667,51.90283717,233.125,21,7.64216,-448.36,-648.47,100,0
332.0687099,1000,0,4.4740485,51.90281483,233.175,21,4.18008,-450.84,-651.79,100,0
332.4893799,1000,0,4.473996333,51.90279067,233.192,21,0.777002,-453.44,-655.25,0,0
332.91184,41.5439,0,4.473946,51.90276733,233.189,21,-1.554,-456.02,-658.71,0,0
333.3339999,39.4744,0,4.473882667,51.902738,233.174,20.5,-1.30812,-459.3,-663.09,0,0
333.7620299,37.9884,0,4.473837167,51.902717,233.171,20.1,0.452432,-461.67,-666.26,0,0
334.1840599,36.8703,0,4.4737885,51.9026945,233.181,19.7,2.4392,-464.11,-669.52,0,0
334.6061499,35.0083,0,4.473739833,51.902672,233.2,19.4,2.82278,-466.6,-672.86,0,0
335.03882,33.6936,0,4.473683833,51.90264617,233.216,19,1.79006,-469.44,-676.65,-90,0
335.4908099,177.185,0,4.4736385,51.90262517,233.222,18.6,-0.393419,-471.74,-679.72,-90,0
335.91064,413.818,0,4.473593667,51.90260433,233.215,18.4,-1.45565,-474.11,-682.89,-90,0
336.34727,578.194,0,4.473539833,51.9025795,233.205,18.4,-1.54417,-476.84,-686.55,-90,0
336.7694399,566.414,0,4.473495833,51.90255917,233.195,18.2,-0.511445,-479.09,-689.55,-90,0
337.19121,557.636,0,4.473455,51.90254017,233.196,18.1,0.777002,-481.32,-692.54,-90,0
337.6315999,539.954,0,4.473398,51.90251383,233.208,18,1.63269,-484.1,-696.24,-90,0
338.0499799,531.077,0,4.473357,51.90249483,233.217,17.9,1.02289,-486.3,-699.19,-90,0
338.47013,516.132,0,4.473313,51.9024745,233.22,17.8,0.285229,-488.59,-702.25,-90,0
338.89187,504.835,0,4.473271333,51.90245517,233.218,17.7,-0.786838,-490.68,-705.05,-90,0
339.3136499,496.275,0,4.473228667,51.9024355,233.21,17.6,-1.29828,-492.85,-707.96,-90,0
339.7586,478.18,0,4.473176,51.90241117,233.2,17.6,-0.944205,-495.65,-711.7,-90,0
340.18503,469.575,0,4.473133667,51.9023915,233.197,17.5,-0.167203,-497.72,-714.46,-90,0
340.6068799,454.797,0,4.4730925,51.9023725,233.198,17.5,0.777002,-499.87,-717.34,-90,0
341.0357199,442.717,0,4.473040833,51.9023485,233.206,17.4,1.36713,-502.56,-720.93,-90,0
341.4713199,428.47,0,4.472998833,51.90232917,233.217,17.4,0.973712,-504.7,-723.8,-90,0
341.8930299,416.466,0,4.472956833,51.90230967,233.22,17.4,-0.0688483,-506.84,-726.66,-90,0
342.31478,407.799,0,4.472914667,51.90229017,233.216,17.3,-1.04256,-509.07,-729.63,-90,0
342.75931,390.545,0,4.472865,51.90226717,233.207,17.3,-1.14091,-511.64,-733.08,-90,0
343.1810699,380.866,0,4.472822667,51.90224767,233.2,17.3,-0.619635,-513.77,-735.93,-90,0
343.6028199,-368.199,0,4.472780667,51.90222833,233.199,17.3,0.226216,-515.9,-738.77,-90,0
344.02439,-379.543,0,4.4727295,51.9022045,233.202,17.2,0.747496,-518.03,-741.61,-90,0
344.4417,-394.465,0,4.472688667,51.90218567,233.208,17.2,0.668812,-520.68,-745.16,-90,0
344.86306,-406.615,0,4.472646667,51.90216617,233.211,17.2,0.275393,-522.89,-748.11,-90,0
345.28491,-415.291,0,4.472604333,51.90214667,233.211,17.2,-0.0393419,-525,-750.94,-90,0
345.7066998,-429.568,0,4.472566333,51.902129,233.21,17.1,-0.344241,-527.03,-753.65,-90,0
346.1478798,-441.944,0,4.472515167,51.90210533,233.205,17.1,-0.570457,-529.66,-757.17,-90,0
346.5718,-456.023,0,4.472473667,51.90208617,233.203,17.1,-0.245887,-531.77,-759.99,-90,0
346.9935598,-468.016,0,4.472432333,51.902067,233.202,17,0.0885192,-533.87,-762.79,-90,0
347.4109299,-477.018,0,4.47239,51.9020475,233.204,17,0.511445,-536.04,-765.7,-90,0
347.85078,-494.598,0,4.472340667,51.90202467,233.209,16.9,0.599964,-538.56,-769.06,-90,0
348.25911,-503.178,0,4.472300167,51.90200583,233.212,16.8,0.324571,-540.72,-771.95,-90,0
348.6780798,-518.396,0,4.4722595,51.901987,233.21,16.7,-0.550786,-542.78,-774.7,-90,0
349.1004,-529.708,0,4.472221,51.90196933,233.205,16.6,-1.0524,-544.74,-777.33,-90,0
349.55371,-544.868,0,4.472170167,51.90194567,233.198,16.5,-0.688483,-547.37,-780.84,-90,0
349.9744999,-556.176,0,4.4721325,51.90192833,233.197,16.3,0.344241,-549.3,-783.42,-90,0
350.39624,-565.482,0,4.4720935,51.90191033,233.201,16.2,0.914699,-551.29,-786.09,-90,0
350.82128,-579.811,0,4.4720465,51.9018885,233.208,16,0.836015,-553.27,-788.74,-90,0
351.26793,-591.873,0,4.472007667,51.9018705,233.212,15.8,0.314735,-555.71,-792,-90,0
351.70487,-606.035,0,4.471969833,51.90185317,233.214,15.6,0.137697,-557.64,-794.57,-90,0
352.1583099,-618.154,0,4.471921833,51.90183083,233.213,15.3,-0.393419,-560.08,-797.83,-90,0
352.58623,-632.425,0,4.471887667,51.901815,233.207,15.1,-1.10157,-561.86,-800.21,-90,0
353.00808,-644.159,0,4.471852,51.9017985,233.199,14.8,-1.14091,-563.68,-802.65,-90,0
353.4282,-653.604,0,4.4718075,51.901778,233.193,14.4,-0.560622,-565.47,-805.05,-90,0
353.8778899,-670.648,0,4.471774833,51.90176283,233.194,14.1,0.816344,-567.66,-807.97,-90,0
354.3099499,-680.027,0,4.4717405,51.901747,233.203,13.8,1.76055,-569.36,-810.25,-90,0
354.72978,-694.189,0,4.471699333,51.90172783,233.215,13.5,1.53433,-571.03,-812.47,-90,0
355.15377,-706.182,0,4.471667667,51.90171317,233.221,13,0.275393,-573.04,-815.17,-90,0
355.5869999,-721.201,0,4.471636333,51.90169883,233.217,12.6,-1.01305,-574.66,-817.33,-90,0
356.0118098,-732.798,0,4.4716015,51.90168267,233.21,12.2,-1.22943,-576.1,-819.26,-90,0
356.454,-747.304,0,4.471572167,51.90166917,233.202,11.6,-1.01305,-577.9,-821.67,-90,0
356.8833499,-759.329,0,4.4715445,51.90165633,233.196,11.1,-0.236051,-579.34,-823.59,-90,0
357.30513,-768.238,0,4.471519167,51.90164467,233.198,10.6,0.747496,-580.59,-825.26,-90,0
357.73192,-783.098,0,4.471488167,51.90163017,233.206,9.9,1.48516,-582.14,-827.33,-90,0
358.1487398,-794.714,0,4.4714655,51.90161983,233.217,9.3,1.04256,-583.29,-828.87,-90,0
358.5689099,-808.963,0,4.471443667,51.90160967,233.221,8.7,0.0885192,-584.36,-830.31,-90,0
358.99122,-820.946,0,4.4714235,51.90160033,233.219,8,-0.678647,-585.35,-831.63,-90,0
359.4129899,-829.714,0,4.471404833,51.90159167,233.212,7.3,-1.31795,-586.29,-832.89,-90,0
359.8703899,-847.203,0,4.471385,51.9015825,233.2,6.3,-1.26878,-587.25,-834.17,-90,0
360.2921898,-856.15,0,4.4713705,51.90157583,233.195,5.5,-0.157368,-587.94,-835.09,-90,0
360.7140598,-870.957,0,4.4713585,51.90157033,233.198,4.6,1.10157,-588.51,-835.86,-90,0
361.1795299,-882.988,0,4.471346833,51.90156483,233.211,3.4,1.8589,-589.07,-836.6,-90,0
361.6012599,-897.446,0,4.4713395,51.9015615,233.222,2.4,1.2196,-589.38,-837.01,-90,0
362.0257499,-900,0,4.4713345,51.90155917,233.227,1.1,0.0688483,-589.56,-837.25,-90,0
362.4534199,-900,0,4.471333167,51.9015585,233.225,0.2,-0.52128,-589.57,-837.27,-90,0
362.8714299,-900,0,4.471334833,51.90155917,233.22,1.2,-0.472103,-589.43,-837.08,-90,0
363.2930999,-900,0,4.471339,51.90156117,233.217,2.3,-0.501609,-589.16,-836.72,-90,0
363.71841,-900,0,4.4713475,51.90156517,233.213,3.3,-0.550786,-588.77,-836.21,-90,0
364.15783,-900,0,4.471357333,51.90156967,233.21,4.5,-0.609799,-588.08,-835.28,-90,0
364.5774798,-900,0,4.471368667,51.90157483,233.204,5.4,-0.708154,-587.45,-834.43,-90,0
365.0146,-803.437,0,4.471383,51.9015815,233.2,6.3,-0.668812,-586.67,-833.4,0,0
365.4419298,-8.71929,0,4.471402333,51.9015905,233.203,6.7,1.49499,-585.65,-832.03,0,0
365.8622799,-24.5587,0,4.471418667,51.901598,233.216,6.6,1.78022,-584.83,-830.94,0,0
366.28284,-23.8194,0,4.471433833,51.901605,233.228,6.6,1.94742,-584.02,-829.86,0,0
366.7045798,-7.72452,0,4.47145,51.9016125,233.242,6.5,2.00644,-583.22,-828.78,0,0
367.15853,-21.7686,0,4.471469833,51.90162183,233.255,6.5,1.97693,-582.19,-827.41,0,0
367.57636,-7.06512,0,4.4714845,51.9016285,233.271,6.4,1.90808,-581.43,-826.39,0,0
367.9981499,-19.9181,0,4.471499833,51.90163567,233.284,6.4,1.98677,-580.65,-825.34,0,0
368.4162099,-19.3248,0,4.471518333,51.90164417,233.298,6.3,2.1638,-579.84,-824.26,0,0
368.8423898,-18.1793,0,4.471534,51.9016515,233.313,6.3,2.3015,-578.9,-823.01,0,0
369.2575898,-17.65,0,4.471549333,51.9016585,233.333,6.2,2.39002,-578.13,-821.98,0,0
369.68714,-5.71618,0,4.471564167,51.90166533,233.349,6.2,2.40969,-577.34,-820.91,0,0
370.1089499,-16.1363,0,4.471578333,51.90167183,233.364,6.2,2.39985,-576.61,-819.94,0,0
370.5258698,-15.6334,0,4.471597167,51.90168067,233.381,6.1,2.47854,-575.86,-818.93,0,0
370.9790299,-14.7225,0,4.471611833,51.90168733,233.402,6.1,2.55722,-574.9,-817.64,0,0
371.40083,-14.2823,0,4.471626,51.90169383,233.419,6,2.61624,-574.19,-816.69,0,0
371.8471398,-13.4619,0,4.471644167,51.90170233,233.441,6,2.68508,-573.27,-815.46,0,0
372.2837498,-13.0563,0,4.471657667,51.9017085,233.459,5.9,2.7441,-572.54,-814.48,0,0
372.70579,-4.23934,0,4.471672333,51.90171533,233.478,5.9,2.78344,-571.81,-813.5,0,0
373.12959,-11.9559,0,4.471689833,51.90172333,233.496,5.9,2.81294,-571.12,-812.58,0,0
373.54739,19.1247,0,4.471704333,51.90173,233.521,5.8,2.86212,-570.16,-811.29,60,0
373.96843,172.32,0,4.471718333,51.9017365,233.54,5.8,2.89163,-569.45,-810.34,60,0
374.39024,286.231,0,4.4717315,51.90174267,233.559,5.7,2.94081,-568.78,-809.44,60,0
374.8102,402.221,0,4.4717475,51.90175,233.578,5.6,2.97031,-568.09,-808.51,60,0
375.2237599,414.641,0,4.471761333,51.90175633,233.599,5.3,3.05883,-567.4,-807.59,60,0
375.652,428.853,0,4.471774,51.90176217,233.624,5.1,3.03916,-566.64,-806.56,60,0
376.0713899,440.636,0,4.471785833,51.90176767,233.645,4.8,3.13752,-566.05,-805.76,60,0
376.49312,449.558,0,4.471796667,51.90177267,233.665,4.6,3.14735,-565.48,-805.01,60,0
376.9164698,463.927,0,4.4718075,51.9017775,233.687,4.3,3.17686,-564.96,-804.3,60,0
377.3380299,475.615,0,4.471819667,51.90178317,233.707,3.8,3.19653,-564.36,-803.5,60,0
377.7902699,490.515,0,4.471828667,51.90178733,233.735,3.5,3.20636,-563.93,-802.92,0,0
378.2119699,11.7235,0,4.4718365,51.90179083,233.756,3.1,2.69492,-563.54,-802.4,0,0
378.6679099,5.11801,0,4.4718455,51.90179517,233.776,3.1,2.45887,-563.07,-801.76,0,0
379.08989,10.7043,0,4.471853167,51.9017985,233.793,3.1,2.48837,-562.67,-801.23,0,0
379.51175,10.3864,0,4.471860333,51.90180183,233.809,3.1,2.45887,-562.31,-800.75,0,0
379.96402,9.78515,0,4.471869833,51.90180633,233.83,3.1,2.41953,-561.84,-800.12,0,0
380.3857999,9.50162,0,4.471877,51.90180967,233.847,3,2.44903,-561.47,-799.61,0,0
380.8062699,4.14269,0,4.471884333,51.901813,233.863,3,2.48837,-561.09,-799.11,0,0
381.22698,8.67942,0,4.471892833,51.90181683,233.879,3,2.53755,-560.63,-798.49,0,0
381.6632099,3.79079,0,4.471900333,51.90182033,233.901,3,2.55722,-560.26,-797.99,0,0
382.08499,7.93721,0,4.471907667,51.90182367,233.918,3,2.51788,-559.89,-797.5,0,0
382.5120099,7.70221,0,4.471915,51.901827,233.935,3,2.45887,-559.52,-797,0,0
382.9806199,9.76526,0,4.471924,51.90183117,233.955,3,2.45887,-559.05,-796.36,60,0
383.4076998,114.302,0,4.471931,51.90183433,233.971,3,2.50805,-558.7,-795.89,60,0
383.82635,318.294,0,4.47194,51.9018385,233.988,2.9,2.55722,-558.34,-795.41,60,0
384.23985,402.808,0,4.471946333,51.9018415,234.006,2.7,2.62607,-557.92,-794.85,60,0
384.6547799,416.992,0,4.471952667,51.90184433,234.027,2.4,2.64574,-557.63,-794.44,60,0
385.0724299,428.867,0,4.471958,51.90184683,234.045,2.1,2.62607,-557.36,-794.09,60,0
385.4941399,437.805,0,4.471962833,51.90184917,234.063,1.8,2.64574,-557.13,-793.79,60,0
385.91535,452.695,0,4.471967333,51.90185117,234.08,1.4,2.61624,-556.96,-793.55,60,0
386.3392899,464.074,0,4.471970167,51.9018525,234.097,0.9,2.56706,-556.8,-793.35,60,0
386.7702498,215.392,0,4.471971833,51.90185333,234.119,0.5,2.62607,-556.73,-793.26,0,0
387.1919899,22.895,0,4.471972667,51.90185383,234.134,0.4,2.07528,-556.68,-793.2,0,0
387.61375,22.2015,0,4.471973667,51.90185417,234.148,0.4,2.12446,-556.63,-793.14,0,0
388.0429199,20.8928,0,4.471974833,51.90185483,234.162,0.4,2.1638,-556.57,-793.07,0,0
388.46155,20.2679,0,4.471975667,51.90185517,234.18,0.4,2.1638,-556.52,-793,0,0
388.88325,18.2993,0,4.4719765,51.90185567,234.195,0.4,2.12446,-556.47,-792.94,0,0
389.30511,18.5228,0,4.471977333,51.90185617,234.209,0.4,2.10479,-556.42,-792.88,0,0
389.7318499,16.7189,0,4.4719785,51.90185667,234.223,0.4,2.08512,-556.35,-792.81,0,0
390.16151,16.9452,0,4.471979333,51.90185717,234.24,0.4,2.15397,-556.3,-792.75,0,0
390.58301,16.4114,0,4.471980167,51.90185767,234.255,0.4,2.18347,-556.25,-792.69,0,0
391.0048299,14.8095,0,4.471981167,51.90185817,234.27,0.4,2.21298,-556.2,-792.62,0,0
391.4224799,15.0178,0,4.471982167,51.90185867,234.284,0.4,2.18347,-556.15,-792.56,0,0
391.8453698,14.5774,0,4.471983167,51.90185917,234.299,0.4,2.15397,-556.09,-792.49,0,0
392.28228,13.7291,0,4.471984,51.9018595,234.316,0.4,2.14413,-556.04,-792.43,0,0
392.7040999,13.2998,0,4.471984833,51.90186,234.33,0.4,2.15397,-555.99,-792.37,0,0
393.1283,12.0179,0,4.471986,51.9018605,234.345,0.4,2.1638,-555.94,-792.31,0,0
393.5595,12.1511,0,4.471986833,51.901861,234.363,0.4,2.19331,-555.88,-792.23,0,0
393.9794998,10.971,0,4.471987667,51.9018615,234.378,0.4,2.22282,-555.83,-792.17,0,0
394.40643,11.1108,0,4.471988667,51.90186183,234.393,0.4,2.19331,-555.78,-792.11,0,0
394.8241398,10.7868,0,4.471989667,51.9018625,234.408,0.4,2.1638,-555.73,-792.05,0,0
395.2416,10.1695,0,4.4719905,51.90186283,234.425,0.4,2.14413,-555.67,-791.97,0,0
