Time, PropellorRPM,RSA,Longitude,Latitude, Heading, speed_knts, ROT, surge, sway, PropRPM_demand_pct,Rudder_demand_pct
1571838709.2113488, 0.000945132, -9.008334999999999,4.082995,52.000848166666664, 312.992, 0.0, 0.00983547, 10130.85, -28198.47, 0.0,0.0
1571838709.6336586, 0.000908945, -6.475,4.082995,52.000848166666664, 312.992, 0.0, 0.00983547, 10130.85, -28198.47, 0.0,0.0
1571838710.0555263, 0.000881619, -4.57499,4.082995,52.000848166666664, 312.992, 0.0, 0.0, 10130.85, -28198.47, 0.0,0.0
1571838710.481565, 0.000839165, -2.683324,4.082995,52.000848166666664, 312.992, 0.0, 0.0, 10130.85, -28198.47, 0.0,0.0
1571838710.8951054, 0.000805542, -0.466655,4.082995,52.000848166666664, 312.992, 0.0, 0.0, 10130.85, -28198.47, 0.0,0.0
1571838711.3131168, 0.000767387, -0.0,4.082995,52.000848166666664, 312.992, 0.0, 0.00983547, 10130.85, -28198.47, 0.0,0.0
1571838711.7403045, 0.000736639, -0.0,4.082995,52.000848166666664, 312.992, 0.0, 0.0, 10130.85, -28198.47, 0.0,0.0
1571838712.1616426, 0.000714167, -0.0,4.082995,52.000848166666664, 312.992, 0.0, 0.00983547, 10130.85, -28198.47, 0.0,0.0
1571838712.5801368, 0.000679209, -0.0,4.082995,52.000848166666664, 312.992, 0.0, 0.0, 10130.85, -28198.47, 100,0.0
1571838712.9908729, 88.0222, -0.0,4.082995,52.000848166666664, 312.992, 0.0, 0.0196709, 10130.85, -28198.47, 100,0.0
1571838713.4111507, 278.506, -0.0,4.082994833333333,52.00084833333333, 312.992, 0.1, 0.00983547, 10130.85, -28198.47, 100,0.0
1571838713.8280568, 400.007, -0.0,4.0829945,52.0008485, 312.993, 0.3, 0.0688483, 10130.88, -28198.51, 100,0.0
1571838714.2497475, 408.81, -0.0,4.082993666666667,52.000849, 312.993, 0.6, 0.00983547, 10130.96, -28198.59, 100,0.0
1571838714.6715717, 423.651, -0.0,4.082992,52.00085, 312.993, 0.9, -0.0590128, 10131.08, -28198.72, 100,0.0
1571838715.0959284, 435.307, -0.0,4.082988833333333,52.000851833333336, 312.993, 1.4, 0.0590128, 10131.3, -28198.96, 100,0.0
1571838715.5117414, 450.283, -0.0,4.0829855,52.000853666666664, 312.995, 1.7, 0.422925, 10131.53, -28199.21, 100,0.0
1571838715.9327219, 461.552, -0.0,4.0829815,52.000856, 312.998, 2.0, 0.334406, 10131.8, -28199.49, 100,0.0
1571838716.3543298, 470.795, -0.0,4.082976666666666,52.00085883333333, 312.998, 2.4, -0.265558, 10132.13, -28199.85, 100,0.0
1571838716.7702947, 485.346, -0.0,4.082970833333333,52.000862166666664, 312.995, 2.8, -0.678647, 10132.51, -28200.26, 100,0.0
1571838717.186111, 497.104, -0.0,4.082962333333334,52.000867, 312.99, 3.2, -0.708154, 10132.95, -28200.72, 100,0.0
1571838717.614256, 511.738, -0.0,4.082955166666666,52.00087116666667, 312.987, 3.7, -0.226216, 10133.57, -28201.39, 100,0.0
1571838718.031115, 523.34, -0.0,4.0829466666666665,52.000876, 312.989, 4.1, 0.639306, 10134.13, -28201.99, 100,0.0
1571838718.4527843, 532.517, -0.0,4.082937333333334,52.00088133333333, 312.995, 4.4, 1.06223, 10134.72, -28202.62, 100,0.0
1571838718.875995, 547.083, -0.0,4.082924,52.000889, 313.001, 4.9, 0.688483, 10135.41, -28203.37, 100,0.0
1571838719.3088336, 558.932, -0.0,4.082912666666667,52.000895666666665, 313.001, 5.4, -0.609799, 10136.36, -28204.38, 100,0.0
1571838719.7287292, 573.474, -0.0,4.082901,52.000902333333336, 312.995, 5.8, -1.26878, 10137.13, -28205.21, 100,0.0
1571838720.15048, 585.036, -0.0,4.082888666666666,52.0009095, 312.987, 6.2, -0.973712, 10137.99, -28206.13, 100,0.0
1571838720.5702548, 594.216, -0.0,4.082874166666667,52.00091783333333, 312.985, 6.6, 0.295064, 10138.9, -28207.11, 100,0.0
1571838720.9880211, 611.699, -0.0,4.082855166666667,52.00092866666667, 312.992, 7.1, 1.37697, 10140.12, -28208.42, 100,0.0
1571838721.4099884, 620.512, -0.0,4.082839,52.000938, 313.004, 7.5, 1.15075, 10141.16, -28209.54, 100,0.0
1571838721.8329504, 634.964, -0.0,4.082822666666667,52.000947333333336, 313.007, 7.9, -0.118026, 10142.22, -28210.66, 100,0.0
1571838722.2546496, 647.188, -0.0,4.082804,52.00095816666666, 313.001, 8.3, -1.14091, 10143.42, -28211.95, 100,0.0
1571838722.67361, 655.928, -0.0,4.082781166666667,52.00097133333333, 312.994, 8.7, -1.14091, 10144.63, -28213.25, 100,0.0
1571838723.0893857, 673.444, -0.0,4.082761666666666,52.0009825, 312.988, 9.2, -0.619635, 10146.23, -28214.96, 100,0.0
1571838723.506114, 682.106, -0.0,4.082740833333333,52.0009945, 312.985, 9.6, -0.157368, 10147.57, -28216.4, 100,0.0
1571838723.9231339, 696.903, -0.0,4.082719666666667,52.00100666666667, 312.988, 10.0, 0.649141, 10148.96, -28217.9, 100,0.0
1571838724.344755, 708.686, -0.0,4.082697,52.001019666666664, 312.994, 10.4, 1.16059, 10150.41, -28219.45, 100,0.0
1571838724.7625928, 717.712, -0.0,4.082673166666667,52.0010335, 313.002, 10.8, 0.963876, 10151.98, -28221.13, 100,0.0
1571838725.1902401, 732.186, -0.0,4.0826435,52.0010505, 313.005, 11.3, -0.0590128, 10153.87, -28223.16, 100,0.0
1571838725.6074252, 744.302, -0.0,4.0826191666666665,52.0010645, 313.0, 11.6, -0.924534, 10155.5, -28224.9, 100,0.0
1571838726.0271308, 758.901, -0.0,4.082592333333333,52.00108, 312.992, 12.0, -0.806509, 10157.17, -28226.7, 100,0.0
1571838726.4487631, 770.573, -0.0,4.0825656666666665,52.00109533333333, 312.989, 12.4, -0.265558, 10158.9, -28228.56, 100,0.0
1571838726.8698974, 779.51, -0.0,4.082532,52.001114666666666, 312.989, 12.8, 0.196709, 10160.76, -28230.55, 100,0.0
1571838727.320869, 796.745, -0.0,4.0825035,52.001131, 312.994, 13.2, 0.865522, 10162.98, -28232.93, 100,0.0
1571838727.7425575, 805.526, -0.0,4.082474166666667,52.001148, 313.001, 13.6, 1.00322, 10164.87, -28234.96, 100,0.0
1571838728.1852555, 823.18, -0.0,4.082437,52.00116933333333, 313.005, 14.0, 0.363912, 10167.31, -28237.58, 100,0.0
1571838728.6105697, 831.893, -0.0,4.0824055,52.0011875, 313.004, 14.4, -0.649141, 10169.31, -28239.73, 100,0.0
1571838729.0298905, 847.214, -0.0,4.082372833333333,52.00120616666667, 312.994, 14.7, -1.19993, 10171.45, -28242.02, 100,0.0
1571838729.451509, 858.757, -0.0,4.0823405,52.00122483333333, 312.989, 15.0, -0.373748, 10173.47, -28244.18, 100,0.0
1571838729.8766212, 867.635, -0.0,4.082299666666667,52.001248333333336, 312.99, 15.4, 0.580293, 10175.71, -28246.58, 100,0.0
1571838730.317677, 885.268, -0.0,4.082265,52.001268333333336, 312.997, 15.8, 0.727825, 10178.36, -28249.43, 100,0.0
1571838730.739337, 893.783, -0.0,4.082230666666667,52.00128816666667, 312.999, 16.1, 0.0786838, 10180.62, -28251.85, 100,0.0
1571838731.1608167, 908.427, -0.0,4.082196333333333,52.001307833333335, 312.997, 16.4, -0.609799, 10182.91, -28254.31, 100,0.0
1571838731.584106, 920.709, -0.0,4.082149666666667,52.001334666666665, 312.992, 16.8, -0.777002, 10185.85, -28257.46, 100,0.0
1571838732.012149, 935.092, -0.0,4.082112333333333,52.00135616666667, 312.989, 17.1, 0.0590128, 10188.24, -28260.03, 100,0.0
1571838732.4338067, 947.221, -0.0,4.082074,52.001378333333335, 312.992, 17.5, 0.727825, 10190.79, -28262.76, 100,0.0
1571838732.8554468, 955.492, -0.0,4.082036166666667,52.0014, 312.997, 17.8, 0.678647, 10193.17, -28265.31, 100,0.0
1571838733.2706988, 970.195, -0.0,4.081987166666667,52.00142816666666, 313.0, 18.1, 0.265558, 10195.7, -28268.02, 100,0.0
1571838733.6788623, 982.335, -0.0,4.081948166666667,52.00145066666666, 312.999, 18.4, -0.422925, 10198.92, -28271.48, 100,0.0
1571838734.1013389, 997.14, -0.0,4.081905,52.0014755, 312.995, 18.8, -0.914699, 10201.65, -28274.41, 100,0.0
1571838734.5117898, 1000.0, -0.0,4.081865666666666,52.001498166666664, 312.988, 19.0, -0.540951, 10204.2, -28277.15, 100,0.0
1571838734.9284897, 1000.0, -0.0,4.0818243333333335,52.001522, 312.987, 19.3, 0.0295064, 10206.9, -28280.04, 100,0.0
1571838735.3501136, 1000.0, -0.0,4.08178,52.0015475, 312.989, 19.5, 0.639306, 10209.75, -28283.1, 100,0.0
1571838735.7733219, 1000.0, -0.0,4.0817266666666665,52.00157816666667, 312.995, 19.7, 1.04256, 10212.4, -28285.94, 100,0.0
1571838736.1970313, 1000.0, -0.0,4.081683,52.00160316666667, 313.002, 20.0, 0.973712, 10215.89, -28289.68, 100,0.0
1571838736.6175778, 1000.0, -0.0,4.0816395,52.001628333333336, 313.006, 20.1, 0.206545, 10218.71, -28292.71, 100,0.0
1571838737.0443523, 1000.0, -0.0,4.0815953333333335,52.00165366666667, 313.001, 20.2, -1.14091, 10221.67, -28295.88, 100,0.0
1571838737.4660661, 1000.0, -0.0,4.0815535,52.00167783333333, 312.993, 20.4, -1.28845, 10224.4, -28298.81, 100,0.0
1571838737.8847647, 1000.0, -0.0,4.081496,52.001710833333334, 312.987, 20.5, -0.491774, 10227.99, -28302.65, 100,0.0
1571838738.3062935, 1000.0, -0.0,4.081450666666667,52.001737, 312.989, 20.6, 1.0819, 10230.87, -28305.75, 100,0.0
1571838738.7241228, 1000.0, -0.0,4.081406666666667,52.00176233333333, 313.0, 20.6, 1.77038, 10233.76, -28308.85, 100,0.0
1571838739.150832, 1000.0, -0.0,4.081360666666667,52.001788833333336, 313.01, 20.7, 1.14091, 10236.67, -28311.97, 100,0.0
1571838739.5689707, 1000.0, -0.0,4.081315333333333,52.001814833333334, 313.013, 20.8, -0.0885192, 10239.58, -28315.09, 100,0.0
1571838739.9896724, 1000.0, -0.0,4.081270666666667,52.001840666666666, 313.008, 20.8, -1.14091, 10242.5, -28318.22, 100,0.0
1571838740.403536, 1000.0, -0.0,4.081211833333334,52.0018745, 312.998, 20.9, -1.71137, 10246.29, -28322.28, 100,0.0
1571838740.82753, 1000.0, -0.0,4.081171166666667,52.00189783333333, 312.986, 20.9, -1.25894, 10248.97, -28325.16, 100,0.0
1571838741.2491975, 1000.0, -0.0,4.081125166666666,52.001924333333335, 312.983, 20.9, 0.206545, 10252.03, -28328.44, 100,0.0
1571838741.6897798, 1000.0, -0.0,4.081073166666667,52.001954166666664, 312.988, 21.0, 1.33762, 10255.59, -28332.26, 100,0.0
1571838742.1084924, 1000.0, -0.0,4.0810181666666665,52.001985833333336, 313.003, 21.0, 1.59335, 10258.78, -28335.68, 100,0.0
1571838742.5300612, 1000.0, -0.0,4.080975666666666,52.00201033333333, 313.009, 21.0, 0.442596, 10261.49, -28338.58, 100,0.0
1571838742.9525185, 1000.0, -0.0,4.0809255,52.00203916666667, 313.007, 21.0, -0.82618, 10264.69, -28342.01, 100,0.0
1571838743.3784633, 1000.0, -0.0,4.080870166666666,52.00207116666667, 313.0, 21.1, -1.02289, 10267.52, -28345.05, 100,0.0
1571838743.8005393, 1000.0, -0.0,4.0808305,52.002094, 312.996, 21.1, -0.52128, 10271.22, -28349.02, 100,0.0
1571838744.2138677, 1000.0, -0.0,4.080782166666666,52.00212166666667, 312.993, 21.1, -0.21638, 10274.3, -28352.32, 100,0.0
1571838744.6354904, 1000.0, -0.0,4.0807315,52.00215083333333, 312.992, 21.1, 0.157368, 10277.14, -28355.37, 100,0.0
1571838745.0571487, 1000.0, -0.0,4.080685666666667,52.002177333333336, 312.996, 21.1, 0.954041, 10280.1, -28358.54, 100,0.0
1571838745.4795282, 1000.0, -0.0,4.080644666666666,52.00220083333333, 313.003, 21.1, 1.06223, 10282.94, -28361.59, 100,0.0
1571838745.9051766, 1000.0, -0.0,4.080586666666667,52.00223416666667, 313.007, 21.1, -0.00983547, 10286.77, -28365.7, 100,0.0
1571838746.3435545, 1000.0, -0.0,4.080542333333334,52.00225966666667, 313.0, 21.1, -1.41631, 10289.61, -28368.75, 100,0.0
1571838746.7623105, 1000.0, -0.0,4.080491,52.00228933333333, 312.989, 21.1, -1.36713, 10292.7, -28372.06, 100,0.0
1571838747.1926832, 1000.0, -0.0,4.0804305,52.002324, 312.984, 21.1, -0.118026, 10296.41, -28376.04, 100,0.0
1571838747.6178946, 1000.0, -0.0,4.0803855,52.00235, 312.988, 21.2, 1.14091, 10299.38, -28379.22, 100,0.0
1571838748.0395217, 1000.0, -0.0,4.080338,52.002377333333335, 313.0, 21.2, 1.35729, 10302.35, -28382.41, 100,0.0
1571838748.4611979, 1000.0, -0.0,4.080292333333333,52.002403666666666, 313.005, 21.2, 0.157368, 10305.32, -28385.59, 100,0.0
1571838748.8919044, 1000.0, -0.0,4.0802345,52.002436833333334, 313.001, 21.2, -1.0819, 10309.03, -28389.57, 100,0.0
1571838749.3064573, 1000.0, -0.0,4.080187333333333,52.002464, 312.99, 21.2, -1.16059, 10312.0, -28392.76, 100,0.0
1571838749.7230167, 1000.0, -0.0,4.080141833333333,52.00249016666667, 312.986, 21.2, -0.373748, 10314.97, -28395.95, 100,0.0
1571838750.1446457, 1000.0, -0.0,4.080095,52.002517166666664, 312.985, 21.2, 0.0491774, 10317.94, -28399.13, 100,0.0
1571838750.5847123, 1000.0, -0.0,4.080039166666666,52.002549333333334, 312.987, 21.2, 0.570457, 10321.66, -28403.12, 100,0.0
1571838751.0224185, 1000.0, -0.0,4.0799905,52.00257716666667, 312.995, 21.2, 1.31795, 10324.63, -28406.3, 100,0.0
1571838751.4543571, 1000.0, -0.0,4.0799445,52.002603666666666, 313.004, 21.2, 1.11141, 10327.6, -28409.49, 100,0.0
1571838751.8873525, 1000.0, -0.0,4.079888,52.00263616666667, 313.008, 21.2, 0.245887, 10331.32, -28413.48, 100,0.0
1571838752.3150244, 1000.0, -0.0,4.079842166666666,52.002662666666666, 313.004, 21.2, -0.944205, 10334.29, -28416.66, 100,0.0
1571838752.736693, 1000.0, -0.0,4.0797955,52.0026895, 312.996, 21.2, -1.2491, 10337.26, -28419.85, 100,0.0
1571838753.1793666, 1000.0, -0.0,4.079735833333333,52.002723833333334, 312.989, 21.2, -0.836015, 10340.98, -28423.84, 100,50
1571838753.6025827, 1000.0, 0.400001,4.079691333333333,52.002749333333334, 313.014, 21.2, 19.13, 10343.94, -28427.03, 100,100
1571838754.0243495, 1000.0, 2.975,4.079643166666667,52.00277666666667, 313.694, 21.2, 125.029, 10346.89, -28430.24, 100,100
1571838754.4461038, 1000.0, 4.966675,4.0795968333333334,52.002802833333334, 314.785, 21.1, 193.837, 10349.82, -28433.45, 100,100
1571838754.875824, 1000.0, 6.883344999999999,4.079540166666667,52.002835, 316.25, 21.1, 256.637, 10352.64, -28436.51, 100,100
1571838755.2933748, 1000.0, 9.39169,4.079495,52.002861333333335, 318.792, 20.9, 326.843, 10356.48, -28440.55, 100,100
1571838755.709286, 1000.0, 11.450005,4.079449333333334,52.00288916666667, 321.402, 20.8, 414.182, 10359.51, -28443.58, 100,100
1571838756.1280584, 1000.0, 13.391665,4.079408,52.002916, 324.355, 20.6, 485.508, 10362.62, -28446.47, 100,100
1571838756.5496855, 1000.0, 15.4,4.0793675,52.00294433333333, 327.871, 20.3, 560.199, 10365.67, -28449.07, 100,100
1571838756.971773, 1000.0, 17.47501,4.079329,52.0029745, 332.067, 19.9, 637.948, 10369.21, -28451.78, 100,100
1571838757.4123046, 1000.0, 19.89169,4.079289,52.00301066666667, 337.601, 19.4, 726.9, 10373.27, -28454.43, 100,100
1571838757.8295045, 1000.0, 21.98336,4.0792595,52.003042666666666, 342.965, 18.9, 802.338, 10376.85, -28456.35, 100,100
1571838758.2511246, 1000.0, 23.95834,4.0792365,52.0030735, 348.47, 18.3, 867.941, 10380.19, -28457.8, 100,100
1571838758.6903303, 1000.0, 25.958345,4.079214666666667,52.0031125, 354.45, 17.6, 914.374, 10384.54, -28459.18, 100,100
1571838759.117686, 1000.0, 28.49168,4.079203,52.003144, 2.30593, 17.0, 940.225, 10388.13, -28459.88, 100,100
1571838759.5393362, 1000.0, 30.46666,4.079197333333333,52.00317416666667, 8.56158, 16.4, 950.139, 10391.51, -28460.18, 100,100
1571838759.961024, 1000.0, 32.399955,4.0791965,52.00320283333333, 14.7121, 15.9, 957.573, 10394.66, -28460.13, 100,100
1571838760.3978746, 1000.0, 34.80827,4.079202333333333,52.00323816666667, 22.6536, 15.2, 966.77, 10398.45, -28459.63, 100,100
1571838760.8311586, 1000.0, 35.0,4.079212,52.00326483333333, 29.0691, 14.8, 963.684, 10401.53, -28458.83, 100,100
1571838761.257946, 1000.0, 35.0,4.0792265,52.003291, 35.6099, 14.4, 951.547, 10404.3, -28457.78, 100,100
1571838761.7024403, 1000.0, 35.0,4.079250333333333,52.00332066666667, 43.5836, 14.0, 936.018, 10407.5, -28456.08, 100,100
1571838762.1101341, 1000.0, 35.0,4.079273166666667,52.003342, 49.7808, 13.7, 919.248, 10409.92, -28454.38, 100,100
1571838762.5309832, 1000.0, 35.0,4.079298333333333,52.003361166666664, 55.6735, 13.6, 901.064, 10411.94, -28452.62, 100,100
1571838762.9526248, 1000.0, 35.0,4.0793275,52.003378833333336, 61.7627, 13.4, 890.108, 10413.9, -28450.51, 100,100
1571838763.384371, 1000.0, 35.0,4.079367,52.00339783333333, 67.6669, 13.3, 882.549, 10415.91, -28447.74, 100,100
1571838763.7934396, 1000.0, 35.0,4.079400166666667,52.003410333333335, 73.3876, 13.2, 878.787, 10417.2, -28445.47, 100,100
1571838764.2210793, 1000.0, 35.0,4.0794353333333335,52.00342066666666, 80.7264, 13.1, 877.007, 10418.29, -28443.0, 100,100
1571838764.6427512, 1000.0, 35.0,4.079471666666667,52.003428666666665, 86.492, 13.1, 874.518, 10419.13, -28440.44, 100,100
1571838765.064425, 1000.0, 35.0,4.079511,52.003434666666664, 92.5266, 13.0, 870.712, 10419.71, -28437.71, 100,100
1571838765.484017, 1000.0, 35.0,4.079559333333333,52.003438333333335, 98.3389, 13.0, 866.353, 10420.0, -28435.05, 100,100
1571838765.9150503, 1000.0, 35.0,4.079596166666667,52.00343866666667, 105.272, 13.0, 861.718, 10419.98, -28431.83, 100,100
1571838766.3366804, 1000.0, 35.0,4.079636166666667,52.003436666666666, 111.224, 12.9, 860.009, 10419.66, -28429.07, 100,100
1571838766.7583508, 1000.0, 35.0,4.079674333333333,52.00343216666667, 117.006, 12.9, 860.481, 10419.08, -28426.48, 100,100
1571838767.1807141, 1000.0, 35.0,4.0797195,52.0034235, 122.531, 12.9, 861.307, 10418.04, -28423.44, 100,100
1571838767.6147883, 1000.0, 35.0,4.079755,52.00341383333333, 128.322, 12.9, 861.445, 10416.91, -28421.04, 100,100
1571838768.0363972, 1000.0, 35.0,4.079787333333333,52.003402666666666, 135.33, 12.9, 860.781, 10415.61, -28418.86, 100,100
1571838768.4580626, 1000.0, 35.0,4.079820833333334,52.00338816666667, 141.424, 12.9, 859.719, 10413.89, -28416.55, 100,100
1571838768.8937614, 1000.0, 35.0,4.079855333333334,52.00336933333333, 147.124, 12.9, 857.722, 10411.7, -28414.22, 100,100
1571838769.309799, 1000.0, 35.0,4.079882333333333,52.003350833333336, 154.286, 12.9, 856.094, 10409.6, -28412.44, 100,100
1571838769.7361357, 1000.0, 35.0,4.079904,52.003332666666665, 159.732, 12.9, 856.547, 10407.51, -28411.0, 100,100
1571838770.1578155, 1000.0, 35.0,4.079924166666666,52.00331166666667, 165.566, 12.9, 857.825, 10405.19, -28409.71, 100,100
1571838770.580968, 1000.0, 35.0,4.079943166666666,52.0032855, 171.363, 12.9, 859.527, 10402.24, -28408.48, 100,100
1571838771.0119824, 1000.0, 35.0,4.079955,52.00326283333333, 178.292, 12.9, 860.132, 10399.59, -28407.71, 100,100
1571838771.4329438, 1000.0, 35.0,4.079963333333334,52.003238833333334, 184.237, 12.9, 858.883, 10396.99, -28407.23, 100,100
1571838771.854641, 1000.0, 35.0,4.0799675,52.003216, 189.766, 12.9, 857.255, 10394.36, -28407.02, 100,100
1571838772.2931004, 1000.0, 35.0,4.079967333333333,52.00318583333333, 195.548, 12.9, 856.163, 10391.05, -28407.12, 100,100
1571838772.7033126, 1000.0, 35.0,4.079963,52.003162, 202.775, 12.9, 855.765, 10388.43, -28407.49, 100,100
1571838773.1118014, 1000.0, 35.0,4.079954666666667,52.00313883333333, 208.53, 12.9, 856.286, 10385.76, -28408.16, 100,100
1571838773.5335524, 1000.0, 35.0,4.0799433333333335,52.00311716666667, 214.029, 12.9, 857.658, 10383.37, -28409.02, 100,100
1571838773.9613626, 1000.0, 35.0,4.0799278333333335,52.00309516666667, 219.803, 12.9, 859.719, 10380.98, -28410.15, 100,100
1571838774.3837183, 1000.0, 35.0,4.0799035,52.0030695, 225.582, 12.9, 859.601, 10378.17, -28411.89, 100,100
1571838774.800578, 1000.0, 35.0,4.0798805,52.003050333333334, 232.764, 12.9, 858.46, 10376.09, -28413.52, 100,100
1571838775.2221603, 1000.0, 35.0,4.0798545,52.00303266666667, 238.508, 12.9, 857.624, 10374.19, -28415.36, 100,100
1571838775.6520631, 1000.0, 35.0,4.0798265,52.003017166666666, 244.124, 12.9, 855.883, 10372.47, -28417.38, 100,100
1571838776.0891962, 1000.0, 34.933324999999996,4.079786833333333,52.00299966666667, 249.876, 12.9, 855.656, 10370.63, -28420.12, 100,0
1571838776.5076628, 1000.0, 32.600049999999996,4.079752666666667,52.002988, 257.132, 12.9, 847.572, 10369.36, -28422.57, 100,0
1571838776.9270904, 1000.0, 30.658425,4.079718333333333,52.00297883333333, 262.504, 13.0, 825.284, 10368.42, -28424.95, 100,0
1571838777.3489263, 1000.0, 28.641795,4.079680833333334,52.0029715, 267.968, 13.1, 802.633, 10367.69, -28427.54, 100,0
1571838777.76592, 1000.0, 26.708465,4.0796435,52.002966666666666, 272.998, 13.3, 757.971, 10367.22, -28430.11, 100,0
1571838778.1974046, 1000.0, 24.20012,4.079593333333333,52.002963666666666, 279.017, 13.7, 684.677, 10366.96, -28433.7, 100,0
1571838778.6215405, 1000.0, 22.116780000000002,4.079550333333334,52.002963666666666, 283.521, 14.0, 639.286, 10367.04, -28436.57, 100,0
1571838779.043141, 1000.0, 20.108445,4.0795078333333334,52.00296616666667, 287.483, 14.4, 565.963, 10367.37, -28439.49, 100,0
1571838779.4648654, 1000.0, 18.08345,4.079464333333333,52.00297066666667, 291.066, 14.8, 503.143, 10367.97, -28442.6, 100,0
1571838779.9036047, 1000.0, 15.666770000000001,4.0794115,52.002979, 294.782, 15.4, 427.233, 10368.97, -28446.24, 100,0
1571838780.3203917, 1000.0, 13.633445,4.0793665,52.00298816666667, 297.431, 15.8, 362.162, 10370.03, -28449.3, 100,0
1571838780.7437747, 1000.0, 11.725105000000001,4.079324,52.00299833333333, 299.526, 16.3, 299.549, 10371.28, -28452.38, 100,0
1571838781.1661534, 1000.0, 9.641765,4.0792771666666665,52.00301133333333, 301.325, 16.7, 229.983, 10372.72, -28455.49, 100,0
1571838781.5993032, 1000.0, 7.60011,4.0792195,52.003029166666664, 302.618, 17.3, 158.292, 10374.73, -28459.4, 100,0
1571838782.0221977, 1000.0, 5.14178,4.079174666666667,52.003044333333335, 303.517, 17.7, 70.2548, 10376.49, -28462.56, 100,0
1571838782.4439006, 1000.0, 3.0917635,4.079127333333333,52.00306116666667, 303.722, 18.1, -1.12124, 10378.44, -28465.88, 100,0
1571838782.865656, 1000.0, 1.1750934999999998,4.079082666666666,52.003077833333336, 303.482, 18.4, -64.4715, 10380.32, -28468.97, 100,0
1571838783.3078911, 1000.0, -0.0,4.079022,52.003100833333335, 302.738, 18.8, -88.6373, 10382.93, -28473.2, 100,0
1571838783.7249267, 1000.0, -0.0,4.078974166666667,52.003119166666664, 302.294, 19.1, -57.2228, 10384.9, -28476.4, 100,0
1571838784.146579, 1000.0, -0.0,4.078924833333334,52.003137833333334, 301.988, 19.3, -36.8929, 10387.06, -28479.92, 100,0
1571838784.5778203, 1000.0, -0.0,4.078864333333334,52.003160666666666, 301.805, 19.6, -22.2478, 10389.6, -28484.07, 100,0
1571838784.9987807, 1000.0, -0.0,4.078813833333333,52.003179833333334, 301.679, 19.8, -12.2845, 10391.72, -28487.54, 100,0
1571838785.4121373, 1000.0, -0.0,4.0787648333333335,52.00319833333333, 301.622, 20.0, -7.94706, 10393.87, -28491.04, 100,0
1571838785.830555, 1000.0, -0.0,4.078710833333333,52.00321866666667, 301.568, 20.1, -7.82904, 10396.02, -28494.58, 100,0
1571838786.2522087, 1000.0, -0.0,4.078660833333333,52.0032375, 301.515, 20.3, -8.16344, 10398.2, -28498.13, 100,0
1571838786.6709797, 1000.0, -0.0,4.078594166666667,52.003262666666664, 301.462, 20.4, -7.26841, 10400.38, -28501.71, 100,0
1571838787.0797164, 1000.0, -0.0,4.078542,52.00328233333333, 301.421, 20.5, -4.87839, 10402.58, -28505.3, 100,0
1571838787.5140498, 1000.0, -0.0,4.078491333333333,52.00330133333333, 301.397, 20.6, -1.39664, 10405.33, -28509.82, 100,0
1571838787.9344394, 1000.0, -0.0,4.078437666666667,52.0033215, 301.396, 20.7, 0.52128, 10407.54, -28513.45, 100,0
1571838788.356224, 1000.0, -0.0,4.078388666666667,52.00334, 301.401, 20.7, 0.845851, 10409.67, -28516.94, 100,0
1571838788.7779894, 1000.0, -0.0,4.078317833333333,52.003366666666665, 301.405, 20.8, 0.3049, 10412.09, -28520.89, 100,0
1571838789.196998, 1000.0, -0.0,4.078267333333334,52.00338566666667, 301.402, 20.9, -1.04256, 10414.79, -28525.32, 100,0
1571838789.6153295, 1000.0, -0.0,4.078211,52.00340683333334, 301.393, 20.9, -2.03594, 10417.12, -28529.14, 100,0
1571838790.0369577, 1000.0, -0.0,4.078159166666667,52.00342633333333, 301.375, 20.9, -1.89825, 10419.27, -28532.67, 100,0
1571838790.4586291, 1000.0, -0.0,4.0781075,52.00344583333333, 301.368, 21.0, -0.363912, 10421.52, -28536.35, 100,0
1571838790.8957822, 1000.0, -0.0,4.078039333333333,52.0034715, 301.374, 21.0, 1.28845, 10424.33, -28540.96, 100,0
1571838791.3171256, 1000.0, -0.0,4.077985166666666,52.003491833333335, 301.383, 21.0, 1.34746, 10426.58, -28544.66, 100,0
1571838791.738765, 1000.0, -0.0,4.077931,52.00351216666667, 301.389, 21.1, 0.432761, 10428.84, -28548.36, 100,0
1571838792.1692557, 1000.0, -0.0,4.077865166666666,52.003537, 301.389, 21.1, -0.383583, 10431.1, -28552.07, 100,0
1571838792.6027358, 1000.0, -0.0,4.077811166666667,52.00355733333333, 301.384, 21.1, -0.924534, 10434.02, -28556.85, 100,0
1571838793.024337, 1000.0, -0.0,4.077759,52.003577, 301.375, 21.1, -1.04256, 10436.19, -28560.41, 100,0
1571838793.4459927, 1000.0, -0.0,4.077702166666667,52.0035985, 301.37, 21.1, -0.373748, 10438.45, -28564.12, 100,0
1571838793.8786812, 1000.0, -0.0,4.077647333333333,52.003619, 301.371, 21.1, 0.442596, 10440.81, -28567.99, 100,-40
1571838794.3183084, 1000.0, -1.1999995,4.077581333333334,52.003644, 301.234, 21.2, -53.9771, 10443.56, -28572.47, 100,-100
1571838794.7453375, 1000.0, -3.2250015,4.077527,52.003664666666666, 300.558, 21.2, -133.349, 10445.95, -28576.33, 100,-100
1571838795.1623256, 1000.0, -5.09166,4.077477,52.003684, 299.501, 21.1, -197.024, 10448.06, -28579.71, 100,-100
1571838795.5952237, 1000.0, -7.18333,4.077407,52.00371066666667, 297.859, 21.0, -266.0, 10450.99, -28584.48, 100,-100
1571838796.020585, 1000.0, -9.658355,4.077354333333333,52.00373, 295.278, 20.9, -351.943, 10453.19, -28588.19, 100,-100
1571838796.4422605, 1000.0, -11.73333,4.077298166666667,52.003749666666664, 292.555, 20.8, -426.496, 10455.35, -28592.09, 100,-100
1571838796.874109, 1000.0, -14.175,4.0772315,52.003771, 288.7, 20.5, -515.408, 10457.65, -28596.65, 100,-100
1571838797.2992554, 1000.0, -16.191664999999997,4.077175833333333,52.00378666666667, 285.977, 20.1, -570.506, 10459.32, -28600.46, 100,-100
1571838797.7181163, 1000.0, -18.083345,4.077123333333334,52.0037995, 280.949, 19.8, -659.154, 10460.74, -28604.29, 100,-100
1571838798.1397295, 1000.0, -20.241690000000002,4.077063333333333,52.00381133333333, 275.912, 19.3, -737.995, 10461.92, -28608.28, 100,-100
1571838798.5614948, 1000.0, -22.15836,4.077010166666667,52.003819166666666, 270.942, 18.8, -807.817, 10462.7, -28611.93, 100,-100
1571838798.9829235, 1000.0, -24.216675,4.07694,52.00382533333333, 265.128, 18.1, -877.472, 10463.2, -28615.83, 100,-100
1571838799.3973482, 1000.0, -26.71669,4.0768873333333335,52.0038265, 259.095, 17.5, -921.092, 10463.29, -28620.23, 100,-100
1571838799.8122678, 1000.0, -28.750014999999998,4.076835333333333,52.003824333333334, 251.224, 16.9, -943.753, 10462.95, -28623.86, 100,-100
1571838800.2338805, 1000.0, -30.724995000000003,4.076787,52.00381933333333, 244.972, 16.3, -953.47, 10462.31, -28627.04, 100,-100
1571838800.6555328, 1000.0, -32.64163,4.076742666666667,52.00381183333333, 238.807, 15.8, -958.644, 10461.34, -28630.17, 100,-100
1571838801.068158, 1000.0, -34.616575,4.076688666666667,52.00379816666667, 232.45, 15.3, -964.23, 10460.09, -28633.07, 100,-100
1571838801.4855995, 1000.0, -35.0,4.076650833333334,52.00378516666667, 225.853, 14.7, -964.157, 10458.17, -28636.37, 100,-100
1571838801.9137826, 1000.0, -35.0,4.076614666666667,52.003769166666665, 217.949, 14.3, -952.064, 10456.37, -28638.72, 100,-100
1571838802.3354297, 1000.0, -35.0,4.0765825,52.003751333333334, 211.499, 14.0, -936.888, 10454.37, -28640.81, 100,-100
1571838802.757073, 1000.0, -35.0,4.076555333333333,52.003732666666664, 205.417, 13.8, -920.802, 10452.2, -28642.65, 100,-100
1571838803.1854398, 1000.0, -35.0,4.0765255,52.003706333333334, 199.189, 13.6, -904.175, 10449.88, -28644.21, 100,-100
1571838803.6019857, 1000.0, -35.0,4.076507166666667,52.00368533333334, 193.163, 13.4, -890.907, 10446.8, -28645.8, 100,-100
1571838804.0151567, 1000.0, -35.0,4.0764915,52.003661666666666, 185.811, 13.3, -881.839, 10444.13, -28646.8, 100,-100
1571838804.4367259, 1000.0, -35.0,4.076480833333333,52.003639166666666, 180.187, 13.2, -879.581, 10441.61, -28647.46, 100,-100
1571838804.858342, 1000.0, -35.0,4.0764735,52.003614666666664, 174.158, 13.1, -877.885, 10438.82, -28647.88, 100,-100
1571838805.2730145, 1000.0, -35.0,4.076470333333333,52.00358466666667, 168.365, 13.1, -874.541, 10436.24, -28648.01, 100,-100
1571838805.7007484, 1000.0, -35.0,4.076472,52.00356166666667, 161.318, 13.0, -869.711, 10432.9, -28647.8, 100,-100
1571838806.119669, 1000.0, -35.0,4.0764775,52.003538166666665, 155.559, 13.0, -865.841, 10430.27, -28647.34, 100,-100
1571838806.5413334, 1000.0, -35.0,4.076487,52.003514333333335, 149.68, 13.0, -862.566, 10427.7, -28646.61, 100,-100
1571838806.9630702, 1000.0, -35.0,4.076500666666667,52.00349116666667, 143.765, 12.9, -862.138, 10425.22, -28645.63, 100,-100
1571838807.385327, 1000.0, -35.0,4.0765218333333335,52.003465, 137.893, 12.9, -863.299, 10422.29, -28644.06, 100,-100
1571838807.8057206, 1000.0, -35.0,4.076542833333333,52.00344483333333, 130.918, 12.9, -862.094, 10420.1, -28642.56, 100,-100
1571838808.227527, 1000.0, -35.0,4.076567,52.00342633333333, 125.178, 12.9, -860.196, 10418.08, -28640.84, 100,-100
1571838808.6491957, 1000.0, -35.0,4.076594333333333,52.003409, 119.352, 12.9, -859.153, 10416.24, -28638.93, 100,-100
1571838809.0709922, 1000.0, -35.0,4.076623833333334,52.003394, 113.649, 12.9, -858.949, 10414.59, -28636.85, 100,-100
1571838809.4866612, 1000.0, -35.0,4.0766635,52.00337783333333, 108.114, 12.9, -858.649, 10412.85, -28634.04, 100,-100
1571838809.8988805, 1000.0, -35.0,4.076697666666667,52.003367, 100.846, 12.9, -857.631, 10411.71, -28631.64, 100,-100
1571838810.3113408, 1000.0, -35.0,4.0767343333333335,52.003358166666665, 95.0092, 12.9, -857.572, 10410.82, -28629.15, 100,-100
1571838810.732922, 1000.0, -35.0,4.076770333333333,52.003352, 89.4568, 12.9, -858.401, 10410.19, -28626.58, 100,-100
1571838811.1548977, 1000.0, -35.0,4.076808166666667,52.003348, 83.7288, 12.9, -859.724, 10409.81, -28623.96, 100,-100
1571838811.5765383, 1000.0, -35.0,4.076856,52.00334616666667, 78.1411, 12.9, -859.217, 10409.69, -28621.32, 100,-100
1571838811.9947927, 1000.0, -35.0,4.076894833333333,52.0033475, 72.2765, 12.9, -857.451, 10409.92, -28618.02, 100,-100
1571838812.4285383, 1000.0, -35.0,4.076931833333333,52.003351, 65.1855, 12.9, -856.281, 10410.4, -28615.41, 100,-100
1571838812.8505664, 1000.0, -35.0,4.076971,52.00335716666667, 59.2379, 12.9, -856.711, 10411.13, -28612.87, 100,-100
1571838813.2962506, 1000.0, -35.0,4.077015666666667,52.003367833333336, 53.4979, 12.9, -858.075, 10412.4, -28609.81, 100,-100
1571838813.7160938, 1000.0, -35.0,4.077049333333333,52.00337866666667, 46.4367, 12.9, -858.96, 10413.68, -28607.5, 100,-100
1571838814.1377492, 1000.0, -35.0,4.0770816666666665,52.003391666666666, 40.6655, 12.9, -858.118, 10415.19, -28605.32, 100,-100
1571838814.5594814, 1000.0, -35.0,4.0771095,52.0034055, 35.3076, 12.9, -856.619, 10416.9, -28603.31, 100,-100
1571838814.9871128, 1000.0, -35.0,4.077144666666666,52.003427333333335, 29.4071, 12.9, -856.812, 10419.31, -28601.05, 100,-100
1571838815.4192166, 1000.0, -35.0,4.077169166666667,52.003446333333336, 22.0479, 12.9, -857.649, 10421.53, -28599.4, 100,-100
1571838815.8410985, 1000.0, -35.0,4.077189333333333,52.00346583333334, 16.4732, 12.9, -857.667, 10423.7, -28598.1, 100,-100
1571838816.2576597, 1000.0, -34.97501,4.077207,52.00348733333333, 10.6837, 12.9, -857.736, 10426.09, -28596.97, 100,0
1571838816.6891778, 1000.0, -32.82503,4.0772235,52.00351466666667, 5.15197, 12.9, -850.172, 10429.23, -28595.9, 100,0
1571838817.1387012, 1000.0, -30.79174,4.077232833333333,52.003538166666665, 358.031, 13.0, -826.189, 10431.83, -28595.34, 100,0
1571838817.560436, 1000.0, -28.866775,4.077238166666667,52.003561, 352.786, 13.1, -804.05, 10434.5, -28595.03, 100,0
1571838817.975699, 1000.0, -26.841779999999996,4.0772398333333335,52.003592, 347.494, 13.3, -761.629, 10437.23, -28594.99, 100,0
1571838818.4037359, 1000.0, -24.283455,4.0772365,52.003617166666665, 341.369, 13.6, -701.653, 10440.69, -28595.31, 100,0
1571838818.8214524, 1000.0, -22.283450000000002,4.0772295,52.00364233333333, 337.003, 14.0, -629.736, 10443.5, -28595.87, 100,0
1571838819.2430995, 1000.0, -20.275115,4.077218666666667,52.003667666666665, 333.006, 14.4, -571.195, 10446.32, -28596.67, 100,0
1571838819.690101, 1000.0, -18.333455000000004,4.077200666666666,52.00369883333333, 329.516, 14.9, -510.412, 10449.86, -28598.02, 100,0
1571838820.1262603, 1000.0, -15.775094999999999,4.077181833333333,52.00372483333334, 325.546, 15.3, -431.61, 10452.7, -28599.35, 100,0
1571838820.5478947, 1000.0, -13.850095,4.077161,52.003749166666665, 322.985, 15.8, -370.886, 10455.53, -28600.9, 100,0
1571838820.9848363, 1000.0, -11.78345,4.077129,52.00378166666667, 320.698, 16.3, -303.011, 10459.05, -28603.12, 100,0
1571838821.4185083, 1000.0, -9.275105,4.077100833333334,52.003806833333336, 318.556, 16.8, -216.046, 10461.98, -28605.17, 100,0
1571838821.8401701, 1000.0, -7.325114999999999,4.0770713333333335,52.0038315, 317.406, 17.2, -147.758, 10464.67, -28607.21, 100,0
1571838822.2618845, 1000.0, -5.3251100000000005,4.077039166666666,52.003856666666664, 316.688, 17.6, -76.4806, 10467.48, -28609.48, 100,0
1571838822.6889446, 1000.0, -2.8500955,4.076996666666667,52.00388783333333, 316.444, 18.1, -4.59316, 10471.01, -28612.47, 100,0
1571838823.1000326, 1000.0, -0.783426,4.076959666666666,52.00391416666667, 316.787, 18.5, 61.6979, 10473.86, -28614.96, 100,0
1571838823.5149493, 1000.0, -0.0,4.076923833333334,52.00393916666667, 317.377, 18.8, 84.8801, 10476.74, -28617.51, 100,0
1571838823.93422, 1000.0, -0.0,4.076885333333333,52.003966, 317.856, 19.1, 59.062, 10479.68, -28620.1, 100,0
1571838824.3557014, 1000.0, -0.0,4.076848166666666,52.003992, 318.165, 19.3, 38.9583, 10482.65, -28622.73, 100,0
1571838824.8197875, 1000.0, -0.0,4.0767991666666665,52.0040265, 318.402, 19.6, 19.848, 10486.43, -28626.05, 100,0
1571838825.2414558, 1000.0, -0.0,4.0767603333333335,52.00405383333333, 318.498, 19.8, 11.0649, 10489.62, -28628.84, 100,0
1571838825.6557631, 1000.0, -0.0,4.076724333333333,52.004079, 318.553, 20.0, 8.06509, 10492.45, -28631.32, 100,0
1571838826.0799294, 1000.0, -0.0,4.076672833333333,52.00411533333333, 318.608, 20.2, 7.86838, 10496.47, -28634.85, 100,0
1571838826.5059545, 1000.0, -0.0,4.076631833333333,52.00414416666667, 318.677, 20.3, 8.24212, 10499.6, -28637.6, 100,0
1571838826.9277542, 1000.0, -0.0,4.076592833333334,52.004171666666664, 318.727, 20.4, 7.15039, 10502.76, -28640.37, 100,0
1571838827.3495593, 1000.0, -0.0,4.0765515,52.004200833333336, 318.767, 20.5, 4.52432, 10505.93, -28643.15, 100,0
1571838827.7848463, 1000.0, -0.0,4.076502333333333,52.0042355, 318.786, 20.6, 1.56384, 10509.92, -28646.64, 100,0
1571838828.207771, 1000.0, -0.0,4.076461666666667,52.004264166666665, 318.785, 20.7, -1.17042, 10513.12, -28649.44, 100,0
1571838828.6283789, 1000.0, -0.0,4.0764206666666665,52.004293, 318.776, 20.8, -1.10157, 10516.34, -28652.25, 100,0
1571838829.0499895, 1000.0, -0.0,4.0763795,52.004322, 318.774, 20.8, 0.442596, 10519.56, -28655.07, 100,0
1571838829.47147, 1000.0, -0.0,4.076336833333333,52.004352, 318.783, 20.9, 1.92775, 10522.92, -28658.02, 100,0
1571838829.8911562, 1000.0, -0.0,4.0762868333333335,52.004387333333334, 318.797, 20.9, 2.27199, 10526.84, -28661.45, 100,0
1571838830.3053455, 1000.0, -0.0,4.076245166666666,52.00441683333333, 318.812, 21.0, 1.0524, 10530.08, -28664.29, 100,0
1571838830.725713, 1000.0, -0.0,4.0762046666666665,52.00444533333334, 318.814, 21.0, -0.118026, 10533.34, -28667.13, 100,0
1571838831.1473427, 1000.0, -0.0,4.076163666666667,52.00447416666667, 318.81, 21.0, -0.816344, 10536.59, -28669.98, 100,0
1571838831.5781868, 1000.0, -0.0,4.076110333333333,52.00451183333333, 318.805, 21.1, -0.688483, 10539.85, -28672.84, 100,0
1571838832.0026848, 1000.0, -0.0,4.076071166666667,52.0045395, 318.801, 21.1, -0.285229, 10543.93, -28676.41, 100,0
1571838832.4244173, 1000.0, -0.0,4.076028166666666,52.004569833333335, 318.799, 21.1, -0.236051, 10547.2, -28679.27, 100,0
1571838832.8461285, 1000.0, -0.0,4.075988,52.00459816666667, 318.799, 21.1, 0.0983547, 10550.47, -28682.13, 100,0
1571838833.274775, 1000.0, -0.0,4.075934,52.004636166666664, 318.802, 21.1, 0.678647, 10553.74, -28685.0, 100,0
1571838833.702849, 1000.0, -0.0,4.0758928333333335,52.00466516666667, 318.809, 21.2, 0.796673, 10557.84, -28688.58, 80,0
1571838834.1244416, 949.763, -0.0,4.0758515,52.00469433333333, 318.811, 21.1, 0.00983547, 10561.11, -28691.45, 80,0
1571838834.546075, 905.564, -0.0,4.0758095,52.00472383333334, 318.808, 21.0, -0.708154, 10564.37, -28694.3, 80,0
1571838834.9642498, 831.35, -0.0,4.07576,52.004758833333334, 318.803, 20.7, -0.836015, 10567.58, -28697.11, 80,0
1571838835.386187, 800.0, -0.0,4.0757185,52.004788166666664, 318.799, 20.2, -0.354077, 10570.74, -28699.87, 80,0
1571838835.805738, 800.0, -0.0,4.075682666666666,52.00481333333333, 318.797, 19.8, -0.0786838, 10574.59, -28703.25, 80,0
1571838836.221948, 800.0, -0.0,4.075639833333334,52.0048435, 318.797, 19.4, 0.127861, 10577.73, -28705.99, 80,0
1571838836.643687, 800.0, -0.0,4.075601833333334,52.004870333333336, 318.8, 19.1, 0.540951, 10580.58, -28708.49, 80,0
1571838837.0726457, 800.0, -0.0,4.075555166666667,52.004903166666665, 318.804, 18.9, 0.777002, 10583.52, -28711.06, 80,0
1571838837.4842882, 800.0, -0.0,4.07552,52.004928, 318.809, 18.7, 0.688483, 10587.15, -28714.24, 80,0
1571838837.9010453, 800.0, -0.0,4.0754825,52.0049545, 318.811, 18.5, -0.393419, 10590.03, -28716.76, 80,0
1571838838.3276951, 800.0, -0.0,4.075446166666667,52.00498, 318.804, 18.4, -1.46549, 10592.88, -28719.25, 80,0
1571838838.7493687, 800.0, -0.0,4.0754098333333335,52.00500566666667, 318.795, 18.3, -1.12124, 10595.71, -28721.73, 80,0
1571838839.1798928, 800.0, -0.0,4.075365166666667,52.00503716666667, 318.791, 18.1, 0.0196709, 10599.22, -28724.81, 80,0
1571838839.6006155, 800.0, -0.0,4.0753303333333335,52.005061833333336, 318.795, 18.0, 0.836015, 10602.01, -28727.25, 80,0
1571838840.0278015, 800.0, -0.0,4.075297166666667,52.00508516666667, 318.803, 17.9, 0.855686, 10604.79, -28729.68, 80,0
1571838840.4494817, 800.0, -0.0,4.075259833333333,52.0051115, 318.806, 17.8, 0.157368, 10607.55, -28732.1, 80,0
1571838840.8666353, 800.0, -0.0,4.075223833333333,52.00513683333333, 318.805, 17.7, -0.265558, 10610.3, -28734.51, 80,0
1571838841.2796597, 800.0, -0.0,4.0751805,52.00516733333333, 318.802, 17.7, -0.570457, 10613.04, -28736.9, 80,0
1571838841.7001936, 800.0, -0.0,4.075146166666666,52.0051915, 318.797, 17.6, -0.708154, 10616.45, -28739.89, 80,0
1571838842.117354, 800.0, -0.0,4.075111333333333,52.00521616666666, 318.795, 17.5, -0.0196709, 10619.17, -28742.27, 80,0
1571838842.544143, 800.0, -0.0,4.075077833333333,52.00523966666667, 318.796, 17.5, 0.363912, 10621.88, -28744.64, 80,0
1571838842.9659235, 800.0, -0.0,4.075042833333334,52.0052645, 318.8, 17.5, 0.668812, 10624.58, -28747.01, 80,0
1571838843.3931646, 800.0, -0.0,4.074999166666666,52.00529516666667, 318.804, 17.4, 0.550786, 10627.95, -28749.96, 80,0
1571838843.8103304, 800.0, -0.0,4.074965166666667,52.005319166666666, 318.806, 17.4, -0.255722, 10630.75, -28752.41, 80,0
1571838844.231963, 800.0, -0.0,4.0749315,52.005343, 318.802, 17.3, -0.904863, 10633.33, -28754.67, 80,0
1571838844.6536157, 800.0, -0.0,4.0748983333333335,52.005366333333335, 318.794, 17.3, -1.13108, 10636.01, -28757.01, 80,0
1571838845.0854466, 800.0, -0.0,4.074854833333333,52.005397, 318.789, 17.3, -0.324571, 10638.69, -28759.36, 80,0
1571838845.5138292, 800.0, -0.0,4.074821,52.00542083333333, 318.792, 17.3, 0.904863, 10642.03, -28762.28, 80,0
1571838845.9369764, 800.0, -0.0,4.074786333333333,52.00544516666667, 318.8, 17.2, 1.17042, 10644.69, -28764.62, 80,0
1571838846.3586512, 800.0, -0.0,4.074752833333333,52.00546883333333, 318.807, 17.2, 0.904863, 10647.47, -28767.05, 80,0
1571838846.7849486, 800.0, -0.0,4.074712166666667,52.0054975, 318.811, 17.2, 0.472103, 10650.69, -28769.87, 80,0
1571838847.2225778, 800.0, -0.0,4.074676666666667,52.0055225, 318.811, 17.2, -0.580293, 10653.35, -28772.2, 80,0
1571838847.6442268, 800.0, -0.0,4.074643666666667,52.005545833333336, 318.804, 17.2, -1.18026, 10656.01, -28774.52, 80,0
1571838848.0874755, 800.0, -0.0,4.0746015,52.0055755, 318.796, 17.2, -1.14091, 10659.33, -28777.43, 80,0
1571838848.5132623, 800.0, -0.0,4.074568,52.00559916666667, 318.791, 17.1, -0.137697, 10661.99, -28779.75, 80,0
1571838848.9327064, 800.0, -0.0,4.074533,52.00562383333333, 318.794, 17.1, 0.836015, 10664.75, -28782.17, 80,0
1571838849.3497286, 800.0, -0.0,4.074499666666667,52.005647333333336, 318.801, 17.1, 1.04256, 10667.29, -28784.4, 80,0
1571838849.771221, 800.0, -0.0,4.074467666666667,52.00567, 318.806, 17.1, 0.658977, 10669.94, -28786.72, 80,0
1571838850.2039297, 800.0, -0.0,4.074423666666666,52.005700833333336, 318.807, 17.1, -0.127861, 10673.25, -28789.62, 80,0
1571838850.61755, 800.0, -0.0,4.074391,52.005723833333334, 318.803, 17.1, -0.688483, 10675.9, -28791.94, 80,0
1571838851.0430744, 800.0, -0.0,4.074356666666667,52.00574816666666, 318.799, 17.1, -0.52128, 10678.55, -28794.25, 60,0
1571838851.4789038, 751.307, -0.0,4.074315166666667,52.0057775, 318.796, 17.0, -0.255722, 10681.85, -28797.14, 60,0
1571838851.9052615, 693.637, -0.0,4.074281,52.0058015, 318.796, 16.9, 0.255722, 10684.47, -28799.44, 60,0
1571838852.3268905, 618.503, -0.0,4.074248666666667,52.00582433333334, 318.801, 16.6, 1.00322, 10687.05, -28801.7, 60,0
1571838852.7486591, 600.0, -0.0,4.074216333333333,52.00584716666667, 318.808, 16.4, 1.02289, 10689.6, -28803.93, 60,0
1571838853.1675208, 600.0, -0.0,4.074176,52.0058755, 318.812, 16.2, 0.10819, 10692.12, -28806.13, 60,0
1571838853.6115127, 600.0, -0.0,4.074145,52.0058975, 318.806, 16.0, -0.93437, 10695.22, -28808.85, 60,0
1571838854.033772, 600.0, -0.0,4.074113333333333,52.00591983333333, 318.799, 15.7, -0.93437, 10697.77, -28811.07, 60,0
1571838854.4555252, 600.0, -0.0,4.074082333333333,52.005941666666665, 318.795, 15.5, -0.363912, 10700.08, -28813.1, 60,0
1571838854.86741, 600.0, -0.0,4.0740525,52.0059625, 318.796, 15.3, 0.403254, 10702.45, -28815.18, 60,0
1571838855.311945, 600.0, -0.0,4.0740145,52.00598933333333, 318.802, 15.0, 0.993383, 10705.37, -28817.73, 60,0
1571838855.7335818, 600.0, -0.0,4.073984833333333,52.006010333333336, 318.809, 14.8, 0.875357, 10707.67, -28819.75, 60,0
1571838856.1565135, 600.0, -0.0,4.073956666666667,52.00603016666667, 318.812, 14.6, 0.236051, 10709.94, -28821.73, 60,0
1571838856.585215, 600.0, -0.0,4.073921166666667,52.00605516666667, 318.811, 14.4, -0.609799, 10712.73, -28824.18, 60,0
1571838857.0041842, 600.0, -0.0,4.073892833333334,52.00607516666667, 318.804, 14.3, -0.914699, 10714.95, -28826.11, 60,0
1571838857.422828, 600.0, -0.0,4.073865,52.006094833333336, 318.798, 14.2, -0.796673, 10717.14, -28828.04, 60,0
1571838857.8444903, 600.0, -0.0,4.0738375,52.00611416666667, 318.795, 14.1, -0.226216, 10719.32, -28829.94, 60,0
1571838858.2624779, 600.0, -0.0,4.073803166666667,52.00613833333333, 318.796, 14.0, 0.511445, 10721.49, -28831.84, 60,0
1571838858.78891, 600.0, -0.0,4.073768,52.00616316666667, 318.803, 13.8, 0.944205, 10724.71, -28834.66, 60,0
1571838859.2020152, 600.0, -0.0,4.073741166666666,52.00618216666667, 318.809, 13.8, 0.383583, 10726.84, -28836.53, 60,0
1571838859.6194663, 600.0, -0.0,4.073714,52.00620133333334, 318.81, 13.7, 0.0196709, 10728.96, -28838.38, 60,0
1571838860.0411036, 600.0, -0.0,4.0736878333333335,52.00621966666667, 318.807, 13.6, -0.511445, 10731.07, -28840.23, 60,0
1571838860.4764423, 600.0, -0.0,4.073655333333333,52.006242666666665, 318.803, 13.5, -0.649141, 10733.7, -28842.53, 60,0
1571838860.8980975, 600.0, -0.0,4.073627833333333,52.006262, 318.799, 13.5, -0.373748, 10735.79, -28844.36, 60,0
1571838861.3248935, 600.0, -0.0,4.0736005,52.006281333333334, 318.798, 13.4, 0.0196709, 10737.87, -28846.18, 60,0
1571838861.7516963, 600.0, -0.0,4.073574166666667,52.00629983333334, 318.799, 13.4, 0.245887, 10740.03, -28848.07, 60,0
1571838862.173963, 600.0, -0.0,4.0735425,52.00632216666666, 318.802, 13.3, 0.501609, 10742.52, -28850.25, 60,0
1571838862.5886905, 600.0, -0.0,4.0735166666666665,52.0063405, 318.805, 13.3, 0.531115, 10744.58, -28852.06, 60,0
1571838863.014968, 600.0, -0.0,4.073489333333334,52.00635966666667, 318.807, 13.2, -0.186874, 10746.72, -28853.93, 60,0
1571838863.4366739, 600.0, -0.0,4.073463,52.006378166666664, 318.803, 13.2, -0.845851, 10748.77, -28855.72, 60,0
1571838863.8541427, 600.0, -0.0,4.073437166666666,52.0063965, 318.797, 13.2, -0.62947, 10750.81, -28857.51, 60,0
1571838864.2932737, 594.435, -0.0,4.073405,52.00641916666667, 318.796, 13.1, 0.21638, 10753.27, -28859.66, 40,0
1571838864.7095435, 536.046, -0.0,4.073379666666667,52.006437, 318.801, 13.1, 0.73766, 10755.3, -28861.44, 40,0
1571838865.1312008, 491.718, -0.0,4.073353833333333,52.00645516666667, 318.806, 12.9, 0.757331, 10757.31, -28863.2, 40,0
1571838865.5657375, 416.905, -0.0,4.073323,52.006477, 318.81, 12.8, 0.3049, 10759.38, -28865.01, 40,0
1571838865.9900393, 400.0, -0.0,4.073297166666666,52.00649516666667, 318.808, 12.7, -0.708154, 10761.77, -28867.1, 40,0
1571838866.4189386, 400.0, -0.0,4.0732725,52.0065125, 318.801, 12.7, -1.22943, 10763.73, -28868.82, 40,0
1571838866.8405643, 400.0, -0.0,4.073246666666667,52.006530833333336, 318.793, 12.6, -0.816344, 10765.77, -28870.6, 40,0
1571838867.262236, 400.0, -0.0,4.073221833333333,52.006548333333335, 318.793, 12.6, 0.540951, 10767.72, -28872.31, 40,0
1571838867.69394, 400.0, -0.0,4.073192,52.00656933333333, 318.8, 12.5, 1.43598, 10770.14, -28874.42, 40,0
1571838868.109494, 400.0, -0.0,4.073168666666667,52.00658583333333, 318.811, 12.4, 0.993383, 10771.5, -28875.62, 40,0
1571838868.5313895, 400.0, -0.0,4.073142166666667,52.0066045, 318.813, 12.3, -0.236051, 10773.97, -28877.79, 40,0
1571838868.9501953, 400.0, -0.0,4.073118166666666,52.0066215, 318.809, 12.3, -0.82618, 10775.8, -28879.38, 40,0
1571838869.372145, 400.0, -0.0,4.073094,52.0066385, 318.803, 12.2, -0.885192, 10777.77, -28881.11, 40,0
1571838869.7824645, 400.0, -0.0,4.073065333333333,52.00665866666667, 318.798, 12.1, -0.432761, 10780.05, -28883.1, 40,0
1571838870.2005382, 400.0, -0.0,4.073041333333333,52.0066755, 318.798, 12.1, 0.167203, 10781.92, -28884.74, 40,0
1571838870.6164641, 400.0, -0.0,4.073017833333333,52.00669216666667, 318.801, 12.0, 0.570457, 10783.78, -28886.36, 40,0
1571838871.0382912, 400.0, -0.0,4.072994,52.006708833333334, 318.804, 11.9, 0.226216, 10785.62, -28887.98, 40,0
1571838871.4651906, 400.0, -0.0,4.0729706666666665,52.006725333333335, 318.805, 11.9, 0.0786838, 10787.46, -28889.59, 40,0
1571838871.9009788, 400.0, -0.0,4.072940666666667,52.006746666666665, 318.805, 11.8, -0.0196709, 10789.82, -28891.65, 40,0
1571838872.3225718, 400.0, -0.0,4.072917666666667,52.00676266666667, 318.805, 11.7, 0.0786838, 10791.63, -28893.24, 40,0
1571838872.7441998, 400.0, -0.0,4.072895666666667,52.00677833333334, 318.806, 11.6, 0.137697, 10793.35, -28894.75, 40,0
1571838873.1732688, 400.0, -0.0,4.072866666666667,52.006798833333335, 318.806, 11.5, -0.177038, 10795.14, -28896.31, 40,0
1571838873.6153016, 400.0, -0.0,4.072844,52.00681466666666, 318.803, 11.4, -0.580293, 10797.36, -28898.25, 40,0
1571838874.0369375, 400.0, -0.0,4.0728215,52.0068305, 318.798, 11.4, -0.472103, 10799.19, -28899.86, 40,0
1571838874.4586406, 400.0, -0.0,4.072799333333333,52.00684616666667, 318.798, 11.3, 0.265558, 10800.87, -28901.32, 40,0
1571838874.908913, 400.0, -0.0,4.072771833333333,52.00686566666667, 318.803, 11.2, 0.973712, 10803.11, -28903.28, 40,0
1571838875.3305109, 400.0, -0.0,4.07275,52.006881, 318.809, 11.1, 0.432761, 10804.82, -28904.79, 40,0
1571838875.7521348, 400.0, -0.0,4.0727285,52.006896166666664, 318.808, 11.0, -0.580293, 10806.46, -28906.22, 40,0
1571838876.17495, 400.0, -0.0,4.072701333333334,52.00691533333333, 318.8, 10.9, -1.09174, 10808.57, -28908.07, 40,0
1571838876.599265, 400.0, -0.0,4.072685333333333,52.0069265, 318.795, 10.8, -0.481938, 10810.25, -28909.53, 40,0
1571838877.020161, 400.0, -0.0,4.072659166666667,52.006945, 318.796, 10.7, 0.52128, 10811.98, -28911.05, 40,0
1571838877.4417808, 400.0, -0.0,4.072638833333333,52.006959333333334, 318.801, 10.6, 1.04256, 10813.55, -28912.43, 40,0
1571838877.8671558, 400.0, -0.0,4.072612666666667,52.00697783333333, 318.808, 10.5, 1.01305, 10815.18, -28913.86, 40,0
1571838878.2835038, 400.0, -0.0,4.0725913333333335,52.006992833333335, 318.812, 10.4, 0.0295064, 10817.2, -28915.63, 40,0
1571838878.7119703, 400.0, -0.0,4.072571166666667,52.00700716666667, 318.806, 10.3, -1.26878, 10818.8, -28917.02, 40,0
1571838879.1336136, 400.0, -0.0,4.072550833333334,52.0070215, 318.798, 10.2, -0.796673, 10820.39, -28918.41, 40,0
1571838879.5553463, 400.0, -0.0,4.072531,52.007035333333334, 318.797, 10.1, 0.403254, 10821.95, -28919.78, 40,0
1571838879.984304, 400.0, -0.0,4.072507,52.007052333333334, 318.803, 10.0, 1.19009, 10823.57, -28921.2, 40,0
1571838880.4064279, 400.0, -0.0,4.0724875,52.007066, 318.812, 9.9, 0.708154, 10825.42, -28922.82, 40,0
1571838880.8294187, 400.0, -0.0,4.0724675,52.00708016666667, 318.812, 9.8, -0.383583, 10826.94, -28924.15, 40,0
1571838881.2510695, 400.0, -0.0,4.0724485,52.0070935, 318.807, 9.7, -1.0819, 10828.44, -28925.46, 40,0
1571838881.6694083, 400.0, -0.0,4.072425,52.00711, 318.8, 9.6, -0.93437, 10829.94, -28926.77, 40,0
1571838882.083258, 400.0, -0.0,4.072405666666667,52.00712383333333, 318.796, 9.6, -0.206545, 10831.42, -28928.07, 40,0
1571838882.5074546, 400.0, -0.0,4.072387666666667,52.0071365, 318.799, 9.5, 0.836015, 10833.26, -28929.68, 40,0
1571838882.9327407, 394.431, -0.0,4.072368166666666,52.00715016666667, 318.806, 9.5, 1.10157, 10834.73, -28930.96, 20,0
1571838883.3544807, 367.5, -0.0,4.072350166666666,52.007163, 318.813, 9.4, 0.767167, 10836.19, -28932.24, 20,0
1571838883.7874556, 367.5, -0.0,4.0723265,52.0071795, 318.816, 9.3, 0.186874, 10837.63, -28933.5, 20,0
1571838884.2077518, 367.5, -0.0,4.0723085,52.00719216666667, 318.813, 9.2, -0.658977, 10839.41, -28935.06, 20,0
1571838884.629417, 367.5, -0.0,4.0722906666666665,52.00720483333333, 318.806, 9.1, -1.22943, 10840.83, -28936.3, 20,0
1571838885.051133, 367.5, -0.0,4.072273666666667,52.00721683333333, 318.798, 9.0, -1.37697, 10842.23, -28937.53, 20,0
1571838885.475726, 367.5, -0.0,4.072251333333333,52.0072325, 318.791, 8.9, -0.481938, 10843.96, -28939.04, 20,0
1571838885.8966198, 367.5, -0.0,4.072233333333333,52.00724533333333, 318.794, 8.9, 1.37697, 10845.33, -28940.24, 20,0
1571838886.3232281, 367.5, -0.0,4.072216,52.0072575, 318.813, 8.8, 2.54739, 10846.7, -28941.44, 20,0
1571838886.74497, 367.5, -0.0,4.072198666666667,52.007269666666666, 318.826, 8.8, 1.11141, 10848.06, -28942.63, 20,0
1571838887.1712193, 367.5, -0.0,4.072177,52.007285, 318.825, 8.7, -1.04256, 10849.41, -28943.82, 20,0
1571838887.5896482, 367.5, -0.0,4.072161,52.00729616666667, 318.813, 8.7, -2.33101, 10851.1, -28945.29, 20,0
1571838888.0028503, 367.5, -0.0,4.072142666666666,52.007309166666666, 318.795, 8.6, -1.31795, 10852.49, -28946.51, 20,0
1571838888.4245102, 367.5, -0.0,4.072126333333333,52.007320666666665, 318.793, 8.6, 0.275393, 10853.77, -28947.63, 20,0
1571838888.8461602, 367.5, -0.0,4.0721091666666664,52.00733283333334, 318.799, 8.6, 1.26878, 10855.15, -28948.84, 20,0
1571838889.271999, 367.5, -0.0,4.072088,52.00734766666667, 318.808, 8.5, 1.2491, 10856.42, -28949.94, 20,0
1571838889.711189, 367.5, -0.0,4.072072333333334,52.007358833333335, 318.815, 8.5, 0.560622, 10858.06, -28951.38, 20,0
1571838890.1328537, 367.5, -0.0,4.072055166666667,52.00737083333333, 318.815, 8.5, -0.472103, 10859.37, -28952.53, 20,0
1571838890.5545282, 367.5, -0.0,4.072038833333333,52.00738233333333, 318.81, 8.4, -0.82618, 10860.68, -28953.67, 20,0
1571838890.991314, 367.5, -0.0,4.0720175,52.0073975, 318.805, 8.4, -0.590128, 10862.36, -28955.14, 20,0
1571838891.4123049, 367.5, -0.0,4.072000666666667,52.007409333333335, 318.803, 8.4, -0.0688483, 10863.65, -28956.28, 20,0
1571838891.8292725, 367.5, -0.0,4.0719845,52.007420833333335, 318.803, 8.3, 0.137697, 10864.94, -28957.41, 20,0
1571838892.2561884, 367.5, -0.0,4.071968666666667,52.007431833333335, 318.805, 8.3, 0.344241, 10866.18, -28958.49, 20,0
1571838892.672743, 367.5, -0.0,4.071948166666667,52.007446333333334, 318.808, 8.3, 0.511445, 10867.46, -28959.61, 20,0
1571838893.0940201, 367.5, -0.0,4.071931333333334,52.007458166666666, 318.812, 8.3, 0.462267, 10868.8, -28960.78, 20,0
1571838893.5129535, 367.5, -0.0,4.071915,52.007469666666665, 318.814, 8.2, -0.00983547, 10870.39, -28962.18, 20,0
1571838893.9350986, 367.5, -0.0,4.071899666666667,52.0074805, 318.812, 8.2, -0.432761, 10871.62, -28963.25, 20,0
1571838894.3684242, 367.5, -0.0,4.071879166666666,52.007495, 318.808, 8.2, -0.747496, 10872.89, -28964.36, 0,0
1571838894.8287823, 27.0833, -0.0,4.071863333333333,52.007506166666666, 318.802, 8.2, -0.501609, 10874.47, -28965.74, 0,0
1571838895.2504933, 25.7789, -0.0,4.071847333333333,52.0075175, 318.801, 8.1, 0.00983547, 10875.73, -28966.84, 0,0
1571838895.672087, 24.7597, -0.0,4.071826833333334,52.00753183333333, 318.803, 8.0, 0.491774, 10876.98, -28967.94, 0,0
1571838896.0998561, 23.5562, -0.0,4.0718111666666665,52.007543, 318.809, 8.0, 0.777002, 10878.52, -28969.29, 0,0
1571838896.516954, 22.6281, -0.0,4.071795333333333,52.007554, 318.813, 7.9, 0.442596, 10879.75, -28970.37, 0,0
1571838896.9374743, 21.9603, -0.0,4.07178,52.00756483333333, 318.814, 7.9, -0.0786838, 10880.97, -28971.43, 0,0
1571838897.3590055, 20.8839, -0.0,4.071764666666667,52.00757566666667, 318.812, 7.8, -0.481938, 10882.18, -28972.49, 0,0
1571838897.776123, 20.0743, -0.0,4.071745666666667,52.00758916666667, 318.808, 7.7, -0.590128, 10883.38, -28973.54, 0,0
1571838898.196513, 19.0799, -0.0,4.071730333333333,52.00759983333333, 318.805, 7.7, -0.167203, 10884.92, -28974.89, 0,0
1571838898.6277246, 18.3341, -0.0,4.071715166666666,52.007610666666665, 318.807, 7.6, 0.373748, 10886.1, -28975.92, 0,0
1571838899.0495477, 17.7919, -0.0,4.071700166666667,52.00762116666667, 318.811, 7.6, 0.560622, 10887.23, -28976.91, 0,0
1571838899.4714372, 16.9266, -0.0,4.0716855,52.0076315, 318.813, 7.5, 0.0196709, 10888.39, -28977.93, 0,0
1571838899.8904, 16.2588, -0.0,4.0716676666666665,52.007644, 318.81, 7.5, -0.747496, 10889.84, -28979.2, 0,0
1571838900.312531, 15.4635, -0.0,4.071652666666667,52.00765466666667, 318.802, 7.4, -0.963876, 10891.03, -28980.24, 0,0
1571838900.73923, 14.8648, -0.0,4.071638166666666,52.00766483333334, 318.798, 7.4, -0.285229, 10892.13, -28981.2, 0,0
1571838901.1592917, 14.4312, -0.0,4.071623833333334,52.007675, 318.8, 7.3, 0.855686, 10893.26, -28982.19, 0,0
1571838901.5773778, 13.7383, -0.0,4.0716055,52.007688, 318.808, 7.3, 1.37697, 10894.38, -28983.17, 0,0
1571838901.9948318, 13.1964, -0.0,4.071591333333333,52.007698, 318.816, 7.2, 0.757331, 10895.83, -28984.44, 0,0
1571838902.4221034, 12.5427, -0.0,4.071578,52.007707333333336, 318.816, 7.2, -0.531115, 10896.89, -28985.37, 0,0
