1597406416.6971369,4.972977333333334,-2.0938281666666665,38.9361,315.04,0.0
time,lat,lon,hdg,rpm,rsa
1597406416.9038603,4.972985833333333,-2.0938213333333335,38.9372,0.0,0.0
time,lat,lon,hdg,rpm,rsa
1597406417.1039705,4.9729996666666665,-2.0938103333333333,38.9384,315.04,0.0
time,lat,lon,hdg,rpm,rsa
1597406417.3536358,4.9730085,-2.0938033333333332,38.9396,315.04,0.0
time,lat,lon,hdg,rpm,rsa
1597406417.6016102,4.973017333333333,-2.0937961666666665,38.9417,315.04,0.0
time,lat,lon,hdg,rpm,rsa
1597406417.8094845,4.9730308333333335,-2.0937855,38.9428,315.04,0.0
time,lat,lon,hdg,rpm,rsa
1597406418.0814915,4.973039333333333,-2.0937785,38.9436,0.0,0.0
time,lat,lon,hdg,rpm,rsa
1597406418.2985692,4.973048166666667,-2.093771333333333,38.9443,315.04,0.0
time,lat,lon,hdg,rpm,rsa
1597406418.5011725,4.973056833333334,-2.0937643333333336,38.9444,315.04,0.0
time,lat,lon,hdg,rpm,rsa
1597406418.703391,4.9730655,-2.093757166666667,38.9449,0.0,-0.193322
time,lat,lon,hdg,rpm,rsa
1597406418.9946187,4.973078666666667,-2.0937465,38.9656,0.0,-3.55733
time,lat,lon,hdg,rpm,rsa
1597406419.19707,4.973087666666666,-2.0937391666666665,39.013,315.04,-5.93532
time,lat,lon,hdg,rpm,rsa
1597406419.4011068,4.973096166666666,-2.093732166666667,39.0977,315.04,-8.178
time,lat,lon,hdg,rpm,rsa
1597406419.6214545,4.973109833333333,-2.093721,39.2292,315.04,-11.774
time,lat,lon,hdg,rpm,rsa
1597406419.8952,4.9731185,-2.093714,39.5129,0.0,-14.0747
time,lat,lon,hdg,rpm,rsa
1597406420.0953038,4.9731315,-2.0937035,39.7741,0.0,-17.4774
time,lat,lon,hdg,rpm,rsa
1597406420.2998266,4.973136,-2.0936998333333334,40.1124,315.04,-18.676
time,lat,lon,hdg,rpm,rsa
1597406420.5390267,4.9731491666666665,-2.0936891666666666,40.4945,315.04,-22.1754
time,lat,lon,hdg,rpm,rsa
1597406420.7982647,4.9731578333333335,-2.0936821666666665,41.1965,0.0,-24.4567
time,lat,lon,hdg,rpm,rsa
1597406421.0801947,4.9731708333333335,-2.093671666666667,41.7247,0.0,-27.956
time,lat,lon,hdg,rpm,rsa
1597406421.3000574,4.973179333333333,-2.093665,42.6402,315.04,-30.2567
time,lat,lon,hdg,rpm,rsa
1597406421.5305986,4.973192,-2.0936543333333333,43.3006,315.04,-33.7753
time,lat,lon,hdg,rpm,rsa
1597406421.797129,4.973200333333334,-2.093647333333333,44.3791,315.04,-35.0
time,lat,lon,hdg,rpm,rsa
1597406422.0029898,4.973208,-2.0936406666666665,45.1713,0.0,-35.0
time,lat,lon,hdg,rpm,rsa
1597406422.2038183,4.973216166666667,-2.0936335,45.9837,315.04,-35.0
time,lat,lon,hdg,rpm,rsa
1597406422.4426258,4.9732278333333335,-2.0936231666666667,46.7844,315.04,-35.0
time,lat,lon,hdg,rpm,rsa
1597406422.6974282,4.973235833333334,-2.093616,48.0895,315.04,-35.0
time,lat,lon,hdg,rpm,rsa
1597406422.9032326,4.9732433333333335,-2.0936091666666665,49.0306,0.0,-35.0
time,lat,lon,hdg,rpm,rsa
1597406423.1681104,4.973254833333334,-2.0935983333333334,49.9913,0.0,-35.0
time,lat,lon,hdg,rpm,rsa
1597406423.4029012,4.973261833333334,-2.0935915,51.4372,315.04,-35.0
time,lat,lon,hdg,rpm,rsa
1597406423.6257558,4.9732725,-2.093581,52.42,315.04,-35.0
time,lat,lon,hdg,rpm,rsa
1597406423.90101,4.973279833333334,-2.0935741666666665,53.9257,315.04,-35.0
time,lat,lon,hdg,rpm,rsa
1597406424.1737661,4.973289333333334,-2.0935638333333335,54.9449,315.04,-35.0
time,lat,lon,hdg,rpm,rsa
1597406424.3924549,4.973296166666667,-2.0935568333333334,56.4468,0.0,-35.0
time,lat,lon,hdg,rpm,rsa
1597406424.6001577,4.973302,-2.09355,57.4774,315.04,-35.0
time,lat,lon,hdg,rpm,rsa
1597406424.8008702,4.973308,-2.0935435,58.5131,315.04,-35.0
time,lat,lon,hdg,rpm,rsa
1597406425.081938,4.973316666666666,-2.093533,59.5101,315.04,-35.0
time,lat,lon,hdg,rpm,rsa
1597406425.294397,4.973323,-2.0935253333333335,61.1756,0.0,-35.0
time,lat,lon,hdg,rpm,rsa
1597406425.4995182,4.973328666666667,-2.0935181666666667,62.3003,315.04,-35.0
time,lat,lon,hdg,rpm,rsa
1597406425.7147827,4.9733366666666665,-2.093507333333333,63.3467,315.04,-35.0
time,lat,lon,hdg,rpm,rsa
1597406425.9841344,4.9733418333333335,-2.0935003333333335,64.4039,315.04,-35.0
time,lat,lon,hdg,rpm,rsa
1597406426.204158,4.973346666666666,-2.0934933333333334,65.9604,0.0,-35.0
time,lat,lon,hdg,rpm,rsa
1597406426.443314,4.973353333333334,-2.0934825,67.0177,0.0,-35.0
time,lat,lon,hdg,rpm,rsa
1597406426.6978629,4.973358,-2.093475166666667,68.5994,315.04,-35.0
time,lat,lon,hdg,rpm,rsa
1597406426.8989992,4.973362333333333,-2.0934678333333334,69.7356,315.04,-35.0
time,lat,lon,hdg,rpm,rsa
1597406427.1025305,4.9733665,-2.0934605,70.7977,0.0,-35.0
time,lat,lon,hdg,rpm,rsa
1597406427.3490078,4.973372166666667,-2.0934493333333335,71.8407,0.0,-35.0
time,lat,lon,hdg,rpm,rsa
1597406427.6004927,4.973375833333334,-2.0934418333333333,73.4461,315.04,-35.0
time,lat,lon,hdg,rpm,rsa
1597406427.8026314,4.9733795,-2.0934345,74.5005,315.04,-35.0
time,lat,lon,hdg,rpm,rsa
1597406428.0809932,4.9733845,-2.0934235,75.5532,315.04,-35.0
time,lat,lon,hdg,rpm,rsa
1597406428.293692,4.973387833333334,-2.0934165,77.13,0.0,-35.0
time,lat,lon,hdg,rpm,rsa
1597406428.4975471,4.973391166666667,-2.093409,78.1775,315.04,-35.0
time,lat,lon,hdg,rpm,rsa
1597406428.6974363,4.973394333333333,-2.0934018333333335,79.1529,315.04,-35.0
time,lat,lon,hdg,rpm,rsa
1597406428.89854,4.973397,-2.093395166666667,80.2049,0.0,-35.0
time,lat,lon,hdg,rpm,rsa
1597406429.1020699,4.9734,-2.093388,81.2447,315.04,-35.0
time,lat,lon,hdg,rpm,rsa
1597406429.3488858,4.973403833333333,-2.0933771666666665,82.237,315.04,-35.0
time,lat,lon,hdg,rpm,rsa
1597406429.5967171,4.973406166666667,-2.093369666666667,83.8008,315.04,-35.0
time,lat,lon,hdg,rpm,rsa
1597406429.7985473,4.973408333333333,-2.0933623333333333,84.8348,0.0,-35.0
time,lat,lon,hdg,rpm,rsa
1597406430.001037,4.973410166666667,-2.0933555,85.8721,315.04,-35.0
time,lat,lon,hdg,rpm,rsa
1597406430.2611465,4.9734126666666665,-2.093344666666667,86.8373,315.04,-35.0
time,lat,lon,hdg,rpm,rsa
1597406430.499391,4.973414,-2.0933371666666667,88.4122,315.04,-35.0
time,lat,lon,hdg,rpm,rsa
1597406430.7012122,4.973416,-2.093326333333333,89.3918,315.04,-35.0
time,lat,lon,hdg,rpm,rsa
1597406430.9281785,4.973416666666667,-2.0933225,90.4267,315.04,-35.0
time,lat,lon,hdg,rpm,rsa
1597406431.1729639,4.9734185,-2.0933118333333334,91.417,315.04,-35.0
time,lat,lon,hdg,rpm,rsa
1597406431.4021263,4.9734195,-2.0933048333333333,92.9088,315.04,-35.0
time,lat,lon,hdg,rpm,rsa
1597406431.6027038,4.973420666666667,-2.0932976666666665,93.9164,0.0,-35.0
time,lat,lon,hdg,rpm,rsa
1597406431.811269,4.973422,-2.093287,94.8969,0.0,-35.0
time,lat,lon,hdg,rpm,rsa
1597406432.018825,4.973422333333334,-2.0932836666666668,95.8664,315.04,-35.0
time,lat,lon,hdg,rpm,rsa
1597406432.2660513,4.973423333333333,-2.093273,96.8734,315.04,-35.0
time,lat,lon,hdg,rpm,rsa
1597406432.494593,4.973423666666667,-2.0932663333333332,98.291,0.0,-35.0
time,lat,lon,hdg,rpm,rsa
1597406432.703051,4.973423666666667,-2.0932595,99.3035,315.04,-35.0
time,lat,lon,hdg,rpm,rsa
1597406432.9920356,4.973423666666667,-2.0932488333333334,100.31,315.04,-35.0
time,lat,lon,hdg,rpm,rsa
1597406433.1962552,4.973423666666667,-2.093242,101.751,315.04,-35.0
time,lat,lon,hdg,rpm,rsa
1597406433.3999941,4.973423166666667,-2.093235,102.667,0.0,-35.0
time,lat,lon,hdg,rpm,rsa
1597406433.6062694,4.9734225,-2.0932283333333332,103.652,315.04,-35.0
time,lat,lon,hdg,rpm,rsa
1597406433.808688,4.973422,-2.0932181666666665,104.61,315.04,-35.0
time,lat,lon,hdg,rpm,rsa
1597406434.0808911,4.9734215,-2.093212,105.497,315.04,-35.0
time,lat,lon,hdg,rpm,rsa
1597406434.298767,4.973421166666666,-2.093205333333333,106.933,0.0,-35.0
time,lat,lon,hdg,rpm,rsa
1597406434.5002544,4.973420833333334,-2.093199,107.87,315.04,-35.0
time,lat,lon,hdg,rpm,rsa
1597406434.7003756,4.973419666666667,-2.093189,108.805,315.04,-35.0
time,lat,lon,hdg,rpm,rsa
1597406434.992389,4.973418833333334,-2.0931825,110.189,315.04,-35.0
time,lat,lon,hdg,rpm,rsa
1597406435.1962502,4.973418,-2.093176166666667,111.131,0.0,-35.0
time,lat,lon,hdg,rpm,rsa
1597406435.397546,4.973416666666667,-2.093169666666667,112.069,315.04,-35.0
time,lat,lon,hdg,rpm,rsa
1597406435.5997653,4.973415166666666,-2.0931633333333335,113.002,315.04,-35.0
time,lat,lon,hdg,rpm,rsa
1597406435.8045647,4.973413833333334,-2.0931573333333335,113.947,0.0,-35.0
time,lat,lon,hdg,rpm,rsa
1597406436.081187,4.9734110000000005,-2.0931478333333335,114.834,0.0,-35.0
time,lat,lon,hdg,rpm,rsa
1597406436.2972836,4.973409333333334,-2.0931416666666665,116.192,315.04,-35.0
time,lat,lon,hdg,rpm,rsa
1597406436.5008252,4.9734075,-2.0931355,117.128,315.04,-35.0
time,lat,lon,hdg,rpm,rsa
1597406436.70196,4.973405666666666,-2.0931296666666666,118.055,0.0,-35.0
time,lat,lon,hdg,rpm,rsa
1597406436.905095,4.973403666666667,-2.0931238333333333,118.973,315.04,-35.0
time,lat,lon,hdg,rpm,rsa
1597406437.1050935,4.973401666666667,-2.0931178333333333,119.85,315.04,-35.0
time,lat,lon,hdg,rpm,rsa
1597406437.351104,4.973398833333333,-2.093109166666667,120.734,315.04,-35.0
time,lat,lon,hdg,rpm,rsa
1597406437.593028,4.973396833333333,-2.0931033333333335,122.09,0.0,-35.0
time,lat,lon,hdg,rpm,rsa
1597406437.8053722,4.973394833333334,-2.0930975,123.028,315.04,-35.0
time,lat,lon,hdg,rpm,rsa
1597406438.0054286,4.973391166666667,-2.0930885,123.92,315.04,-35.0
time,lat,lon,hdg,rpm,rsa
1597406438.2607362,4.973389,-2.093083,124.785,315.04,-35.0
time,lat,lon,hdg,rpm,rsa
1597406438.5016427,4.973386166666667,-2.0930771666666668,126.152,0.0,-35.0
time,lat,lon,hdg,rpm,rsa
1597406438.7198052,4.973381666666667,-2.0930691666666665,127.025,0.0,-35.0
time,lat,lon,hdg,rpm,rsa
1597406439.0050497,4.973378666666667,-2.0930638333333333,127.895,315.04,-35.0
time,lat,lon,hdg,rpm,rsa
1597406439.2186663,4.973375666666667,-2.0930585,129.25,315.04,-35.0
time,lat,lon,hdg,rpm,rsa
1597406439.4429617,4.973371333333334,-2.0930508333333333,130.103,315.04,-35.0
time,lat,lon,hdg,rpm,rsa
1597406439.6938887,4.973368166666667,-2.0930453333333334,131.403,0.0,-35.0
time,lat,lon,hdg,rpm,rsa
1597406439.9007082,4.973365333333334,-2.093040333333333,132.313,315.04,-35.0
time,lat,lon,hdg,rpm,rsa
1597406440.1748402,4.973361,-2.0930328333333335,133.163,315.04,-35.0
time,lat,lon,hdg,rpm,rsa
1597406440.394478,4.973357833333333,-2.0930271666666664,134.56,315.04,-35.0
time,lat,lon,hdg,rpm,rsa
1597406440.5973797,4.973354666666666,-2.0930218333333332,135.443,0.0,-35.0
time,lat,lon,hdg,rpm,rsa
1597406440.8017735,4.9733513333333335,-2.0930168333333334,136.337,315.04,-35.0
time,lat,lon,hdg,rpm,rsa
1597406441.0768533,4.9733461666666665,-2.0930098333333333,137.149,315.04,-35.0
time,lat,lon,hdg,rpm,rsa
1597406441.3032327,4.973342166666667,-2.0930048333333335,138.499,315.04,-35.0
time,lat,lon,hdg,rpm,rsa
1597406441.503712,4.9733385,-2.0930003333333334,139.37,0.0,-35.0
time,lat,lon,hdg,rpm,rsa
1597406441.7178292,4.973332666666667,-2.092994,140.147,0.0,-35.0
time,lat,lon,hdg,rpm,rsa
1597406442.004755,4.973328666666667,-2.0929896666666665,141.409,315.04,-35.0
time,lat,lon,hdg,rpm,rsa
1597406442.206909,4.973322666666666,-2.0929836666666666,142.283,315.04,-35.0
time,lat,lon,hdg,rpm,rsa
1597406442.4136443,4.973320666666667,-2.0929815,143.163,0.0,-35.0
time,lat,lon,hdg,rpm,rsa
1597406442.6311796,4.973314833333333,-2.0929753333333334,143.979,0.0,-35.0
time,lat,lon,hdg,rpm,rsa
1597406442.9000301,4.973310833333334,-2.092971,145.281,315.04,-35.0
time,lat,lon,hdg,rpm,rsa
1597406443.169385,4.973305,-2.0929648333333333,146.124,315.04,-35.0
time,lat,lon,hdg,rpm,rsa
1597406443.3973489,4.973301,-2.0929606666666665,147.4,315.04,-35.0
time,lat,lon,hdg,rpm,rsa
1597406443.6000175,4.973296833333333,-2.0929565,148.261,0.0,-35.0
time,lat,lon,hdg,rpm,rsa
1597406443.8027377,4.9732925,-2.0929521666666666,149.127,315.04,-35.0
time,lat,lon,hdg,rpm,rsa
1597406444.0831974,4.973285833333334,-2.092946,150.042,315.04,-35.0
time,lat,lon,hdg,rpm,rsa
1597406444.2993968,4.973281,-2.092942,151.352,315.04,-35.0
time,lat,lon,hdg,rpm,rsa
1597406444.4995232,4.973274166666666,-2.0929366666666667,152.186,315.04,-35.0
time,lat,lon,hdg,rpm,rsa
1597406444.7017179,4.9732718333333334,-2.092935,153.055,315.04,-35.0
time,lat,lon,hdg,rpm,rsa
1597406444.9947984,4.973267166666667,-2.092931666666667,153.888,315.04,-35.0
time,lat,lon,hdg,rpm,rsa
1597406445.2218714,4.9732605,-2.0929268333333333,155.17,315.04,-35.0
time,lat,lon,hdg,rpm,rsa
1597406445.4588478,4.973253333333333,-2.092922166666667,155.994,315.04,-35.0
time,lat,lon,hdg,rpm,rsa
1597406445.6969616,4.973248666666667,-2.0929191666666664,157.252,0.0,-35.0
time,lat,lon,hdg,rpm,rsa
1597406445.8970242,4.9732415,-2.0929146666666667,158.085,0.0,-35.0
time,lat,lon,hdg,rpm,rsa
1597406446.0971043,4.973236666666667,-2.0929116666666667,158.904,315.04,-35.0
time,lat,lon,hdg,rpm,rsa
1597406446.3062658,4.9732346666666665,-2.0929105,159.708,0.0,-35.0
time,lat,lon,hdg,rpm,rsa
1597406446.5406344,4.973227333333333,-2.0929058333333335,160.526,0.0,-35.0
time,lat,lon,hdg,rpm,rsa
1597406446.8050601,4.9732225,-2.092903,161.789,315.04,-35.0
time,lat,lon,hdg,rpm,rsa
1597406447.0063992,4.9732148333333335,-2.0928986666666667,162.613,315.04,-35.0
time,lat,lon,hdg,rpm,rsa
1597406447.2113185,4.973212666666667,-2.092897333333333,163.464,0.0,-35.0
time,lat,lon,hdg,rpm,rsa
1597406447.4456122,4.973204666666667,-2.092893166666667,164.302,0.0,-35.0
time,lat,lon,hdg,rpm,rsa
1597406447.701733,4.973199666666667,-2.0928906666666665,165.531,315.04,-35.0
time,lat,lon,hdg,rpm,rsa
1597406447.907913,4.9731950000000005,-2.0928885,166.381,315.04,-35.0
time,lat,lon,hdg,rpm,rsa
1597406448.1086192,4.973187,-2.0928851666666666,167.23,315.04,-35.0
time,lat,lon,hdg,rpm,rsa
1597406448.3540907,4.973181833333333,-2.0928833333333334,168.05,0.0,-35.0
time,lat,lon,hdg,rpm,rsa
1597406448.6042686,4.9731768333333335,-2.0928815,169.311,315.04,-35.0
time,lat,lon,hdg,rpm,rsa
1597406448.813178,4.9731685,-2.0928786666666666,170.126,315.04,-35.0
time,lat,lon,hdg,rpm,rsa
1597406449.0759437,4.973163333333334,-2.092877,170.94,315.04,-35.0
time,lat,lon,hdg,rpm,rsa
1597406449.2769456,4.9731575,-2.0928751666666665,171.808,0.0,-35.0
time,lat,lon,hdg,rpm,rsa
1597406449.5419621,4.973152333333333,-2.0928733333333334,173.049,315.04,-35.0
time,lat,lon,hdg,rpm,rsa
1597406449.8245862,4.973144333333334,-2.0928706666666668,174.286,315.04,-35.0
time,lat,lon,hdg,rpm,rsa
1597406450.0785832,4.9731365,-2.092868,175.095,315.04,-35.0
time,lat,lon,hdg,rpm,rsa
1597406450.2965288,4.9731305,-2.0928661666666666,176.438,315.04,-35.0
time,lat,lon,hdg,rpm,rsa
1597406450.4975846,4.973125333333334,-2.092864666666667,177.261,0.0,-35.0
time,lat,lon,hdg,rpm,rsa
1597406450.7024019,4.9731205,-2.0928635,178.007,315.04,-35.0
time,lat,lon,hdg,rpm,rsa
1597406450.996972,4.973112833333333,-2.092861666666667,179.234,315.04,-35.0
time,lat,lon,hdg,rpm,rsa
1597406451.199055,4.973107,-2.0928608333333334,180.08,315.04,-35.0
time,lat,lon,hdg,rpm,rsa
1597406451.405192,4.9731015,-2.0928598333333333,180.909,0.0,-35.0
time,lat,lon,hdg,rpm,rsa
1597406451.6321342,4.973093166666667,-2.0928588333333336,181.696,0.0,-35.0
time,lat,lon,hdg,rpm,rsa
1597406451.8980713,4.9730875,-2.092858166666667,182.933,315.04,-35.0
time,lat,lon,hdg,rpm,rsa
1597406452.1015615,4.9730818333333335,-2.0928576666666667,183.773,315.04,-35.0
time,lat,lon,hdg,rpm,rsa
1597406452.3020065,4.973073333333334,-2.0928568333333333,184.593,315.04,-35.0
time,lat,lon,hdg,rpm,rsa
1597406452.5325332,4.973068166666667,-2.092856333333333,185.394,0.0,-35.0
time,lat,lon,hdg,rpm,rsa
1597406452.8060026,4.9730625,-2.092855833333333,186.684,315.04,-35.0
time,lat,lon,hdg,rpm,rsa
1597406453.0381696,4.973057,-2.0928553333333335,187.083,315.04,-35.0
time,lat,lon,hdg,rpm,rsa
1597406453.2821963,4.973049,-2.0928546666666668,188.305,315.04,-35.0
time,lat,lon,hdg,rpm,rsa
1597406453.5180323,4.9730438333333336,-2.0928543333333334,189.533,0.0,-35.0
time,lat,lon,hdg,rpm,rsa
1597406453.7478209,4.9730355,-2.0928541666666667,190.34,0.0,-35.0
time,lat,lon,hdg,rpm,rsa
1597406453.99989,4.97303,-2.0928541666666667,191.563,315.04,-35.0
time,lat,lon,hdg,rpm,rsa
1597406454.2052698,4.973024333333333,-2.0928541666666667,192.428,315.04,-35.0
time,lat,lon,hdg,rpm,rsa
1597406454.4498856,4.973015666666667,-2.0928546666666668,193.231,315.04,-35.0
time,lat,lon,hdg,rpm,rsa
1597406454.7042677,4.973010166666667,-2.092855,194.469,0.0,-35.0
time,lat,lon,hdg,rpm,rsa
1597406454.9846697,4.973001833333333,-2.092855833333333,195.258,0.0,-35.0
time,lat,lon,hdg,rpm,rsa
1597406455.195095,4.972996666666667,-2.0928565,196.463,315.04,-35.0
time,lat,lon,hdg,rpm,rsa
1597406455.4019644,4.972990833333333,-2.0928571666666667,197.316,315.04,-35.0
time,lat,lon,hdg,rpm,rsa
1597406455.6020463,4.9729825000000005,-2.0928583333333335,198.202,315.04,-35.0
time,lat,lon,hdg,rpm,rsa
1597406455.8074625,4.972977666666667,-2.092859,198.946,0.0,-35.0
time,lat,lon,hdg,rpm,rsa
1597406456.0145445,4.972975,-2.092859333333333,199.765,315.04,-35.0
time,lat,lon,hdg,rpm,rsa
1597406456.2151647,4.972969666666667,-2.0928601666666666,200.59,0.0,-35.0
time,lat,lon,hdg,rpm,rsa
1597406456.4542866,4.9729615,-2.092861666666667,201.421,0.0,-35.0
time,lat,lon,hdg,rpm,rsa
1597406456.7007651,4.972956333333333,-2.0928626666666665,202.644,315.04,-35.0
time,lat,lon,hdg,rpm,rsa
1597406456.9045486,4.972950833333333,-2.0928636666666667,203.465,315.04,-35.0
time,lat,lon,hdg,rpm,rsa
1597406457.1049511,4.972942333333333,-2.0928655,204.272,315.04,-35.0
time,lat,lon,hdg,rpm,rsa
1597406457.3560305,4.972937,-2.0928668333333333,205.079,0.0,-35.0
time,lat,lon,hdg,rpm,rsa
1597406457.603307,4.972931666666667,-2.092868166666667,206.308,315.04,-35.0
time,lat,lon,hdg,rpm,rsa
1597406457.8099732,4.9729236666666665,-2.0928705,207.116,315.04,-35.0
time,lat,lon,hdg,rpm,rsa
1597406458.0804608,4.9729185000000005,-2.0928721666666665,207.924,315.04,-35.0
time,lat,lon,hdg,rpm,rsa
1597406458.3011968,4.9729135,-2.0928738333333334,209.162,0.0,-35.0
time,lat,lon,hdg,rpm,rsa
1597406458.5299954,4.972905833333334,-2.0928765,209.965,0.0,-35.0
time,lat,lon,hdg,rpm,rsa
1597406458.8043716,4.972900833333333,-2.0928785,211.222,315.04,-35.0
time,lat,lon,hdg,rpm,rsa
1597406459.0864356,4.9728935,-2.0928815,212.01,315.04,-35.0
time,lat,lon,hdg,rpm,rsa
1597406459.3026466,4.9728885,-2.0928835,213.257,315.04,-35.0
time,lat,lon,hdg,rpm,rsa
1597406459.5318744,4.972881,-2.092886666666667,214.036,315.04,-35.0
time,lat,lon,hdg,rpm,rsa
1597406459.808097,4.972875666666667,-2.092889,215.266,0.0,-35.0
time,lat,lon,hdg,rpm,rsa
1597406460.0852847,4.972868166666666,-2.0928923333333334,216.07,0.0,-35.0
time,lat,lon,hdg,rpm,rsa
1597406460.2957542,4.972863333333334,-2.0928948333333333,217.288,315.04,-35.0
time,lat,lon,hdg,rpm,rsa
1597406460.4999828,4.972858333333333,-2.092897333333333,218.108,315.04,-35.0
time,lat,lon,hdg,rpm,rsa
1597406460.704031,4.972853333333333,-2.0928998333333335,218.941,0.0,-35.0
time,lat,lon,hdg,rpm,rsa
1597406460.9087944,4.972849,-2.0929023333333334,219.727,315.04,-35.0
time,lat,lon,hdg,rpm,rsa
1597406461.1779144,4.972841833333334,-2.0929065,220.555,315.04,-35.0
time,lat,lon,hdg,rpm,rsa
1597406461.3929272,4.972837166666666,-2.092909166666667,221.788,315.04,-35.0
time,lat,lon,hdg,rpm,rsa
1597406461.602147,4.972832333333333,-2.092912166666667,222.655,0.0,-35.0
time,lat,lon,hdg,rpm,rsa
1597406461.8065252,4.972825333333334,-2.0929165,223.466,0.0,-35.0
time,lat,lon,hdg,rpm,rsa
1597406462.0749245,4.972820666666666,-2.0929195,224.277,315.04,-35.0
time,lat,lon,hdg,rpm,rsa
1597406462.3008642,4.972816166666666,-2.0929225,225.492,315.04,-35.0
time,lat,lon,hdg,rpm,rsa
1597406462.5021005,4.972809333333333,-2.0929273333333334,226.302,0.0,-35.0
time,lat,lon,hdg,rpm,rsa
1597406462.7169428,4.972805,-2.0929306666666667,227.112,0.0,-35.0
time,lat,lon,hdg,rpm,rsa
1597406462.9848301,4.972800833333333,-2.092934,227.922,315.04,-35.0
time,lat,lon,hdg,rpm,rsa
1597406463.1934726,4.9727965,-2.0929373333333334,229.104,315.04,-35.0
time,lat,lon,hdg,rpm,rsa
1597406463.3952773,4.9727925,-2.0929408333333335,229.881,0.0,-35.0
time,lat,lon,hdg,rpm,rsa
1597406463.5985856,4.972788666666666,-2.092944166666667,230.7,315.04,-35.0
time,lat,lon,hdg,rpm,rsa
1597406463.8007712,4.972784666666667,-2.092947666666667,231.519,315.04,-35.0
time,lat,lon,hdg,rpm,rsa
1597406464.0047655,4.972778666666667,-2.0929526666666667,232.337,0.0,-35.0
time,lat,lon,hdg,rpm,rsa
1597406464.2608736,4.972774666666667,-2.0929561666666667,233.121,0.0,-35.0
time,lat,lon,hdg,rpm,rsa
1597406464.5035408,4.972770333333333,-2.0929596666666668,234.378,315.04,-35.0
time,lat,lon,hdg,rpm,rsa
1597406464.7135465,4.972764166666667,-2.092965,235.148,315.04,-35.0
time,lat,lon,hdg,rpm,rsa
1597406464.9829957,4.97276,-2.0929688333333334,235.958,315.04,-35.0
time,lat,lon,hdg,rpm,rsa
1597406465.194589,4.972755666666667,-2.092973,237.227,0.0,-35.0
time,lat,lon,hdg,rpm,rsa
1597406465.3991864,4.972752,-2.092976833333333,238.058,315.04,-35.0
time,lat,lon,hdg,rpm,rsa
1597406465.6061394,4.972748666666667,-2.092981,238.867,315.04,-35.0
time,lat,lon,hdg,rpm,rsa
1597406465.8083732,4.972745333333333,-2.092985166666667,239.636,0.0,-35.0
time,lat,lon,hdg,rpm,rsa
1597406466.082102,4.972740333333333,-2.0929915,240.445,0.0,-35.0
time,lat,lon,hdg,rpm,rsa
1597406466.3012211,4.972737166666667,-2.0929956666666665,241.659,315.04,-35.0
time,lat,lon,hdg,rpm,rsa
1597406466.5379887,4.9727325,-2.0930021666666665,242.462,315.04,-35.0
time,lat,lon,hdg,rpm,rsa
1597406466.7956073,4.9727295,-2.0930065,243.649,315.04,-35.0
time,lat,lon,hdg,rpm,rsa
1597406467.0003335,4.972726333333333,-2.093010666666667,244.492,0.0,-35.0
time,lat,lon,hdg,rpm,rsa
1597406467.2003925,4.9727215000000005,-2.0930173333333335,245.321,0.0,-35.0
time,lat,lon,hdg,rpm,rsa
1597406467.4459255,4.972718333333333,-2.0930216666666666,246.123,315.04,-35.0
time,lat,lon,hdg,rpm,rsa
1597406467.714567,4.972715166666667,-2.0930261666666667,247.328,315.04,-35.0
time,lat,lon,hdg,rpm,rsa
1597406468.0116417,4.972710333333334,-2.0930328333333335,248.15,315.04,-35.0
time,lat,lon,hdg,rpm,rsa
1597406468.2627158,4.972705666666666,-2.093039666666667,249.37,315.04,-35.0
time,lat,lon,hdg,rpm,rsa
1597406468.4962869,4.972702833333333,-2.0930441666666666,250.557,0.0,-35.0
time,lat,lon,hdg,rpm,rsa
1597406468.6977973,4.972699833333333,-2.0930488333333335,251.366,315.04,-35.0
time,lat,lon,hdg,rpm,rsa
1597406468.9034624,4.972697166666666,-2.0930536666666666,252.189,315.04,-35.0
time,lat,lon,hdg,rpm,rsa
1597406469.174474,4.9726935,-2.0930606666666667,252.985,315.04,-35.0
time,lat,lon,hdg,rpm,rsa
1597406469.4110448,4.972691333333334,-2.0930655,254.198,0.0,-35.0
time,lat,lon,hdg,rpm,rsa
1597406469.629983,4.9726894999999995,-2.0930701666666667,254.993,315.04,-35.0
time,lat,lon,hdg,rpm,rsa
1597406469.8335555,4.972686666666666,-2.0930778333333335,255.82,315.04,-35.0
time,lat,lon,hdg,rpm,rsa
1597406470.0368593,4.972685666666667,-2.0930803333333334,256.599,0.0,-35.0
time,lat,lon,hdg,rpm,rsa
1597406470.2711906,4.972683,-2.093087833333333,257.412,0.0,-35.0
time,lat,lon,hdg,rpm,rsa
1597406470.4933126,4.972681,-2.0930928333333334,258.647,315.04,-35.0
time,lat,lon,hdg,rpm,rsa
1597406470.7000883,4.972678666666667,-2.0930981666666666,259.48,315.04,-35.0
time,lat,lon,hdg,rpm,rsa
1597406470.9890387,4.9726755,-2.0931055,260.287,315.04,-35.0
time,lat,lon,hdg,rpm,rsa
1597406471.1958044,4.972673,-2.0931105,261.466,0.0,-35.0
time,lat,lon,hdg,rpm,rsa
1597406471.398811,4.972670833333334,-2.0931155,262.309,315.04,-35.0
time,lat,lon,hdg,rpm,rsa
1597406471.6008246,4.972668666666666,-2.0931206666666666,263.118,315.04,-35.0
time,lat,lon,hdg,rpm,rsa
1597406471.821501,4.972666833333333,-2.0931255,263.928,0.0,-35.0
time,lat,lon,hdg,rpm,rsa
1597406472.0843873,4.972664333333333,-2.0931333333333333,264.737,0.0,-35.0
time,lat,lon,hdg,rpm,rsa
1597406472.300702,4.972663,-2.0931383333333335,265.95,315.04,-35.0
time,lat,lon,hdg,rpm,rsa
1597406472.517342,4.972662166666667,-2.0931438333333334,266.723,315.04,-35.0
time,lat,lon,hdg,rpm,rsa
1597406472.7175379,4.972661166666667,-2.093151833333333,267.562,315.04,-35.0
time,lat,lon,hdg,rpm,rsa
1597406472.9905112,4.972660333333334,-2.093157,268.36,0.0,-35.0
time,lat,lon,hdg,rpm,rsa
1597406473.1998765,4.9726595,-2.0931623333333333,269.573,315.04,-35.0
time,lat,lon,hdg,rpm,rsa
1597406473.4002285,4.972658166666667,-2.093170166666667,270.35,315.04,-35.0
time,lat,lon,hdg,rpm,rsa
1597406473.6247103,4.972657333333333,-2.0931756666666668,271.176,315.04,-35.0
time,lat,lon,hdg,rpm,rsa
1597406473.8927066,4.972656333333333,-2.0931808333333333,272.365,0.0,-35.0
time,lat,lon,hdg,rpm,rsa
1597406474.0971332,4.972655166666667,-2.093186333333333,273.186,315.04,-35.0
time,lat,lon,hdg,rpm,rsa
1597406474.297477,4.972654166666667,-2.0931913333333334,274.008,315.04,-35.0
time,lat,lon,hdg,rpm,rsa
1597406474.5324636,4.972652833333333,-2.0931991666666665,274.775,315.04,-35.0
time,lat,lon,hdg,rpm,rsa
1597406474.7961276,4.972652166666666,-2.0932048333333335,276.007,0.0,-35.0
time,lat,lon,hdg,rpm,rsa
1597406474.9963384,4.972651666666667,-2.0932126666666666,276.801,0.0,-35.0
time,lat,lon,hdg,rpm,rsa
1597406475.2007122,4.972651166666667,-2.093215333333333,277.621,315.04,-35.0
time,lat,lon,hdg,rpm,rsa
1597406475.400735,4.972651166666667,-2.093223666666667,278.446,0.0,-35.0
time,lat,lon,hdg,rpm,rsa
1597406475.6040258,4.972651166666667,-2.093226,279.251,315.04,-35.0
time,lat,lon,hdg,rpm,rsa
1597406475.814225,4.972651166666667,-2.0932341666666665,280.003,315.04,-35.0
time,lat,lon,hdg,rpm,rsa
1597406476.0793006,4.972651666666667,-2.0932393333333335,280.773,315.04,-35.0
time,lat,lon,hdg,rpm,rsa
1597406476.3022144,4.972652,-2.0932443333333333,282.006,0.0,-35.0
time,lat,lon,hdg,rpm,rsa
1597406476.5385888,4.972652833333333,-2.093252666666667,282.797,0.0,-35.0
time,lat,lon,hdg,rpm,rsa
1597406476.7966592,4.972653333333334,-2.093258,284.025,315.04,-35.0
time,lat,lon,hdg,rpm,rsa
1597406477.0004902,4.972653333333334,-2.0932635,284.858,315.04,-35.0
time,lat,lon,hdg,rpm,rsa
1597406477.2581182,4.972653333333334,-2.0932713333333335,285.639,315.04,-35.0
time,lat,lon,hdg,rpm,rsa
1597406477.4993088,4.972653833333333,-2.0932766666666667,286.89,0.0,-35.0
time,lat,lon,hdg,rpm,rsa
1597406477.7113469,4.972654333333333,-2.093285,287.677,0.0,-35.0
time,lat,lon,hdg,rpm,rsa
1597406477.9883184,4.972654666666667,-2.093290666666667,288.517,315.04,-35.0
time,lat,lon,hdg,rpm,rsa
1597406478.1939936,4.9726555,-2.0932958333333334,289.692,315.04,-35.0
time,lat,lon,hdg,rpm,rsa
1597406478.4013915,4.972656333333333,-2.0933011666666665,290.531,0.0,-35.0
time,lat,lon,hdg,rpm,rsa
1597406478.6192443,4.972658166666667,-2.093309,291.303,0.0,-35.0
time,lat,lon,hdg,rpm,rsa
1597406478.896238,4.972659666666667,-2.0933145,292.522,315.04,-35.0
time,lat,lon,hdg,rpm,rsa
1597406479.1006312,4.972661,-2.0933194999999998,293.346,315.04,-35.0
time,lat,lon,hdg,rpm,rsa
1597406479.3007843,4.9726626666666665,-2.0933248333333334,294.144,0.0,-35.0
time,lat,lon,hdg,rpm,rsa
1597406479.5380993,4.972664666666667,-2.093332333333333,294.921,0.0,-35.0
time,lat,lon,hdg,rpm,rsa
1597406479.797082,4.972665833333333,-2.0933376666666668,296.137,315.04,-35.0
time,lat,lon,hdg,rpm,rsa
1597406479.9972084,4.9726675,-2.093345333333333,296.944,315.04,-35.0
time,lat,lon,hdg,rpm,rsa
1597406480.200153,4.9726680000000005,-2.093348,297.778,0.0,-35.0
time,lat,lon,hdg,rpm,rsa
1597406480.4026167,4.972669166666667,-2.0933535,298.578,315.04,-35.0
time,lat,lon,hdg,rpm,rsa
1597406480.6253877,4.9726715,-2.0933611666666665,299.392,315.04,-35.0
time,lat,lon,hdg,rpm,rsa
1597406480.9097958,4.972673333333333,-2.0933661666666668,300.573,315.04,-35.0
time,lat,lon,hdg,rpm,rsa
1597406481.1227908,4.9726755,-2.0933713333333333,301.404,0.0,-35.0
time,lat,lon,hdg,rpm,rsa
1597406481.3541048,4.972678833333333,-2.0933788333333334,302.208,0.0,-35.0
time,lat,lon,hdg,rpm,rsa
1597406481.6003733,4.972681,-2.0933835,303.412,315.04,-35.0
time,lat,lon,hdg,rpm,rsa
1597406481.8054538,4.972684833333333,-2.0933908333333333,304.208,315.04,-35.0
time,lat,lon,hdg,rpm,rsa
1597406482.0791087,4.972687333333333,-2.0933955,305.019,315.04,-35.0
time,lat,lon,hdg,rpm,rsa
1597406482.2957182,4.9726894999999995,-2.0934001666666666,306.199,0.0,-35.0
time,lat,lon,hdg,rpm,rsa
1597406482.502381,4.972691833333333,-2.093405166666667,307.031,315.04,-35.0
time,lat,lon,hdg,rpm,rsa
1597406482.717693,4.972695,-2.093412333333333,307.838,315.04,-35.0
time,lat,lon,hdg,rpm,rsa
1597406482.9922676,4.972697166666666,-2.0934171666666668,308.61,315.04,-35.0
time,lat,lon,hdg,rpm,rsa
1597406483.1965117,4.9726995,-2.0934221666666666,309.826,0.0,-35.0
time,lat,lon,hdg,rpm,rsa
1597406483.4012308,4.972702,-2.0934268333333335,310.658,315.04,-35.0
time,lat,lon,hdg,rpm,rsa
1597406483.6259096,4.972706166666667,-2.093433833333333,311.435,315.04,-35.0
time,lat,lon,hdg,rpm,rsa
1597406483.8984404,4.972709166666666,-2.0934386666666667,312.662,315.04,-35.0
time,lat,lon,hdg,rpm,rsa
1597406484.1034265,4.972712,-2.093443166666667,313.473,0.0,-35.0
time,lat,lon,hdg,rpm,rsa
1597406484.303957,4.9727165,-2.093449833333333,314.251,0.0,-35.0
time,lat,lon,hdg,rpm,rsa
1597406484.5345333,4.972719666666666,-2.093454,315.03,315.04,-35.0
time,lat,lon,hdg,rpm,rsa
1597406484.7959006,4.972722833333333,-2.0934585,316.231,315.04,-35.0
time,lat,lon,hdg,rpm,rsa
1597406484.9999208,4.972726166666667,-2.0934625000000002,317.057,0.0,-35.0
time,lat,lon,hdg,rpm,rsa
1597406485.202205,4.972729333333334,-2.0934666666666666,317.876,315.04,-35.0
time,lat,lon,hdg,rpm,rsa
1597406485.4398096,4.972734333333333,-2.0934728333333332,318.668,315.04,-35.0
time,lat,lon,hdg,rpm,rsa
1597406485.694117,4.972737666666667,-2.093477,319.882,315.04,-35.0
time,lat,lon,hdg,rpm,rsa
1597406485.8998895,4.9727413333333335,-2.0934813333333335,320.72,0.0,-35.0
time,lat,lon,hdg,rpm,rsa
1597406486.173732,4.9727464999999995,-2.0934875,321.498,0.0,-35.0
time,lat,lon,hdg,rpm,rsa
1597406486.4002364,4.972749833333333,-2.093491833333333,322.733,315.04,-35.0
time,lat,lon,hdg,rpm,rsa
1597406486.6227665,4.9727551666666665,-2.0934981666666665,323.512,315.04,-35.0
time,lat,lon,hdg,rpm,rsa
1597406486.899626,4.9727586666666665,-2.0935023333333334,324.736,315.04,-35.0
time,lat,lon,hdg,rpm,rsa
1597406487.165309,4.972764333333333,-2.0935081666666666,325.536,315.04,-35.0
time,lat,lon,hdg,rpm,rsa
1597406487.393184,4.972768333333334,-2.093512,326.739,0.0,-35.0
time,lat,lon,hdg,rpm,rsa
1597406487.5958505,4.972772166666667,-2.0935155,327.56,315.04,-35.0
time,lat,lon,hdg,rpm,rsa
1597406487.800272,4.972776166666667,-2.0935188333333334,328.379,315.04,-35.0
time,lat,lon,hdg,rpm,rsa
1597406488.075914,4.972782166666667,-2.0935238333333333,329.131,315.04,-35.0
time,lat,lon,hdg,rpm,rsa
1597406488.2969687,4.9727863333333335,-2.0935271666666666,330.337,0.0,-35.0
time,lat,lon,hdg,rpm,rsa
1597406488.4972024,4.972792833333333,-2.093532,331.141,0.0,-35.0
time,lat,lon,hdg,rpm,rsa
1597406488.7124565,4.972797166666666,-2.0935353333333335,331.945,315.04,-35.0
time,lat,lon,hdg,rpm,rsa
1597406488.9905925,4.972801666666666,-2.093538666666667,332.789,315.04,-35.0
time,lat,lon,hdg,rpm,rsa
1597406489.1934242,4.972805666666667,-2.0935418333333335,333.956,0.0,-35.0
time,lat,lon,hdg,rpm,rsa
1597406489.394529,4.972812,-2.0935468333333334,334.761,315.04,-35.0
time,lat,lon,hdg,rpm,rsa
1597406489.5949278,4.972816333333333,-2.0935503333333334,335.568,315.04,-35.0
time,lat,lon,hdg,rpm,rsa
1597406489.7975512,4.9728185,-2.093552,336.375,0.0,-35.0
time,lat,lon,hdg,rpm,rsa
1597406489.9985316,4.972825,-2.0935568333333334,337.196,315.04,-35.0
time,lat,lon,hdg,rpm,rsa
1597406490.2618203,4.972829166666667,-2.0935598333333334,337.97,315.04,-35.0
time,lat,lon,hdg,rpm,rsa
1597406490.4955876,4.972834166666667,-2.093563,339.234,315.04,-35.0
time,lat,lon,hdg,rpm,rsa
1597406490.698186,4.972838833333333,-2.0935656666666667,340.06,0.0,-35.0
time,lat,lon,hdg,rpm,rsa
1597406490.8989873,4.972843666666667,-2.0935681666666666,340.865,315.04,-35.0
time,lat,lon,hdg,rpm,rsa
1597406491.171898,4.972850833333333,-2.0935716666666666,341.643,315.04,-35.0
time,lat,lon,hdg,rpm,rsa
1597406491.396331,4.972855833333333,-2.093574,342.861,315.04,-35.0
time,lat,lon,hdg,rpm,rsa
1597406491.5975914,4.972860666666667,-2.0935763333333335,343.678,0.0,-35.0
time,lat,lon,hdg,rpm,rsa
1597406491.7976468,4.9728655,-2.0935785,344.482,315.04,-35.0
time,lat,lon,hdg,rpm,rsa
1597406491.99773,4.972873,-2.093582,345.286,315.04,-35.0
time,lat,lon,hdg,rpm,rsa
1597406492.258015,4.972877666666667,-2.0935843333333333,346.058,315.04,-35.0
time,lat,lon,hdg,rpm,rsa
1597406492.5022984,4.9728821666666665,-2.0935865,347.281,0.0,-35.0
time,lat,lon,hdg,rpm,rsa
1597406492.7028654,4.972889666666667,-2.0935901666666665,348.088,315.04,-35.0
time,lat,lon,hdg,rpm,rsa
1597406492.9036682,4.972894666666667,-2.0935925,348.889,315.04,-35.0
time,lat,lon,hdg,rpm,rsa
1597406493.1039934,4.972899666666667,-2.0935946666666667,349.703,315.04,-35.0
time,lat,lon,hdg,rpm,rsa
1597406493.353239,4.972904333333333,-2.0935965,350.476,0.0,-35.0
time,lat,lon,hdg,rpm,rsa
1597406493.5968792,4.972909666666666,-2.0935985,351.698,315.04,-35.0
time,lat,lon,hdg,rpm,rsa
1597406493.7967813,4.972917333333333,-2.0936008333333334,352.49,315.04,-35.0
time,lat,lon,hdg,rpm,rsa
1597406493.9984403,4.97292,-2.0936015,353.302,0.0,-35.0
time,lat,lon,hdg,rpm,rsa
1597406494.1999645,4.972925333333333,-2.093602833333333,354.119,315.04,-35.0
time,lat,lon,hdg,rpm,rsa
1597406494.4004877,4.9729331666666665,-2.0936045,354.923,315.04,-35.0
time,lat,lon,hdg,rpm,rsa
1597406494.622731,4.9729383333333335,-2.0936056666666665,355.7,315.04,-35.0
time,lat,lon,hdg,rpm,rsa
1597406494.901986,4.9729434999999995,-2.0936068333333333,356.94,0.0,-35.0
time,lat,lon,hdg,rpm,rsa
1597406495.1737323,4.9729515,-2.0936086666666665,357.718,0.0,-35.0
time,lat,lon,hdg,rpm,rsa
1597406495.4011786,4.972956666666667,-2.09361,358.968,315.04,-35.0
time,lat,lon,hdg,rpm,rsa
1597406495.637702,4.9729643333333335,-2.093612,359.734,315.04,-35.0
time,lat,lon,hdg,rpm,rsa
1597406495.8944821,4.972969666666667,-2.0936131666666666,0.944679,315.04,-35.0
time,lat,lon,hdg,rpm,rsa
1597406496.0956914,4.972975,-2.0936143333333335,1.75203,0.0,-35.0
time,lat,lon,hdg,rpm,rsa
1597406496.3026485,4.972980333333333,-2.093615333333333,2.59254,315.04,-35.0
time,lat,lon,hdg,rpm,rsa
1597406496.5031114,4.972988666666667,-2.0936165,3.39238,315.04,-35.0
time,lat,lon,hdg,rpm,rsa
1597406496.721308,4.972993833333334,-2.0936171666666668,4.18537,315.04,-35.0
time,lat,lon,hdg,rpm,rsa
1597406496.9886672,4.9729995,-2.0936175,5.00435,0.0,-35.0
time,lat,lon,hdg,rpm,rsa
1597406497.202184,4.973004833333333,-2.093617666666667,6.23782,315.04,-35.0
time,lat,lon,hdg,rpm,rsa
1597406497.4029377,4.9730105,-2.0936178333333335,7.04242,315.04,-35.0
time,lat,lon,hdg,rpm,rsa
1597406497.6208973,4.9730185,-2.093618,7.82667,315.04,-35.0
time,lat,lon,hdg,rpm,rsa
1597406497.8969371,4.973023833333333,-2.093618,9.04688,0.0,-35.0
time,lat,lon,hdg,rpm,rsa
1597406498.171311,4.9730316666666665,-2.093618,9.79867,0.0,-35.0
time,lat,lon,hdg,rpm,rsa
1597406498.394907,4.973037,-2.093618,11.0211,315.04,-35.0
time,lat,lon,hdg,rpm,rsa
1597406498.6022267,4.973042333333334,-2.0936181666666664,11.8613,315.04,-35.0
time,lat,lon,hdg,rpm,rsa
1597406498.8022163,4.9730505,-2.0936181666666664,12.6348,315.04,-35.0
time,lat,lon,hdg,rpm,rsa
1597406499.0903027,4.973055666666666,-2.0936181666666664,13.4216,0.0,-35.0
time,lat,lon,hdg,rpm,rsa
1597406499.2970276,4.973061166666667,-2.093618,14.6519,315.04,-35.0
time,lat,lon,hdg,rpm,rsa
1597406499.5008197,4.973066833333333,-2.0936178333333335,15.4721,315.04,-35.0
time,lat,lon,hdg,rpm,rsa
1597406499.700713,4.973075,-2.0936171666666668,16.2922,315.04,-35.0
time,lat,lon,hdg,rpm,rsa
1597406499.9850144,4.973080333333334,-2.0936166666666667,17.0583,0.0,-35.0
time,lat,lon,hdg,rpm,rsa
1597406500.1939423,4.973085833333333,-2.0936156666666665,18.2743,315.04,-35.0
time,lat,lon,hdg,rpm,rsa
1597406500.4002216,4.973091,-2.0936148333333335,19.1003,315.04,-35.0
time,lat,lon,hdg,rpm,rsa
1597406500.6007962,4.9730965000000005,-2.0936138333333334,19.9127,0.0,-35.0
time,lat,lon,hdg,rpm,rsa
1597406500.8093913,4.973104166666666,-2.093612,20.719,0.0,-35.0
time,lat,lon,hdg,rpm,rsa
1597406501.0829105,4.973109333333333,-2.0936108333333334,21.5253,315.04,-35.0
time,lat,lon,hdg,rpm,rsa
1597406501.3011086,4.973114333333333,-2.0936098333333333,22.7281,315.04,-35.0
time,lat,lon,hdg,rpm,rsa
1597406501.5306296,4.973122333333333,-2.093608,23.5346,315.04,-35.0
time,lat,lon,hdg,rpm,rsa
1597406501.7951853,4.973127666666667,-2.0936068333333333,24.7173,0.0,-35.0
time,lat,lon,hdg,rpm,rsa
1597406501.9975424,4.973132666666666,-2.093605833333333,25.5302,315.04,-35.0
time,lat,lon,hdg,rpm,rsa
1597406502.2574012,4.973140833333334,-2.093604,26.3505,315.04,-35.0
time,lat,lon,hdg,rpm,rsa
1597406502.4994285,4.973146333333333,-2.0936026666666665,27.5613,315.04,-35.0
time,lat,lon,hdg,rpm,rsa
1597406502.7129052,4.973154,-2.0936005,28.3421,315.04,-35.0
time,lat,lon,hdg,rpm,rsa
1597406502.9889672,4.973159333333333,-2.093598666666667,29.1775,0.0,-35.0
time,lat,lon,hdg,rpm,rsa
1597406503.1999187,4.9731645,-2.0935968333333332,30.396,315.04,-35.0
time,lat,lon,hdg,rpm,rsa
1597406503.4026694,4.9731695,-2.0935948333333334,31.2098,315.04,-35.0
time,lat,lon,hdg,rpm,rsa
1597406503.6207943,4.973176666666666,-2.0935916666666667,32.0032,315.04,-35.0
time,lat,lon,hdg,rpm,rsa
1597406503.8967886,4.9731811666666665,-2.0935893333333335,33.199,0.0,-35.0
time,lat,lon,hdg,rpm,rsa
1597406504.099171,4.973186166666666,-2.093587,34.0177,315.04,-35.0
time,lat,lon,hdg,rpm,rsa
1597406504.299808,4.973191,-2.0935846666666666,34.8231,315.04,-35.0
time,lat,lon,hdg,rpm,rsa
1597406504.5352063,4.973198166666666,-2.0935813333333333,35.6015,315.04,-35.0
time,lat,lon,hdg,rpm,rsa
1597406504.80184,4.973203166666667,-2.0935791666666668,36.8362,0.0,-35.0
time,lat,lon,hdg,rpm,rsa
1597406505.0032125,4.973208333333333,-2.0935768333333336,37.656,315.04,-35.0
time,lat,lon,hdg,rpm,rsa
1597406505.2624564,4.9732156666666665,-2.093573666666667,38.4365,315.04,-35.0
time,lat,lon,hdg,rpm,rsa
1597406505.4963133,4.973220666666666,-2.0935713333333332,39.6557,315.04,-35.0
time,lat,lon,hdg,rpm,rsa
1597406505.6968431,4.973225666666667,-2.0935688333333333,40.4718,0.0,-35.0
time,lat,lon,hdg,rpm,rsa
1597406505.9929252,4.9732325,-2.093565,41.6723,0.0,-35.0
time,lat,lon,hdg,rpm,rsa
1597406506.1973126,4.9732373333333335,-2.0935621666666666,42.4939,315.04,-34.652
time,lat,lon,hdg,rpm,rsa
1597406506.4389632,4.973243666666667,-2.093557666666667,43.2715,315.04,-31.23
time,lat,lon,hdg,rpm,rsa
1597406506.6995778,4.973248166666666,-2.093554166666667,44.5001,315.04,-28.7747
time,lat,lon,hdg,rpm,rsa
1597406506.90046,4.973252333333333,-2.0935508333333335,45.2761,0.0,-26.474
time,lat,lon,hdg,rpm,rsa
1597406507.166893,4.9732585,-2.093546,46.0182,0.0,-23.052
time,lat,lon,hdg,rpm,rsa
1597406507.4031756,4.973262833333333,-2.0935426666666666,47.1455,315.04,-20.7127
time,lat,lon,hdg,rpm,rsa
1597406507.6202748,4.9732693333333335,-2.0935378333333334,47.8431,315.04,-17.252
time,lat,lon,hdg,rpm,rsa
1597406507.9009607,4.973273833333334,-2.0935345,48.8965,315.04,-14.874
time,lat,lon,hdg,rpm,rsa
1597406508.101004,4.973281,-2.0935296666666665,49.5815,315.04,-12.554
time,lat,lon,hdg,rpm,rsa
1597406508.3505602,4.9732856666666665,-2.0935265,50.2205,0.0,-8.9967
time,lat,lon,hdg,rpm,rsa
1597406508.5999057,4.973290166666667,-2.093523333333333,51.1317,315.04,-6.73467
time,lat,lon,hdg,rpm,rsa
1597406508.8011372,4.9732943333333335,-2.09352,51.7047,315.04,-4.47268
time,lat,lon,hdg,rpm,rsa
1597406509.0801277,4.9733005,-2.0935145,52.2308,315.04,-0.954013
time,lat,lon,hdg,rpm,rsa
1597406509.2942328,4.9733045,-2.0935105,52.9917,0.0,0.0
time,lat,lon,hdg,rpm,rsa
1597406509.4946191,4.973309833333333,-2.0935045,53.4597,0.0,0.0
time,lat,lon,hdg,rpm,rsa
1597406509.7001388,4.973311666666667,-2.0935021666666667,53.9237,315.04,0.0
time,lat,lon,hdg,rpm,rsa
1597406509.9005764,4.973317,-2.0934956666666666,54.3413,0.0,0.0
time,lat,lon,hdg,rpm,rsa
1597406510.1730592,4.973320333333334,-2.093491333333333,54.7301,0.0,0.0
time,lat,lon,hdg,rpm,rsa
1597406510.3963816,4.973324333333333,-2.093487,55.2931,315.04,0.0
time,lat,lon,hdg,rpm,rsa
1597406510.5985658,4.973328,-2.093483,55.6348,315.04,0.0
time,lat,lon,hdg,rpm,rsa
1597406510.800644,4.973332,-2.093479,55.9742,0.0,0.0
time,lat,lon,hdg,rpm,rsa
